1      -0.605230
2      -0.623198
3      -1.258454
4       0.915000
5      -1.222709
6       0.764385
7       0.786928
8       1.113952
9      -0.298511
10     -0.142533
11     -0.612382
12     -0.202006
13     -2.804068
14      1.017068
15     -0.371235
16      0.142812
17     -0.749215
18     -0.547879
19      0.762145
20      0.910506
21     -0.136625
22     -2.551259
23      1.175148
24     -0.407494
25     -0.278716
26     -0.414216
27     -0.343599
28      0.000699
29     -0.865243
30     -0.407556
31      0.032390
32      0.731766
33     -0.314009
34     -0.793013
35     -0.694131
36     -1.440126
37     -0.088039
38      0.419273
39     -0.080408
40      0.816095
41      0.817764
42     -0.599100
43      0.454401
44     -1.470789
45      2.518462
46      0.128922
47     -0.768660
48     -0.476494
49     -0.482037
50     -0.636578
51     -1.292110
52      1.529579
53      1.083337
54      1.990644
55      0.353128
56     -0.311260
57      1.041960
58      1.822796
59      1.099566
60      1.860155
61     -1.388641
62      0.075199
63     -1.978421
64     -0.335646
65     -0.932593
66     -0.264155
67     -0.505606
68      1.323216
69     -0.474960
70     -0.428736
71     -0.679506
72     -1.518109
73     -0.222244
74     -0.170431
75      1.224504
76      1.055852
77      0.293059
78     -0.868185
79     -1.495303
80      0.035056
81     -0.371099
82     -0.449696
83     -0.207533
84      1.487483
85      1.746690
86     -0.334550
87     -1.174428
88      1.029671
89      0.072445
90     -0.774891
91     -0.959927
92      0.269019
93      0.598836
94     -0.447279
95     -0.154115
96     -1.517590
97      0.098982
98      0.090916
99      1.316175
100    -0.542409
101    -0.082139
102    -0.124092
103    -0.076828
104    -0.569946
105     1.751146
106     0.654886
107     0.358367
108    -1.130149
109    -0.317932
110    -0.056918
111    -1.407741
112     2.461856
113     0.021659
114     3.080548
115    -0.329887
116    -0.330593
117    -0.198384
118     0.452198
119     0.979388
120     2.343514
121    -0.694874
122     0.888614
123    -1.332272
124     0.124167
125    -0.298672
126     0.448961
127    -1.126431
128     0.253434
129    -1.163723
130     0.528387
131    -0.307059
132    -0.799797
133    -0.380227
134    -0.574985
135     1.572077
136     2.128306
137     0.419553
138    -0.237884
139    -1.726393
140    -0.343416
141    -0.187984
142    -0.110825
143    -0.361200
144     2.200311
145    -0.256457
146     2.755411
147    -2.093010
148     1.607238
149    -0.014406
150    -0.305805
151    -1.047997
152     0.052735
153     1.006447
154     0.664415
155    -0.166244
156    -0.921726
157    -0.261306
158    -0.655232
159     1.367662
160     0.981831
161    -1.310931
162     0.108221
163    -1.439496
164     0.596234
165     1.891855
166     1.850806
167     0.796139
168    -0.348460
169     0.433184
170    -0.157283
171    -0.911047
172    -0.803701
173    -0.189545
174    -1.378898
175    -0.050508
176    -0.149618
177     0.449300
178    -0.420119
179    -1.233529
180     0.635771
181    -0.443542
182     0.502849
183    -0.394828
184     0.035786
185     1.466105
186     1.033777
187    -0.629034
188     0.021049
189     0.378564
190     0.666479
191     0.305511
192     0.052026
193    -1.157887
194    -0.147661
195     0.253928
196     2.130860
197     1.315353
198    -0.266124
199    -2.167179
200    -1.326305
201    -0.357853
202    -1.002888
203     0.033291
204     0.343568
205     2.349188
206     0.469194
207    -0.160669
208     1.451692
209     0.895025
210    -0.695507
211    -1.764594
212    -0.936805
213    -0.482255
214     0.675482
215     0.878920
216    -0.539659
217    -1.031068
218     0.375913
219     0.522093
220     1.536032
221    -0.023994
222     1.443682
223    -2.033176
224    -0.620135
225     0.288536
226     1.766287
227     0.158664
228    -1.282529
229     0.336026
230     0.396004
231    -0.603064
232     0.784791
233    -1.932712
234     0.661519
235    -0.573657
236     0.291991
237     0.133033
238    -0.929597
239    -2.122256
240    -0.328239
241     0.015249
242    -0.537930
243    -0.185695
244    -0.705038
245     0.584257
246     0.578062
247     0.002029
248    -1.214682
249     0.337021
250     1.520620
251    -0.069809
252     0.432300
253    -2.342480
254     0.042439
255    -0.254280
256     1.280631
257     0.646949
258    -0.203792
259    -1.408694
260     1.082162
261    -0.154789
262     0.001671
263    -0.085741
264     0.640810
265     1.967582
266     0.579370
267     0.156723
268     1.303216
269     1.980106
270    -0.274759
271    -0.252540
272     0.150943
273     0.134213
274    -1.080951
275    -0.514893
276    -1.385447
277     0.830695
278    -0.516600
279     0.730622
280     0.261575
281    -0.017392
282     0.877180
283    -1.951153
284    -1.472384
285     0.088320
286     3.520347
287    -0.320151
288    -0.606692
289     0.610157
290     0.550714
291    -0.184751
292    -1.455065
293    -0.123978
294    -0.483439
295    -1.920620
296     1.001945
297    -0.304089
298    -0.197232
299    -1.745326
300     0.062482
301     0.270102
302    -1.081759
303    -0.069958
304     0.635492
305    -0.739748
306     0.180263
307     0.878042
308    -1.919714
309    -0.326600
310     0.762315
311     0.619384
312     0.509897
313    -1.846481
314    -0.031408
315    -1.152988
316     1.172672
317     0.617131
318    -0.816937
319    -0.890554
320     0.174376
321     0.856780
322     0.000737
323     0.108011
324    -0.230454
325     1.512928
326     1.238777
327    -0.725577
328     1.838357
329     0.853336
330    -0.429096
331    -0.440647
332     0.237374
333    -0.168509
334    -1.514362
335     0.160851
336    -1.228301
337     0.884885
338    -0.843876
339     0.412099
340     0.480690
341    -0.072997
342    -0.008410
343    -1.794353
344    -1.554975
345     0.406093
346     2.575042
347     0.340669
348    -0.677356
349    -0.167016
350     1.511263
351     0.017896
352    -1.322915
353    -0.196570
354     2.036702
355    -2.076094
356     1.138836
357    -0.278543
358    -0.958840
359    -0.558961
360     1.692997
361     1.625283
362    -1.438163
363     1.832465
364     0.705399
365     1.267576
366    -2.071343
367     0.136551
368    -1.389854
369    -1.165126
370     0.482292
371     0.542345
372     0.013998
373    -0.087477
374    -0.237520
375    -0.517482
376     2.074806
377     0.287407
378    -0.193749
379    -0.656952
380     0.168821
381     0.365892
382     0.557996
383    -0.373940
384     0.712110
385     0.979490
386     0.898348
387    -0.471598
388     1.905576
389     0.337135
390     0.220488
391     0.752755
392    -0.229354
393     0.700612
394    -0.672771
395    -0.051147
396    -1.037963
397     1.100882
398    -1.086603
399     0.434601
400    -1.401371
401    -0.215083
402     1.051042
403    -2.072052
404    -1.047131
405    -0.570351
406     0.912168
407     0.579481
408    -1.021521
409    -0.391979
410     1.267477
411    -0.026682
412    -1.885057
413     0.225817
414     0.850734
415    -2.587166
416     0.659647
417     0.220325
418    -1.478373
419    -0.165259
420     0.673548
421     1.162904
422    -1.352380
423     1.162754
424     3.283067
425    -0.668005
426     0.818568
427    -0.078272
428     0.528231
429     0.353104
430    -0.119459
431     0.827603
432    -0.040229
433     0.088254
434     0.110362
435    -0.934112
436     1.365445
437     0.620767
438    -0.684317
439    -1.034377
440     0.398350
441     0.185615
442     0.005055
443    -0.145174
444     0.820265
445     0.309683
446     1.361518
447    -0.890320
448     1.203544
449     0.590473
450    -0.390705
451     1.212707
452    -0.971289
453    -0.317429
454    -0.775644
455    -0.325419
456     0.777367
457     0.971981
458    -1.774506
459     0.933153
460    -0.615651
461    -0.600366
462     0.865574
463    -2.121687
464    -0.024505
465    -1.461137
466     0.397023
467     0.814154
468    -1.325079
469     0.164817
470     0.105835
471    -0.287496
472    -1.734217
473    -0.390748
474     0.855824
475    -2.153321
476     1.368505
477    -1.276052
478    -1.531853
479    -0.473405
480     0.834652
481     0.247352
482    -1.263294
483     0.931951
484     0.650155
485     0.800918
486    -0.088178
487    -1.341870
488     0.585032
489    -0.042587
490    -0.667227
491     0.929372
492     0.698479
493     0.480405
494     0.065189
495     0.108463
496     0.702187
497     0.597766
498    -0.227191
499    -0.596815
500     0.160601
501     0.738854
502    -0.396951
503    -0.236179
504     1.095731
505    -0.324318
506     1.366988
507    -0.258135
508     1.682577
509     0.180970
510    -0.338138
511    -0.827599
512     0.065237
513    -0.309325
514    -0.409435
515    -0.384388
516     1.496168
517     2.938604
518    -1.996268
519    -0.028528
520     1.060553
521    -0.993325
522     0.191106
523    -2.644494
524    -0.147455
525    -1.706355
526    -0.133955
527     0.817920
528    -0.767068
529     1.470552
530    -0.158824
531     0.057025
532     0.568559
533    -0.679552
534     0.241998
535    -2.823988
536     1.104792
537    -2.072881
538     0.365705
539    -0.815499
540     0.278612
541     1.006668
542    -2.102687
543     0.332117
544     1.479033
545     0.859818
546     0.401431
547     0.498189
548     1.328099
549    -0.545558
550    -0.548308
551     1.565476
552     0.248925
553     0.302865
554    -0.202580
555     0.015595
556    -0.454729
557     0.866132
558    -0.020970
559    -0.344127
560     0.268111
561     0.230782
562     0.555804
563    -0.684823
564     1.570223
565     0.039220
566     1.922014
567    -0.028855
568     0.650861
569     0.507518
570    -0.352439
571     0.107654
572    -0.395382
573     0.309313
574     0.137256
575     0.168903
576     0.258942
577     1.848513
578    -2.861359
579    -0.262690
580    -0.449883
581    -1.531711
582     0.437065
583    -1.491431
584    -0.147519
585    -2.010423
586    -0.176456
587     0.967660
588    -0.752305
589     1.011193
590    -0.394323
591     0.185487
592    -1.175774
593    -1.074456
594     0.525522
595    -1.841867
596     2.292308
597    -0.916542
598    -1.154681
599    -1.351199
600     0.374380
601     0.069583
602    -1.691316
603    -0.202340
604     0.158785
605     1.784049
606    -0.067444
607     0.097733
608     1.444808
609    -0.237884
610    -0.025468
611     0.884313
612     0.286450
613     0.007847
614     0.796316
615     1.318750
616    -0.791511
617     1.171437
618     0.588225
619     0.315292
620    -0.441933
621     0.576681
622     0.011161
623    -0.919023
624     0.653343
625    -0.026328
626     1.688878
627    -0.060414
628     0.192123
629     0.990986
630     0.166744
631    -0.737811
632     0.671495
633     1.204094
634     0.491542
635    -0.782355
636    -0.762372
637     0.385846
638    -0.273237
639     0.547836
640     0.561991
641    -2.876488
642    -0.734372
643     0.204872
644    -1.350321
645    -1.394388
646    -0.727855
647     2.247549
648     0.433702
649    -0.185311
650     1.207331
651     0.541194
652     0.076149
653    -2.624694
654    -0.898009
655     0.069615
656     0.801418
657    -0.993744
658    -0.148257
659    -2.729214
660    -0.966052
661     0.253372
662    -1.174755
663    -2.054609
664    -0.017102
665     1.869078
666     0.613939
667     0.467860
668     0.730075
669     0.611316
670     1.172327
671    -0.482553
672     1.070712
673     0.483981
674     1.177576
675     0.484760
676     0.291337
677    -0.211375
678     1.380057
679     0.265191
680    -0.351067
681     0.214790
682     0.188495
683    -0.989500
684    -0.104736
685     1.546695
686     0.318937
687     0.744511
688     0.311192
689     0.744509
690     0.411280
691     0.232299
692     0.868587
693    -0.461331
694     0.766868
695    -1.466926
696    -1.070301
697     0.016535
698     0.417974
699     0.042475
700    -0.411610
701    -2.215401
702    -1.355692
703    -1.286749
704    -0.559299
705    -1.213993
706     0.461923
707     1.135078
708     1.228076
709     0.190474
710     0.521442
711     1.486501
712    -1.383477
713    -1.545989
714    -1.180768
715    -1.466832
716     2.075641
717     0.191245
718    -2.082778
719    -0.862032
720    -1.038232
721     0.234269
722    -2.970496
723    -0.456379
724    -0.911209
725     1.204314
726    -0.473139
727    -0.128314
728     0.165927
729    -0.591138
730     0.993088
731    -0.469953
732     0.087285
733    -0.133608
734     0.904839
735    -0.867664
736    -0.188249
737    -0.410906
738    -0.154381
739     0.107833
740     0.239709
741    -0.984640
742     0.407375
743     0.072560
744    -1.631581
745     0.954830
746    -1.536708
747     0.244649
748    -0.091769
749     0.220081
750     0.857209
751    -0.213047
752     0.561562
753     0.145535
754     0.650654
755    -2.079822
756    -0.984020
757    -0.052649
758     0.846676
759    -0.111289
760     0.485940
761    -1.128067
762    -0.913905
763     0.105667
764     0.187478
765     1.673896
766    -0.329556
767    -0.033226
768     0.032160
769    -0.357926
770     0.295555
771    -0.282606
772    -0.274879
773    -0.855871
774     0.996307
775    -0.520624
776     3.985125
777     2.364362
778    -0.737827
779     0.801221
780     1.049340
781     0.089117
782    -0.214577
783    -0.624651
784     0.092988
785    -1.812359
786    -1.052807
787    -0.261044
788     0.210099
789    -0.722919
790     1.257049
791     0.349195
792    -0.656626
793    -0.322108
794     0.436231
795    -0.524579
796    -0.304145
797     1.153398
798    -0.699163
799    -0.305664
800     0.692766
801    -0.406112
802    -0.167673
803     0.623776
804    -0.654605
805     1.233574
806    -0.904014
807    -0.510306
808    -0.071275
809     0.512279
810     0.446096
811     0.021922
812     0.618824
813    -0.757269
814     0.552097
815    -0.440015
816    -1.444697
817    -0.410525
818     1.335212
819     0.336210
820     0.124067
821    -1.298706
822    -0.467228
823     0.378694
824     0.365124
825     0.802152
826    -0.014319
827    -1.662151
828    -0.317876
829    -0.343788
830    -0.457713
831    -0.107358
832    -1.365688
833    -0.354472
834     3.521436
835     0.708394
836     2.652053
837     1.333543
838    -0.891673
839    -1.804949
840     2.506760
841     1.357567
842     1.374150
843    -0.055626
844     1.872461
845     1.086193
846    -1.516488
847     0.008210
848     0.067962
849     0.455257
850     0.876086
851     0.696896
852    -0.789384
853    -0.084550
854     0.713983
855    -0.133958
856    -1.355040
857    -0.654341
858    -0.666018
859    -0.240491
860     0.419462
861     0.173360
862    -0.896129
863    -0.189538
864    -0.651928
865     0.826862
866    -0.237644
867    -0.882800
868    -1.630168
869    -1.165367
870    -1.227774
871     0.172654
872     0.402066
873     0.430966
874     0.527419
875    -1.444025
876     0.515072
877    -0.697977
878     0.946467
879     0.232498
880    -0.781480
881    -3.349610
882     0.664731
883    -0.682421
884    -2.053681
885     1.590290
886     0.098035
887    -0.813076
888     0.022911
889    -0.162553
890     0.217464
891    -0.575706
892     0.787373
893     2.493154
894     1.173058
895    -0.795899
896     0.266529
897     0.736978
898     0.800044
899     1.222957
900     0.504561
901     0.329292
902     0.015943
903     0.775412
904     0.827204
905     0.250188
906     1.155608
907    -0.636841
908    -0.994172
909     0.737069
910    -0.148054
911    -1.359615
912     0.973605
913    -0.738149
914    -2.020540
915     0.547290
916     0.169069
917     1.117866
918    -2.014695
919    -0.676718
920     0.290849
921     1.437791
922     0.477617
923     1.455150
924    -2.080161
925    -0.171916
926    -1.881043
927     0.791309
928    -1.096178
929    -0.837554
930    -2.322251
931     0.302887
932     0.503205
933    -0.728427
934    -0.000455
935    -0.857050
936     1.314160
937     0.335646
938     1.697504
939    -1.527317
940    -0.155609
941    -0.885214
942     0.581540
943     0.579956
944     0.332064
945     0.155837
946     0.395730
947    -0.046364
948    -1.162689
949    -0.628256
950    -0.073502
951     0.663580
952     0.326667
953     1.875487
954     0.596827
955     0.688672
956     1.593622
957    -1.332962
958    -0.180562
959    -0.176824
960     1.438473
961    -0.747503
962    -1.328141
963     1.072871
964    -0.027608
965    -0.389413
966     1.277487
967    -0.157554
968     0.968204
969     0.656433
970    -0.794599
971    -0.230942
972     0.775952
973     0.673058
974     0.333610
975     0.850174
976     0.470131
977     0.116207
978    -2.089555
979    -0.401178
980     0.830072
981     1.457342
982     0.559599
983     1.007370
984    -2.354620
985    -0.695138
986    -1.597459
987     0.610050
988     0.189303
989    -1.120404
990    -2.344247
991     0.266813
992    -0.193811
993    -0.802388
994     0.274728
995    -0.670148
996     1.328435
997     0.405433
998     1.347248
999    -1.761072
1000    -0.894853
1001     1.364159
1002     0.333502
1003     0.542538
1004     0.758698
1005    -0.050179
1006    -0.623652
1007    -0.850672
1008    -1.358319
1009    -0.936452
1010    -1.182058
1011     0.866775
1012     0.036210
1013    -0.098410
1014     1.153496
1015     1.860040
1016     1.233961
1017    -1.190345
1018     0.000683
1019    -0.298074
1020     1.568210
1021    -0.438747
1022    -1.292702
1023    -0.126033
1024    -0.602536
1025    -0.861386
1026     1.018057
1027     0.222656
1028     1.477704
1029    -0.014034
1030     0.148024
1031     0.644674
1032     0.096348
1033    -0.242290
1034    -0.278810
1035    -0.348697
1036     0.265969
1037    -0.352898
1038    -2.273067
1039     0.861620
1040     2.374857
1041     0.192603
1042    -0.340376
1043     0.596677
1044    -0.699404
1045     0.111710
1046    -1.215265
1047    -0.621643
1048     0.571106
1049    -1.417084
1050    -2.553393
1051    -0.300498
1052    -0.738225
1053    -0.572435
1054    -0.567180
1055    -1.312501
1056     0.251217
1057    -0.269561
1058     1.169903
1059    -0.102846
1060    -0.044741
1061     2.380251
1062    -0.202169
1063     0.561774
1064     0.644567
1065     0.782891
1066     0.027084
1067    -0.790956
1068    -0.913987
1069    -1.041591
1070    -1.393179
1071    -0.205996
1072     0.099653
1073    -0.298161
1074     2.103959
1075     0.475425
1076     0.905599
1077     2.060994
1078     0.502499
1079    -0.243065
1080     2.127636
1081    -0.578723
1082     0.474874
1083     0.277101
1084    -0.848056
1085    -1.911899
1086     0.743572
1087    -0.312532
1088    -0.730573
1089    -0.806200
1090    -0.422583
1091     0.525918
1092    -0.475038
1093    -0.045254
1094     1.203346
1095    -0.165092
1096     1.512875
1097     0.080826
1098    -1.280118
1099     0.249904
1100     0.783661
1101    -0.777561
1102     0.120637
1103     0.717386
1104    -0.495530
1105    -0.516825
1106     0.286823
1107    -1.153968
1108     1.755622
1109     0.198600
1110    -1.231824
1111     0.141434
1112    -0.345251
1113    -0.104470
1114    -0.230906
1115     0.175507
1116     1.114076
1117     0.341117
1118     1.277506
1119     0.298067
1120     0.402080
1121     1.218606
1122    -0.237608
1123    -0.205786
1124     0.746932
1125    -0.337047
1126    -0.199216
1127    -0.322808
1128    -1.669155
1129    -0.612745
1130     0.296793
1131     0.928718
1132    -0.097133
1133    -2.532793
1134     1.833449
1135    -0.582030
1136    -3.358039
1137     1.477048
1138     0.128119
1139     1.214586
1140     2.061580
1141     0.712174
1142     2.881900
1143    -0.701858
1144     0.453181
1145    -0.186168
1146     0.730253
1147     0.045337
1148    -1.076247
1149     0.020475
1150     0.486993
1151     2.118435
1152    -1.125809
1153    -0.456003
1154    -0.112347
1155     0.137563
1156     0.102917
1157    -1.851026
1158     0.232049
1159     0.060167
1160    -0.302840
1161    -0.001998
1162    -0.345361
1163    -0.318636
1164    -0.296523
1165    -0.115643
1166     0.415622
1167    -0.719683
1168     0.430278
1169    -0.870421
1170    -1.189198
1171    -1.888560
1172    -2.013069
1173    -0.414114
1174     0.721904
1175     2.326191
1176    -0.252241
1177    -0.312288
1178    -0.093803
1179     0.607249
1180    -0.291680
1181    -0.119805
1182    -0.158659
1183     0.120280
1184     0.303895
1185     0.464806
1186     0.191965
1187    -0.259759
1188    -1.142052
1189     0.349042
1190     2.522059
1191    -0.621263
1192     0.273408
1193    -1.619769
1194     1.265071
1195     0.460006
1196    -1.573572
1197     0.998713
1198    -0.998118
1199    -0.170640
1200     2.167220
1201     0.857348
1202     3.319060
1203     0.066671
1204     0.148830
1205    -0.756462
1206     0.392863
1207    -0.304990
1208    -0.720244
1209    -0.325637
1210     0.592766
1211     3.077711
1212    -0.260970
1213    -0.323417
1214    -0.838384
1215    -0.163945
1216    -0.351364
1217    -0.831828
1218    -0.237573
1219    -0.305136
1220    -1.068891
1221    -0.434512
1222    -0.616416
1223    -0.593233
1224    -0.598400
1225    -0.063656
1226     0.359369
1227    -0.393892
1228     0.825336
1229     0.023188
1230    -0.356822
1231    -1.127983
1232    -1.727319
1233    -0.297924
1234     0.841875
1235     2.929422
1236     0.289451
1237    -0.123018
1238    -1.191368
1239     0.307710
1240    -0.341033
1241    -0.795678
1242    -0.415618
1243     0.020978
1244    -1.267082
1245     0.341236
1246     0.695883
1247    -0.044933
1248    -0.367251
1249     0.640432
1250     2.939054
1251    -0.004063
1252     0.002902
1253    -1.032296
1254     0.779707
1255     0.005378
1256    -1.050784
1257     0.458001
1258    -1.074714
1259    -0.729302
1260     1.220969
1261     1.231895
1262     2.658024
1263     0.020479
1264     0.687446
1265    -1.178170
1266     1.129936
1267    -0.802067
1268    -0.303139
1269    -0.695221
1270     1.686732
1271     2.432755
1272     0.144562
1273    -0.869733
1274    -0.802624
1275    -0.204584
1276    -1.252536
1277    -0.211134
1278    -0.765921
1279    -1.160697
1280    -0.287379
1281    -1.036759
1282    -0.586572
1283    -0.648107
1284    -0.416294
1285    -0.428898
1286    -0.164972
1287     0.017660
1288     0.339615
1289    -0.293288
1290    -0.177004
1291    -1.066508
1292    -0.523307
1293    -0.980301
1294     1.504027
1295     2.462368
1296     0.212952
1297    -1.069334
1298    -0.015679
1299    -0.669480
1300    -0.802447
1301    -0.203695
1302    -0.907914
1303     0.006005
1304    -1.407977
1305     0.561707
1306     0.302981
1307    -0.598358
1308     0.258541
1309     1.407253
1310     2.409416
1311     0.061697
1312     0.642150
1313    -1.221547
1314     1.185050
1315     0.653492
1316    -1.240280
1317     0.978551
1318    -0.422803
1319    -0.862908
1320     1.282340
1321     2.309526
1322     1.795361
1323     0.935162
1324    -1.127241
1325    -0.577980
1326     0.301666
1327    -1.096496
1328    -0.360110
1329    -1.040348
1330     2.227727
1331     3.170070
1332     0.674312
1333    -0.453319
1334    -0.478570
1335    -0.078696
1336    -0.265719
1337    -0.453151
1338    -0.162800
1339    -0.130054
1340    -0.202681
1341    -0.415302
1342    -0.352851
1343    -0.098359
1344    -0.338457
1345    -1.088180
1346    -0.086305
1347    -0.456832
1348     0.200988
1349     0.011497
1350    -0.377456
1351    -1.119434
1352    -0.510301
1353    -1.156508
1354     2.158120
1355     1.710295
1356     0.640244
1357    -0.276999
1358    -0.632478
1359    -0.215197
1360    -0.479362
1361    -0.623114
1362    -0.945126
1363    -0.125851
1364    -0.320497
1365     0.530656
1366    -0.430396
1367    -0.609550
1368    -0.250205
1369     2.209098
1370     1.723850
1371     0.613432
1372    -0.931965
1373    -0.727118
1374     0.368860
1375    -1.117740
1376    -0.842870
1377     0.135671
1378    -0.109852
1379    -1.887990
1380     1.236925
1381     1.479842
1382     2.235296
1383    -0.040014
1384     0.241059
1385    -0.853995
1386     0.966504
1387    -0.423469
1388    -0.634521
1389    -0.594762
1390     1.512558
1391     3.286388
1392    -0.170665
1393    -0.520153
1394    -0.167613
1395    -0.527846
1396    -0.620985
1397    -0.436387
1398    -0.336985
1399    -0.526369
1400    -0.945944
1401     0.412859
1402    -0.585805
1403     0.195763
1404    -0.803286
1405    -0.600514
1406    -0.162394
1407    -0.421103
1408    -1.101754
1409    -0.256068
1410    -0.060264
1411    -0.067515
1412    -1.200308
1413     0.284792
1414     0.936405
1415     2.518872
1416    -0.449659
1417    -0.543364
1418    -0.509228
1419    -0.474985
1420     0.200217
1421    -1.016284
1422    -0.380045
1423    -1.414567
1424     0.471665
1425    -0.225922
1426     1.335014
1427    -0.918604
1428     1.023937
1429     1.161866
1430     2.612327
1431    -0.600463
1432    -0.426115
1433    -1.236149
1434     0.859745
1435    -0.464872
1436    -1.185220
1437     0.520257
1438     0.428521
1439    -1.797595
1440     1.017906
1441     1.411682
1442     1.691611
1443    -0.830678
1444    -0.743528
1445    -0.560323
1446     0.622328
1447     0.858951
1448    -1.523541
1449     0.146785
1450     1.136422
1451     1.983558
1452    -0.688038
1453     0.101361
1454    -0.201876
1455    -0.446241
1456     0.090442
1457    -0.806707
1458     0.087499
1459     0.220303
1460    -2.059345
1461     1.012943
1462     0.160832
1463     1.115585
1464    -0.561253
1465     0.206877
1466     0.640248
1467     0.230733
1468    -0.348744
1469    -0.306191
1470     0.627863
1471     0.312364
1472    -0.608162
1473     0.804588
1474     1.411165
1475     0.769330
1476    -0.455966
1477     0.145797
1478    -0.866003
1479    -0.257756
1480     1.073762
1481    -1.041918
1482    -0.255684
1483    -2.896809
1484     1.978013
1485    -1.033726
1486     0.755718
1487    -0.833787
1488     0.512168
1489     1.576380
1490     1.157911
1491    -0.976949
1492    -1.838806
1493    -0.041206
1494     0.534536
1495    -1.749487
1496    -0.097750
1497     0.190646
1498    -1.884680
1499    -0.389448
1500     0.736202
1501    -0.643759
1502    -0.008643
1503    -1.308951
1504    -0.499232
1505    -0.120014
1506    -0.009327
1507     0.336443
1508    -2.775139
1509     0.184428
1510    -0.229465
1511     0.745035
1512    -0.387420
1513     0.241842
1514    -0.407330
1515     0.596859
1516     0.225156
1517    -1.095209
1518    -0.019276
1519     1.197830
1520    -1.182282
1521     0.566378
1522     0.274356
1523     1.100331
1524     0.259313
1525     0.536416
1526     0.916179
1527     0.410897
1528     0.140349
1529     0.025474
1530     1.368781
1531     0.423661
1532    -0.720432
1533     0.350845
1534     0.405017
1535    -0.500465
1536    -0.593720
1537     0.215500
1538    -1.150641
1539    -1.237027
1540     1.513510
1541    -1.324080
1542     0.083183
1543    -2.626665
1544     3.353888
1545     0.833081
1546     1.425322
1547    -0.384960
1548     0.120942
1549     1.028033
1550     0.190881
1551    -1.164734
1552    -1.295240
1553     1.156020
1554     0.292839
1555    -1.246210
1556     0.979137
1557     0.188311
1558    -1.422864
1559     1.202250
1560    -0.535404
1561    -0.619904
1562    -2.488674
1563    -0.520402
1564    -1.102286
1565     0.208266
1566    -0.950235
1567     0.358731
1568     0.655918
1569     0.375166
1570     0.424872
1571     0.165953
1572     0.176909
1573    -0.386181
1574    -2.295966
1575     0.390832
1576     0.727014
1577     0.307113
1578     0.031172
1579     0.536165
1580     1.254169
1581    -0.279493
1582     0.283577
1583    -1.029137
1584     0.946457
1585     0.180453
1586    -1.066413
1587     0.552785
1588    -0.259079
1589     0.279139
1590     0.573878
1591     0.710495
1592     0.640628
1593     0.179832
1594     0.560234
1595     0.843789
1596    -0.779673
1597     0.993195
1598     0.282777
1599    -0.854665
1600     1.785394
1601     0.203339
1602    -0.059722
1603    -2.971028
1604     0.739222
1605     1.114348
1606     1.361120
1607     1.048143
1608    -0.278621
1609     2.193439
1610     1.276891
1611    -0.242265
1612    -1.670490
1613    -0.197516
1614    -0.054449
1615    -1.330870
1616    -1.456980
1617     0.808811
1618    -1.774853
1619     0.629338
1620    -1.130663
1621    -0.086037
1622    -0.559539
1623    -0.576506
1624    -1.367749
1625    -0.545238
1626    -0.753197
1627     0.554349
1628     0.828446
1629    -0.554724
1630     0.752548
1631     1.061300
1632     0.636926
1633    -0.054526
1634    -0.792568
1635     0.918889
1636     0.910555
1637     0.788136
1638     0.533660
1639     0.297319
1640     0.469852
1641    -1.946835
1642     0.557152
1643    -0.646150
1644    -0.163864
1645     0.324034
1646    -0.703409
1647     0.885290
1648    -0.535430
1649    -0.117686
1650     1.589081
1651     0.675982
1652     0.303470
1653     0.352992
1654     0.246213
1655     0.222097
1656    -0.416915
1657     1.236034
1658     1.044502
1659    -0.083452
1660     1.374215
1661    -1.083335
1662    -0.157452
1663    -3.089081
1664     0.265544
1665     1.493640
1666     1.215373
1667     0.587795
1668    -1.886753
1669     2.284391
1670     0.888544
1671    -0.374365
1672    -1.910898
1673    -0.875567
1674    -0.191124
1675    -0.993478
1676    -0.612170
1677     0.999875
1678    -2.390967
1679    -0.524023
1680    -0.305168
1681    -0.138186
1682    -1.730576
1683    -0.754673
1684     0.070782
1685     0.314016
1686     0.170983
1687    -0.610670
1688     0.468308
1689    -1.039401
1690    -0.123465
1691    -0.047008
1692    -0.055471
1693     0.594031
1694     0.173125
1695     1.154072
1696    -0.293817
1697     0.611706
1698    -0.085665
1699     1.430770
1700     1.731669
1701    -0.431041
1702     0.769556
1703    -0.357396
1704    -0.093743
1705     0.456083
1706     0.010261
1707     0.770873
1708     0.532458
1709    -0.499898
1710     1.600472
1711     0.126033
1712     0.776366
1713     0.052339
1714     1.156490
1715     1.191265
1716     0.434815
1717     1.178020
1718    -0.427087
1719    -0.278630
1720     1.491700
1721     0.134039
1722     0.116231
1723    -2.572762
1724    -0.658845
1725     0.957257
1726     1.000633
1727     1.704031
1728    -1.280412
1729     1.370573
1730     0.244568
1731    -0.755400
1732    -2.700850
1733    -0.476413
1734    -0.560363
1735    -2.723539
1736    -1.828811
1737     0.105158
1738    -1.013839
1739    -1.333317
1740    -0.027400
1741    -0.999690
1742    -0.638776
1743    -1.117587
1744     0.463318
1745     0.016794
1746     0.378387
1747    -0.296979
1748     0.306765
1749    -0.041220
1750    -0.576793
1751     0.653821
1752    -0.723941
1753     1.097220
1754    -0.449025
1755     0.595416
1756    -0.234486
1757     0.879488
1758     0.789918
1759     1.553057
1760     1.888645
1761     0.246663
1762     0.064309
1763     0.361174
1764    -1.017189
1765     0.475774
1766    -0.131352
1767    -0.426878
1768     0.028073
1769    -0.535908
1770    -0.375189
1771     0.714421
1772     0.130291
1773    -0.082972
1774     1.499967
1775     1.023896
1776     0.382396
1777     0.379111
1778     0.778951
1779    -0.029168
1780     1.197983
1781     0.821662
1782     0.596403
1783    -1.991377
1784    -1.929962
1785     0.692724
1786     1.404393
1787     1.260197
1788     0.353484
1789     0.269340
1790     1.680812
1791    -0.066143
1792    -2.080874
1793    -1.562942
1794     0.339983
1795    -2.626017
1796    -1.964043
1797    -0.172774
1798    -0.340750
1799    -2.590487
1800    -0.322314
1801    -2.184623
1802    -1.581237
1803    -2.556778
1804    -0.534510
1805    -0.380665
1806     1.204712
1807     0.774184
1808     0.892049
1809     1.229835
1810    -0.674195
1811     0.778980
1812    -0.916675
1813     0.578056
1814    -0.628270
1815     2.114359
1816     0.566073
1817     1.409536
1818     0.549110
1819     0.149310
1820     1.203586
1821     0.129143
1822     0.218797
1823     0.701958
1824     0.229017
1825    -0.636715
1826    -0.626383
1827    -0.522747
1828     0.419111
1829    -0.093931
1830    -0.002718
1831     0.393838
1832     0.237938
1833     0.263373
1834     0.507635
1835     0.675642
1836     0.765743
1837     0.179779
1838     0.863017
1839     0.375234
1840    -0.102789
1841     0.124311
1842     0.085631
1843    -0.177798
1844    -1.744069
1845    -1.236091
1846     0.728348
1847     1.121173
1848     1.091123
1849     0.215026
1850     1.900483
1851     0.272855
1852    -1.256498
1853    -1.621595
1854    -1.677216
1855    -0.795925
1856    -1.280006
1857    -0.699208
1858     1.632899
1859    -1.952516
1860    -0.698702
1861    -1.642993
1862    -1.720926
1863    -1.735551
1864    -0.921230
1865    -0.030406
1866     2.125927
1867     0.477076
1868     1.163555
1869     0.644521
1870    -1.415826
1871    -0.102755
1872    -2.077927
1873    -0.357859
1874    -0.691028
1875     0.862706
1876     0.616574
1877     1.334168
1878     0.433517
1879     0.537223
1880     1.026917
1881     0.711571
1882     0.462570
1883    -0.671844
1884     0.523121
1885    -0.942492
1886    -0.566671
1887    -0.495797
1888     0.520710
1889    -0.407109
1890     0.192966
1891     0.606499
1892     1.126499
1893     0.612852
1894     0.528817
1895     0.789572
1896     0.763705
1897     0.453412
1898     0.115479
1899     0.800870
1900     0.280364
1901     0.071147
1902     1.011990
1903    -0.557073
1904    -0.956826
1905    -1.984008
1906     0.475438
1907     1.366000
1908     0.398948
1909     0.958231
1910     1.134200
1911     0.928773
1912    -0.374506
1913    -0.596238
1914    -0.774746
1915    -1.266082
1916    -0.612372
1917    -0.618139
1918     1.561147
1919    -1.771362
1920    -2.325298
1921     0.293359
1922    -0.707030
1923     0.391245
1924    -0.172993
1925     1.900386
1926    -0.279825
1927    -0.955915
1928    -0.350116
1929     0.343027
1930    -1.067938
1931    -0.971813
1932    -0.067265
1933    -0.833025
1934     0.039841
1935    -0.436127
1936    -0.866102
1937    -0.390343
1938     0.259557
1939    -1.013092
1940    -0.452850
1941     0.107680
1942    -0.409791
1943    -0.662236
1944     0.076229
1945    -0.926780
1946    -0.691290
1947     0.389366
1948    -0.219542
1949    -0.437320
1950     0.082814
1951    -0.510223
1952     0.560551
1953     0.138014
1954    -0.894736
1955    -0.638085
1956     0.288027
1957    -0.832232
1958    -0.704483
1959     0.187460
1960    -0.950090
1961    -0.519199
1962     0.123189
1963     2.200604
1964     1.060518
1965    -0.586539
1966    -1.037521
1967    -0.381687
1968     0.086636
1969    -0.562847
1970    -0.280670
1971     0.288332
1972     2.413582
1973     1.197878
1974     0.330174
1975     3.512398
1976     2.027740
1977     0.310763
1978     2.832886
1979     0.400206
1980    -2.032759
1981    -0.483905
1982    -0.874572
1983     0.797375
1984     0.025548
1985    -0.459130
1986    -1.548695
1987    -0.650308
1988    -0.095850
1989     1.091444
1990     0.399275
1991    -0.686160
1992     0.670504
1993    -0.455115
1994    -1.052500
1995    -0.581305
1996    -0.243345
1997    -0.107715
1998     0.927891
1999    -0.605290
2000    -0.342072
2001     0.816613
2002    -0.185504
2003    -0.206428
2004     0.558998
2005     0.186774
2006    -0.487474
2007     1.321940
2008    -0.260047
2009    -0.195116
2010     0.417923
2011    -0.388374
2012    -0.225463
2013     0.323797
2014    -0.149289
2015    -0.222656
2016     1.035123
2017    -0.469000
2018    -0.439497
2019     0.822721
2020    -0.541072
2021    -0.159785
2022     0.779911
2023     0.689917
2024     1.567745
2025    -1.771337
2026    -0.686257
2027     0.255137
2028     0.703368
2029    -0.269488
2030    -0.476967
2031     0.756850
2032     0.424996
2033     1.083154
2034    -1.186761
2035     0.984548
2036     1.363477
2037    -2.261091
2038     2.675937
2039     1.761871
2040    -3.675270
2041     0.562217
2042    -0.291627
2043     1.880021
2044    -2.246834
2045    -0.113982
2046    -0.125217
2047    -0.074006
2048    -0.421682
2049     0.084599
2050     0.684844
2051    -0.813397
2052     0.787037
2053     0.901867
2054    -0.177950
2055     0.190841
2056    -0.306031
2057    -0.586236
2058     0.338580
2059     0.204519
2060    -0.950947
2061    -0.154115
2062    -0.154003
2063    -0.359703
2064     0.719303
2065     0.665441
2066    -0.792362
2067     1.229617
2068    -0.297454
2069    -0.540716
2070     0.140977
2071    -0.001056
2072    -0.417041
2073    -0.190787
2074     0.822121
2075    -0.770459
2076    -0.762431
2077     0.233002
2078    -0.592794
2079     0.577429
2080     0.126324
2081    -0.382130
2082     0.183366
2083    -1.937823
2084     2.170794
2085     0.012858
2086    -0.580930
2087    -0.043336
2088    -0.248493
2089     1.759561
2090    -0.330659
2091    -0.193234
2092     0.881238
2093     0.587758
2094    -2.060141
2095    -1.691529
2096     2.344882
2097    -0.064829
2098     0.448532
2099     2.481586
2100    -2.345378
2101    -0.394093
2102    -0.136477
2103     1.094026
2104    -1.900803
2105     1.715965
2106    -0.020390
2107    -0.153401
2108    -0.082141
2109     0.035184
2110    -0.769808
2111    -0.920417
2112    -0.251724
2113     0.328067
2114    -0.352437
2115    -0.116288
2116     0.579770
2117    -1.687265
2118     0.451814
2119    -0.128691
2120     1.108303
2121     0.159101
2122    -0.614404
2123    -0.482771
2124     0.403939
2125    -0.102912
2126    -0.847006
2127     0.739223
2128     0.138037
2129    -1.089563
2130     0.156596
2131     0.476655
2132    -0.588771
2133     0.064345
2134     2.125487
2135    -1.800883
2136    -0.487023
2137    -0.213135
2138    -0.779039
2139     0.266810
2140     0.108721
2141    -0.265489
2142     0.163792
2143    -1.138712
2144     2.005949
2145     0.372823
2146    -0.170974
2147     0.404822
2148     0.068856
2149     2.067321
2150    -2.184590
2151    -0.662932
2152     0.145379
2153     2.352217
2154    -1.326798
2155    -1.311766
2156     1.927625
2157     0.113315
2158     0.929260
2159     1.701968
2160    -1.224667
2161     1.266875
2162     0.321078
2163     0.027890
2164    -2.126354
2165     0.371115
2166    -0.335935
2167     0.896038
2168     0.146746
2169    -0.786147
2170     0.862726
2171     0.708972
2172    -0.215735
2173     1.405322
2174     0.768119
2175    -0.156035
2176     0.667795
2177    -1.208683
2178     0.578741
2179     0.922169
2180     0.311766
2181    -1.165423
2182     1.364378
2183     0.320559
2184    -0.545390
2185     0.393732
2186    -1.129696
2187     0.483158
2188    -1.755849
2189    -0.646180
2190     1.473283
2191     1.987364
2192     0.671722
2193    -0.278743
2194     0.026000
2195    -1.188223
2196     0.912042
2197     1.941678
2198     0.271030
2199    -0.810001
2200     0.724076
2201     0.431795
2202     0.227928
2203    -2.306457
2204     0.114472
2205     0.008952
2206    -1.616522
2207     0.122753
2208     0.989977
2209    -0.713986
2210    -1.649514
2211     1.084920
2212    -1.612943
2213    -0.160279
2214    -1.372341
2215    -1.989992
2216     0.772802
2217     0.416554
2218    -0.336050
2219     0.649644
2220    -0.537694
2221     0.901407
2222     0.229886
2223     0.333248
2224    -1.471966
2225    -0.139743
2226    -0.436310
2227     2.066668
2228    -0.744952
2229    -0.399790
2230     2.266043
2231    -0.538459
2232    -0.052449
2233     2.147592
2234    -0.460754
2235    -0.086324
2236    -0.092639
2237    -0.873464
2238     0.085521
2239     1.630673
2240    -0.339464
2241    -0.536949
2242     0.745559
2243    -0.003579
2244    -0.331867
2245    -1.704111
2246     0.540271
2247    -0.492527
2248    -1.661117
2249    -0.030714
2250     0.931205
2251     2.576157
2252    -0.564240
2253    -0.179989
2254    -0.371247
2255    -0.286317
2256     0.868878
2257     1.601906
2258    -0.096081
2259    -0.309534
2260     0.543415
2261     0.522882
2262     0.571410
2263    -1.495945
2264     0.714538
2265     0.597854
2266    -1.273530
2267    -0.226313
2268     0.445350
2269    -1.900100
2270    -0.203135
2271     0.257399
2272    -2.000937
2273     1.396890
2274    -0.633032
2275    -1.660815
2276     1.035308
2277     0.307885
2278    -0.847015
2279     0.067439
2280    -0.939981
2281     1.740640
2282     0.286553
2283    -0.334183
2284    -0.853205
2285    -0.476523
2286    -0.550984
2287     2.810858
2288     0.083332
2289    -0.821229
2290    -2.209306
2291     0.205063
2292     0.676820
2293     1.534831
2294     0.034756
2295     0.369832
2296     0.690509
2297    -0.957582
2298    -0.412045
2299     1.250983
2300    -0.057971
2301    -0.138866
2302     0.766594
2303    -0.339601
2304    -0.219707
2305    -1.689947
2306    -1.012437
2307    -0.865303
2308    -1.555686
2309     0.466904
2310     1.218392
2311     1.801737
2312    -0.297118
2313     0.285904
2314    -1.710462
2315     1.276700
2316     1.758436
2317     2.559124
2318    -0.167738
2319    -1.093387
2320     0.658756
2321     0.096115
2322     0.443786
2323    -1.241056
2324     0.400875
2325     0.712722
2326    -0.387326
2327     0.126510
2328     0.288003
2329    -1.571125
2330    -0.227704
2331     0.414125
2332    -1.220652
2333     0.068851
2334    -1.123903
2335    -0.868314
2336     0.437304
2337    -0.019459
2338    -0.506952
2339     0.053712
2340    -0.588955
2341     2.386254
2342     0.268193
2343    -0.465543
2344     0.172208
2345    -0.875145
2346    -0.986026
2347     1.020032
2348     0.573803
2349    -0.747747
2350    -1.604292
2351    -0.017962
2352     0.634079
2353     1.582951
2354     0.258300
2355    -0.045196
2356     0.387470
2357    -0.652269
2358    -1.346534
2359     1.555453
2360    -0.019204
2361    -0.203151
2362     0.579509
2363    -0.133841
2364    -0.288622
2365    -1.492046
2366    -1.265059
2367    -0.392130
2368    -1.110168
2369     0.371537
2370     1.152330
2371     1.511518
2372     0.030062
2373    -0.132410
2374    -2.612340
2375     1.774217
2376     1.963307
2377     1.578347
2378     0.160881
2379    -0.585517
2380     1.451517
2381    -0.050555
2382    -0.080898
2383    -0.859544
2384     0.192666
2385     1.074780
2386    -2.289390
2387     0.672074
2388     0.411145
2389    -1.492043
2390    -0.068244
2391    -0.263028
2392     0.229900
2393    -0.829210
2394    -1.196886
2395    -0.226322
2396    -0.066939
2397     0.701976
2398    -0.769014
2399    -0.323305
2400     0.796073
2401     2.609806
2402    -0.460649
2403     0.177004
2404     0.108404
2405    -0.700343
2406    -0.105484
2407    -0.142833
2408    -0.421315
2409    -0.185707
2410    -1.644151
2411     1.165273
2412     0.731213
2413     1.394931
2414    -0.632146
2415    -0.132232
2416     0.795030
2417    -0.057932
2418     0.836716
2419     1.534903
2420    -0.608371
2421     0.138042
2422     0.393881
2423    -0.362351
2424    -0.051535
2425     0.160048
2426     0.324229
2427     0.658060
2428    -0.552517
2429     1.148778
2430     0.153174
2431     1.219851
2432    -1.104023
2433    -0.299093
2434    -2.693071
2435     1.133647
2436    -1.255097
2437     1.168711
2438    -0.617353
2439     0.063288
2440     1.311958
2441    -0.810803
2442     0.118612
2443    -0.863716
2444    -0.125106
2445    -0.339022
2446    -3.674823
2447     1.242131
2448    -0.318992
2449    -1.606308
2450     0.992109
2451    -0.729979
2452     1.248882
2453     0.149453
2454     0.732066
2455    -0.017309
2456    -0.124052
2457    -0.205479
2458    -0.751677
2459    -0.131175
2460     0.014446
2461     3.060932
2462     0.626875
2463     0.325363
2464    -1.028328
2465    -0.175175
2466    -0.371225
2467     0.508094
2468    -0.247233
2469    -0.125636
2470    -0.092509
2471     0.314270
2472     1.337865
2473     0.496668
2474     0.291996
2475    -0.437249
2476    -3.796611
2477    -0.240659
2478    -0.302528
2479     0.626257
2480     0.242852
2481    -0.217783
2482     0.513063
2483     0.022909
2484    -0.230688
2485    -3.024902
2486    -0.957316
2487    -1.010203
2488     0.724650
2489     0.081117
2490    -0.190574
2491     0.771387
2492     0.150536
2493    -0.056653
2494     0.571939
2495     0.584138
2496     0.462965
2497     0.475063
2498    -0.148407
2499    -0.382528
2500     0.770602
2501    -0.249945
2502    -0.155341
2503     0.662813
2504    -0.193629
2505     0.147907
2506    -0.683750
2507     0.195899
2508     1.420592
2509     1.009565
2510    -0.579883
2511    -0.215156
2512    -3.130806
2513     0.356624
2514    -0.111940
2515     1.062701
2516    -0.031337
2517    -0.148410
2518     0.503172
2519    -0.043631
2520     0.261222
2521     0.423913
2522     1.000318
2523     1.902672
2524    -0.508595
2525    -0.136850
2526    -1.063169
2527    -0.255353
2528    -0.580091
2529    -0.166471
2530     0.760821
2531    -0.716710
2532     1.694460
2533    -0.872806
2534    -0.299885
2535    -1.559083
2536    -0.443914
2537    -0.514120
2538    -0.703091
2539    -1.083781
2540     0.169230
2541    -0.594451
2542    -0.289501
2543     0.825610
2544     0.035918
2545    -1.009077
2546     2.429559
2547    -0.047602
2548    -0.127924
2549    -0.028776
2550    -0.499797
2551    -0.331634
2552    -0.303443
2553    -0.425412
2554     1.059605
2555    -0.864765
2556     0.148203
2557    -0.055413
2558     0.619279
2559    -0.509696
2560    -0.480441
2561     0.326947
2562     0.415292
2563     0.703073
2564    -1.240855
2565     0.052259
2566    -0.312032
2567    -0.667787
2568     1.756879
2569     1.089977
2570     0.222581
2571     0.634716
2572     0.110865
2573    -0.388761
2574    -1.097955
2575     0.807742
2576    -0.227045
2577    -0.460071
2578     0.814474
2579     0.375565
2580     0.486398
2581     0.074336
2582     0.547877
2583     1.294047
2584    -0.322374
2585     0.017528
2586    -0.834956
2587    -0.042668
2588     0.062687
2589     0.239035
2590     0.039512
2591    -1.041965
2592     0.650294
2593    -1.013426
2594    -0.953268
2595    -2.123113
2596     0.224470
2597     0.100049
2598     0.353622
2599    -0.885943
2600    -0.357537
2601    -0.144714
2602    -0.320709
2603    -0.506316
2604     0.008817
2605     0.309723
2606     0.326287
2607     2.014382
2608     0.261679
2609    -0.066055
2610    -0.387564
2611     0.408065
2612    -0.857892
2613     0.390775
2614     0.915711
2615    -0.084195
2616     0.114887
2617     0.026923
2618    -0.140155
2619    -0.386676
2620    -0.482170
2621    -0.418025
2622     0.180465
2623    -0.420605
2624     1.154069
2625    -1.378437
2626    -1.306234
2627    -0.883487
2628     0.299195
2629     1.246870
2630    -0.227726
2631     1.170088
2632     1.381594
2633     1.179665
2634     0.922811
2635    -0.322838
2636     0.987187
2637    -1.920806
2638     0.228085
2639     1.161273
2640    -0.462151
2641     0.916073
2642    -0.412129
2643    -0.380970
2644     0.846724
2645     0.207957
2646    -0.913915
2647    -0.517315
2648    -0.598817
2649    -0.240069
2650     0.759083
2651    -0.804797
2652     0.626384
2653    -0.424292
2654    -0.002797
2655    -0.554896
2656     0.232539
2657    -0.445215
2658     0.046284
2659    -0.158663
2660    -0.379159
2661    -0.124468
2662    -0.199698
2663    -0.510084
2664     0.082070
2665     0.215549
2666    -0.766976
2667     0.548637
2668     0.255988
2669    -0.115752
2670    -0.364311
2671     0.005102
2672    -0.979794
2673     0.168643
2674     0.280243
2675    -0.325981
2676     0.211071
2677     0.218739
2678    -0.686375
2679    -1.140269
2680    -0.650081
2681    -0.793803
2682    -0.082077
2683    -2.427467
2684     2.903587
2685     0.663786
2686    -0.217870
2687    -0.129933
2688     0.957751
2689     0.734395
2690    -0.800481
2691     0.444935
2692     1.420083
2693     0.446387
2694    -0.112104
2695    -2.093157
2696     3.442729
2697     1.238409
2698     0.804026
2699     0.751434
2700    -1.074892
2701     1.806764
2702    -1.760143
2703    -0.482625
2704     1.429933
2705    -1.983486
2706    -1.005110
2707    -0.537718
2708     0.137115
2709    -0.120800
2710    -0.364414
2711    -0.166213
2712     0.004426
2713    -0.856518
2714     0.177894
2715    -0.447717
2716    -0.827077
2717     0.133231
2718    -0.264827
2719    -0.696888
2720    -0.053364
2721    -0.341401
2722    -0.791750
2723    -0.044911
2724    -0.262696
2725    -1.072291
2726     0.055732
2727    -0.101233
2728    -0.488820
2729     0.303143
2730    -0.290040
2731    -0.584621
2732    -0.199985
2733    -0.132250
2734    -0.602067
2735     0.047649
2736    -0.279159
2737     0.792325
2738    -1.490222
2739    -0.997813
2740    -0.716666
2741     0.113845
2742    -0.054381
2743     0.701108
2744     2.479773
2745     2.300543
2746    -0.435867
2747    -0.074639
2748     0.199864
2749    -0.358578
2750    -0.213209
2751    -0.172438
2752     1.136616
2753     1.597888
2754     1.043648
2755     0.372031
2756     2.668418
2757     2.191141
2758     2.094497
2759    -1.728516
2760    -0.787132
2761     2.207614
2762    -1.668600
2763     0.550364
2764     0.625237
2765    -1.647341
2766     0.066354
2767    -0.958434
2768     0.352673
2769    -0.027830
2770    -0.826821
2771     0.025288
2772     0.464121
2773    -0.629872
2774     0.349912
2775    -0.407307
2776    -1.041413
2777     0.232717
2778     0.029449
2779    -0.566356
2780     0.103966
2781    -0.035036
2782    -1.076407
2783     0.107558
2784     0.509110
2785    -0.997294
2786     0.165126
2787     0.378939
2788    -0.339869
2789     0.418536
2790    -0.253091
2791    -0.886784
2792    -0.064750
2793     0.392376
2794     1.213601
2795    -0.220651
2796     1.121825
2797     0.403814
2798    -1.183189
2799    -0.927797
2800    -1.330251
2801     0.263742
2802     0.578998
2803     2.909838
2804     1.191109
2805    -1.370020
2806    -0.848003
2807     0.114035
2808     0.113656
2809    -1.071895
2810    -0.007001
2811     0.238758
2812     1.271352
2813     1.607056
2814     0.812913
2815     2.938485
2816     1.383330
2817    -0.895179
2818    -0.996543
2819    -1.523517
2820    -1.340603
2821     2.198247
2822    -0.150499
2823     1.256250
2824     0.366952
2825    -0.098493
2826     1.722118
2827    -1.001189
2828     0.723219
2829     0.402544
2830    -0.488296
2831     0.507591
2832     0.350667
2833    -0.563006
2834     0.883371
2835     0.150859
2836    -0.843456
2837     0.894476
2838     0.518483
2839    -0.175416
2840     0.724887
2841     0.170324
2842    -0.510908
2843     0.752549
2844     0.510401
2845    -0.313796
2846     0.752990
2847     0.188980
2848    -0.508113
2849     0.871295
2850     0.419272
2851    -0.490748
2852     0.637535
2853     0.541581
2854     1.774187
2855    -1.440953
2856    -0.923462
2857     0.901123
2858    -0.066273
2859    -0.742589
2860    -0.386768
2861     0.856021
2862     0.131078
2863     2.011977
2864    -3.411455
2865    -3.022881
2866    -0.502219
2867     0.558428
2868    -0.089764
2869    -0.532151
2870     0.639556
2871     0.070043
2872    -0.315957
2873    -0.885340
2874     0.193074
2875     0.616694
2876    -1.470319
2877    -0.928062
2878    -1.237156
2879    -1.278587
2880    -0.918916
2881     1.883664
2882    -0.136808
2883     1.090747
2884     0.724640
2885    -0.789343
2886     1.586391
2887     0.400333
2888    -0.107325
2889    -1.034201
2890    -0.139829
2891     0.165253
2892    -0.852650
2893     0.330928
2894     0.115410
2895    -0.794320
2896     0.665204
2897     0.132624
2898    -1.074370
2899     0.517836
2900     0.223397
2901    -0.772466
2902     0.872560
2903     0.285164
2904    -1.351789
2905     0.911242
2906    -0.243478
2907    -0.408243
2908    -0.384571
2909     0.318163
2910     0.445854
2911     0.893726
2912    -0.074538
2913    -0.935438
2914     0.181849
2915    -0.499321
2916    -0.882373
2917     0.762276
2918    -0.388800
2919    -0.630291
2920     0.650053
2921    -0.096100
2922    -0.555202
2923     0.323897
2924    -0.437351
2925     2.098319
2926    -0.645816
2927    -0.028873
2928     0.420355
2929    -0.103745
2930     0.016107
2931    -0.562147
2932    -1.713532
2933    -0.353534
2934     0.522451
2935    -2.263439
2936     1.684078
2937     2.327820
2938    -3.867277
2939     0.215274
2940     1.361553
2941     0.348311
2942     0.507493
2943    -0.279158
2944     0.589391
2945    -0.263973
2946     2.134757
2947     0.916641
2948     0.622191
2949     0.508591
2950    -0.725759
2951     0.015104
2952    -1.509691
2953     0.397082
2954     0.237050
2955    -0.194718
2956     0.945342
2957     0.522722
2958    -0.063845
2959     0.460585
2960     0.157815
2961    -0.458130
2962     1.030595
2963     0.669622
2964    -0.373593
2965     0.128970
2966     0.577469
2967    -0.431345
2968    -0.795821
2969    -0.674978
2970    -0.565107
2971     0.939279
2972     0.444137
2973    -0.002511
2974    -0.826774
2975     0.442991
2976    -1.107937
2977     0.284219
2978     0.535671
2979    -0.289133
2980     0.512924
2981     0.382632
2982     0.049708
2983    -0.763015
2984    -1.506058
2985    -0.521638
2986    -0.856851
2987    -0.817193
2988     0.098808
2989    -1.004368
2990     0.265319
2991    -1.317249
2992    -2.321248
2993    -0.871333
2994    -0.038532
2995    -1.454471
2996    -1.591716
2997    -0.030013
2998     2.194966
2999     0.345035
3000     4.390736
3001    -1.234866
3002    -0.794008
3003    -1.632843
3004    -0.568704
3005    -1.583682
3006     1.116642
3007     1.555564
3008     0.961302
3009     1.133465
3010    -1.044521
3011    -1.015953
3012    -2.141997
3013     1.323103
3014     0.813831
3015     0.442057
3016     0.693704
3017     1.322340
3018     0.249565
3019     0.529986
3020     1.188128
3021     0.025688
3022     0.755503
3023     0.989128
3024    -0.282186
3025     0.892632
3026     0.961449
3027    -0.034541
3028    -0.542330
3029    -0.452487
3030    -0.330610
3031     0.716893
3032     1.203394
3033     0.302375
3034    -1.254847
3035    -1.372676
3036    -2.222791
3037     0.521899
3038     0.921689
3039     0.046229
3040     1.517361
3041     0.691652
3042     0.662209
3043    -0.673759
3044    -0.404898
3045     0.106157
3046     0.142440
3047    -0.413180
3048     0.804074
3049    -1.036023
3050    -0.781002
3051    -1.853595
3052    -0.874166
3053    -0.376525
3054     0.715101
3055    -0.510646
3056    -0.663823
3057     0.978732
3058    -0.909224
3059    -1.194680
3060     1.916271
3061    -1.328450
3062    -0.681831
3063    -2.375743
3064    -0.504831
3065    -0.786533
3066     1.282190
3067     1.173601
3068     0.625463
3069     0.335507
3070    -1.343476
3071     0.650633
3072    -2.596894
3073     0.957278
3074     0.708551
3075    -0.158475
3076     0.868694
3077     0.539169
3078     0.599813
3079     0.694028
3080     0.373273
3081     0.431215
3082     0.885014
3083     0.535339
3084     0.371450
3085     1.070219
3086     0.531793
3087     1.087414
3088    -0.353923
3089    -0.627651
3090    -0.438736
3091     0.830078
3092     0.487662
3093     0.868989
3094    -1.623275
3095     0.414717
3096    -2.553908
3097     0.682410
3098     0.361172
3099     0.552343
3100     1.095349
3101     0.626146
3102     0.149258
3103    -0.238298
3104    -0.930665
3105     0.996245
3106     0.029167
3107    -0.734811
3108     0.169937
3109    -1.395458
3110     0.543630
3111    -2.431069
3112    -0.457111
3113    -0.967568
3114     1.510723
3115    -0.380529
3116    -0.943232
3117     1.136548
3118    -0.660488
3119    -0.725256
3120     1.063191
3121    -0.256170
3122     0.993670
3123    -1.935050
3124     0.862178
3125     0.170725
3126     2.081398
3127    -0.229525
3128    -1.478239
3129    -0.521851
3130    -0.353144
3131     1.636325
3132    -2.077267
3133    -0.475314
3134    -1.085067
3135    -0.973211
3136    -0.372422
3137    -0.731655
3138    -0.201447
3139    -0.538571
3140    -0.675237
3141    -0.262967
3142    -0.452867
3143    -0.493977
3144    -0.506919
3145     0.756640
3146     0.850369
3147     1.056213
3148    -0.011129
3149    -0.439807
3150    -0.193528
3151    -0.313411
3152    -1.029851
3153     0.290817
3154    -0.159324
3155     1.924129
3156    -1.863743
3157    -0.462413
3158    -0.968516
3159    -0.153042
3160    -0.276346
3161    -0.952868
3162    -0.593980
3163     0.746724
3164     0.139743
3165     1.618025
3166     0.682495
3167     0.850024
3168     0.581837
3169    -0.138188
3170     1.749171
3171    -1.771600
3172     0.790737
3173     0.267423
3174     2.257980
3175     0.879618
3176    -0.138962
3177     1.961274
3178    -0.679568
3179    -0.587399
3180     1.207062
3181     0.101922
3182     0.999321
3183    -1.111790
3184     1.072615
3185    -0.407887
3186     1.418262
3187    -0.840959
3188    -0.473161
3189    -0.846383
3190     0.276562
3191     0.699893
3192    -1.819726
3193    -0.881203
3194    -0.766347
3195    -0.530300
3196    -0.775191
3197    -0.258457
3198    -1.091694
3199    -0.926463
3200    -0.200764
3201     0.327901
3202    -0.755785
3203    -0.466879
3204    -0.822354
3205     0.714548
3206     1.089690
3207     0.156922
3208     0.347807
3209    -0.945085
3210    -0.309881
3211    -0.771752
3212    -0.424248
3213    -0.616474
3214     0.246826
3215     2.133111
3216    -0.859917
3217    -0.984336
3218    -0.109967
3219    -0.009888
3220    -0.757403
3221    -0.049117
3222     0.111039
3223     1.073399
3224    -0.751258
3225     1.402927
3226     0.530582
3227     1.602159
3228    -0.130542
3229     0.136699
3230     2.140620
3231    -1.119338
3232     1.123851
3233    -0.637176
3234     2.163780
3235     1.144855
3236    -0.934285
3237     1.899062
3238    -0.076575
3239    -2.240163
3240     1.788395
3241     0.539561
3242     2.655645
3243    -1.320386
3244     0.511559
3245     0.284510
3246     0.749589
3247     0.249810
3248    -0.749082
3249    -0.018432
3250     0.064243
3251     0.260171
3252    -1.294106
3253    -1.254878
3254    -2.146231
3255    -0.372459
3256     0.188368
3257     0.368553
3258    -0.413114
3259     0.012272
3260     0.076871
3261     0.798305
3262    -1.073153
3263    -2.036348
3264    -0.566622
3265    -0.078094
3266     0.328561
3267    -0.011345
3268     0.328013
3269    -0.888909
3270    -0.090293
3271    -0.945086
3272    -1.881778
3273    -0.343435
3274     0.047684
3275     2.697853
3276    -1.082638
3277    -0.725926
3278    -2.361890
3279     0.385743
3280    -0.025408
3281     0.203472
3282     0.565117
3283     0.291686
3284    -0.084491
3285     0.666201
3286     0.088693
3287     0.275496
3288     0.033943
3289     0.188248
3290     2.910595
3291    -1.225309
3292     0.663457
3293     0.126966
3294     1.401029
3295     0.357720
3296    -0.139955
3297     1.024783
3298     0.571232
3299     0.099991
3300     1.113429
3301     1.230442
3302     2.736051
3303    -0.972506
3304     0.175691
3305     0.638348
3306     0.547117
3307    -0.011488
3308    -0.609079
3309     0.094953
3310     0.926293
3311    -0.215009
3312    -0.757430
3313    -1.533778
3314    -2.089549
3315    -0.138717
3316     0.262954
3317     0.069466
3318    -0.637438
3319    -0.405474
3320     0.506262
3321     1.058929
3322    -1.487917
3323    -1.749328
3324    -0.247963
3325     0.034829
3326    -0.187651
3327    -0.545672
3328    -0.179691
3329    -0.707632
3330    -0.566249
3331    -1.667527
3332    -0.778776
3333     0.202506
3334     1.751979
3335     2.365183
3336     0.164210
3337    -1.213743
3338    -2.050821
3339     0.645136
3340     0.136888
3341    -0.325308
3342     0.433546
3343     0.332563
3344    -0.671169
3345     0.048399
3346    -0.235608
3347    -0.120374
3348    -1.242214
3349     1.542900
3350     2.692947
3351    -0.281746
3352    -0.121068
3353     0.845411
3354     0.980574
3355     0.200071
3356     0.047536
3357     1.120440
3358     0.261684
3359    -0.396507
3360     0.094126
3361     1.775351
3362     0.221054
3363    -0.033521
3364    -0.143407
3365     1.651208
3366    -0.165382
3367    -0.138677
3368    -1.580172
3369     0.499475
3370     1.302733
3371    -0.235680
3372    -0.587805
3373    -0.377877
3374    -1.361854
3375     0.464715
3376    -0.284182
3377    -0.129604
3378    -1.185499
3379    -1.621231
3380     1.577705
3381    -0.035428
3382    -0.621823
3383    -1.570326
3384     0.442307
3385    -0.754012
3386    -1.860831
3387    -0.772999
3388    -0.517305
3389     0.805567
3390    -1.827537
3391    -1.891964
3392    -0.083594
3393     0.012771
3394     1.622713
3395     1.576674
3396     0.283263
3397    -0.509944
3398    -1.639607
3399     1.223622
3400    -0.146016
3401     0.110773
3402     0.013256
3403     0.207289
3404    -1.122214
3405     0.151170
3406    -0.132510
3407    -0.821586
3408    -0.907979
3409     1.530753
3410     1.618423
3411     0.092475
3412     0.039316
3413     1.263674
3414     1.613508
3415     0.195232
3416     1.731159
3417     0.221454
3418     0.465560
3419    -0.150770
3420     0.498132
3421     1.043237
3422    -1.094699
3423    -1.552024
3424    -0.866495
3425     1.283455
3426    -0.388165
3427    -0.323365
3428    -0.610794
3429     0.862760
3430     0.838229
3431    -0.407394
3432    -0.275277
3433    -2.037727
3434     1.076940
3435     0.144245
3436    -0.141612
3437    -0.334865
3438    -0.711874
3439    -0.014385
3440     0.043999
3441    -0.193304
3442    -0.924379
3443     0.066801
3444     0.991934
3445     0.285899
3446    -1.450998
3447     0.107491
3448    -0.028547
3449    -0.405273
3450    -1.817197
3451    -0.248891
3452    -0.070948
3453     0.848789
3454     1.205049
3455    -0.353581
3456    -1.446397
3457    -0.834097
3458     0.213818
3459     1.686044
3460    -0.711129
3461     2.052706
3462     1.119062
3463     1.046067
3464    -0.508735
3465     1.158398
3466     0.755913
3467    -1.705812
3468    -0.826070
3469     0.620183
3470    -0.181028
3471    -1.796309
3472    -0.067762
3473     0.183644
3474     0.687757
3475    -1.167483
3476     2.899141
3477     0.369413
3478     1.571294
3479    -0.696376
3480     1.030723
3481     0.641615
3482    -0.881752
3483    -1.306880
3484    -0.543797
3485     0.352574
3486     1.042980
3487     0.242502
3488     0.771746
3489    -0.632371
3490     1.187992
3491     0.742768
3492    -1.027586
3493    -0.444103
3494     1.752293
3495     1.376311
3496    -0.211775
3497    -1.136289
3498     0.508411
3499     0.025856
3500    -0.017227
3501     0.356607
3502    -0.977059
3503    -0.183992
3504     0.978426
3505    -0.031939
3506    -0.882625
3507    -0.948872
3508     0.241981
3509    -0.494975
3510    -0.361963
3511    -0.676081
3512    -1.351765
3513     1.302126
3514     0.403183
3515    -1.067024
3516    -1.148801
3517    -1.066382
3518     0.102012
3519     0.606546
3520    -1.093080
3521     1.202424
3522     0.798740
3523     0.855050
3524    -0.580558
3525     1.504096
3526     0.117315
3527    -1.467019
3528    -1.653500
3529    -0.062820
3530    -0.531527
3531    -2.042700
3532    -0.045722
3533     0.754371
3534    -0.205549
3535     0.812621
3536     3.853586
3537     1.126661
3538     0.624645
3539    -0.937020
3540    -0.272682
3541     0.258237
3542    -0.413775
3543    -0.803679
3544    -0.087881
3545     0.876377
3546     1.864947
3547     0.222274
3548     0.510426
3549    -1.036922
3550    -0.243220
3551    -0.510603
3552    -2.002863
3553     2.167081
3554     1.074687
3555     1.187041
3556     0.136676
3557    -0.925597
3558     0.166631
3559    -0.481441
3560     0.143593
3561     0.245536
3562     0.273875
3563     0.217124
3564     1.336212
3565    -1.122501
3566    -0.957994
3567    -1.325897
3568    -0.361276
3569     0.079145
3570     0.571102
3571    -0.181729
3572    -0.339934
3573     2.648702
3574     0.234212
3575    -0.396178
3576    -0.151213
3577     0.220500
3578    -0.018555
3579     0.125265
3580    -0.422570
3581     1.141691
3582     0.726734
3583     0.523155
3584    -0.615619
3585     0.668741
3586    -1.368359
3587    -2.142470
3588    -2.439224
3589     0.429652
3590     0.062240
3591    -0.880828
3592    -0.698687
3593     0.045952
3594    -1.019202
3595     0.821420
3596     3.040751
3597     0.623949
3598    -0.319420
3599    -0.871260
3600    -0.505031
3601     1.355591
3602    -0.037266
3603    -1.911866
3604    -0.020405
3605     0.466924
3606     1.217114
3607     1.878487
3608     0.531001
3609    -0.881664
3610     1.185102
3611    -0.250394
3612    -2.863748
3613     0.266850
3614     0.724534
3615     0.543140
3616     0.182586
3617    -0.205065
3618     0.512229
3619    -1.331584
3620    -0.236703
3621     0.137501
3622    -0.076921
3623    -0.044290
3624     2.162555
3625    -0.966592
3626    -0.516079
3627    -1.434279
3628    -1.014712
3629    -0.333646
3630     0.851755
3631    -0.039123
3632    -0.144203
3633     1.490815
3634     1.000723
3635    -0.201037
3636    -1.956381
3637     0.070249
3638     0.087581
3639     0.914341
3640    -1.381890
3641     0.327422
3642     0.944677
3643    -0.434114
3644    -0.217634
3645     0.844665
3646    -0.704836
3647    -1.101340
3648    -0.417021
3649     1.053873
3650    -0.261200
3651    -2.053864
3652    -1.196425
3653     0.234246
3654    -0.450233
3655     0.861629
3656     1.766689
3657     1.541359
3658    -0.688488
3659    -0.589540
3660     0.808905
3661    -0.433452
3662    -0.597831
3663    -0.386109
3664     0.874340
3665    -0.206108
3666    -0.562176
3667    -0.336210
3668     0.961024
3669    -1.636480
3670     0.182142
3671    -0.088753
3672    -1.017712
3673     0.953341
3674     1.745905
3675     2.347197
3676    -0.811843
3677    -0.773994
3678    -1.686000
3679    -0.235191
3680     0.109170
3681     0.558011
3682     1.373088
3683     0.399973
3684     3.159794
3685    -0.176425
3686    -0.951076
3687    -0.506831
3688    -0.785915
3689     0.322739
3690     1.043564
3691     0.100952
3692    -0.908555
3693    -0.474937
3694     0.670164
3695    -0.540958
3696     0.489332
3697    -0.636407
3698     0.760627
3699     0.352845
3700    -0.484116
3701    -0.007203
3702    -0.201198
3703     0.257723
3704    -0.475278
3705    -0.303757
3706     0.133431
3707    -1.668462
3708    -2.128316
3709     0.338657
3710    -0.041499
3711     0.078579
3712    -0.177328
3713    -0.355339
3714    -1.090798
3715    -1.214781
3716     2.992999
3717     1.855588
3718     0.407832
3719    -0.677380
3720     0.109402
3721    -0.039844
3722     0.196742
3723     0.018583
3724     1.053751
3725     0.530422
3726     0.521584
3727     0.542231
3728     1.603331
3729     0.751797
3730     0.031234
3731     0.732666
3732    -1.410183
3733    -0.772262
3734     0.670040
3735     1.225729
3736     0.502102
3737    -0.330045
3738    -0.341324
3739    -0.978997
3740     0.137332
3741    -1.681066
3742     1.183156
3743    -2.282508
3744    -0.468963
3745    -1.766443
3746    -0.826236
3747     0.369083
3748     0.769853
3749    -1.725024
3750    -2.909956
3751     0.421983
3752    -0.347779
3753     0.675167
3754    -1.229800
3755    -0.505211
3756     1.129769
3757     0.066083
3758     0.875638
3759     1.435012
3760     0.318313
3761     0.737902
3762     1.163899
3763     0.176574
3764     0.168768
3765     0.433233
3766     0.539880
3767    -1.761830
3768    -0.608425
3769    -0.349918
3770     0.541676
3771    -0.464933
3772     0.337421
3773     0.046994
3774     1.013404
3775    -1.309551
3776     1.703555
3777    -2.088599
3778     0.504234
3779    -0.166432
3780     1.236189
3781    -0.282536
3782     1.012195
3783     0.099076
3784     0.131803
3785     0.845208
3786    -0.924381
3787     1.413756
3788     2.463427
3789     1.053887
3790     1.575681
3791     0.962961
3792    -0.570152
3793     0.166538
3794    -0.284278
3795     1.499918
3796    -0.103056
3797    -0.194387
3798    -1.515951
3799    -0.337667
3800    -0.092084
3801    -2.221220
3802    -0.670954
3803    -1.116251
3804     0.058065
3805    -1.273290
3806    -2.850377
3807     0.343984
3808     0.201162
3809    -0.326843
3810    -0.807675
3811    -0.234279
3812    -0.419877
3813    -0.128221
3814    -0.669965
3815    -0.829492
3816     3.011554
3817    -0.257590
3818    -0.767269
3819    -0.104947
3820     0.008764
3821     0.803426
3822     0.369058
3823     0.368389
3824    -0.292962
3825    -0.424153
3826    -0.772226
3827    -1.469991
3828    -1.196773
3829     0.284052
3830     1.590533
3831     1.023901
3832    -0.276539
3833     0.627742
3834     0.763339
3835     0.657684
3836     0.327396
3837    -1.221362
3838     0.070272
3839     0.010922
3840     0.892051
3841    -0.217033
3842     1.183540
3843    -0.356610
3844    -0.089644
3845     0.631965
3846    -0.878983
3847    -0.666072
3848     0.215556
3849    -0.957528
3850     0.346417
3851    -1.412655
3852    -0.655779
3853     2.265263
3854     3.056988
3855     1.822012
3856     0.192520
3857     0.992532
3858    -0.254312
3859    -0.528636
3860    -0.167013
3861    -1.853522
3862     0.127937
3863     0.559956
3864     1.802895
3865    -0.183221
3866    -1.023844
3867    -0.088386
3868    -0.230917
3869    -1.691190
3870    -0.554298
3871    -0.047624
3872    -0.547093
3873     1.187962
3874    -0.351990
3875     0.510236
3876    -0.077313
3877     0.366289
3878     0.618510
3879     1.815116
3880    -0.106114
3881     0.401068
3882    -0.429015
3883    -0.132418
3884    -2.081707
3885    -1.010074
3886    -0.442202
3887    -1.009523
3888    -0.669799
3889     0.084623
3890     1.243434
3891     0.748955
3892    -0.273967
3893     0.429283
3894    -0.083516
3895    -0.396032
3896    -1.732257
3897    -1.091611
3898     0.282822
3899    -0.177785
3900     1.583806
3901    -0.044774
3902     1.255998
3903    -0.411823
3904     0.258803
3905    -0.401228
3906    -0.260499
3907    -0.359570
3908    -1.329194
3909     0.010091
3910    -0.063682
3911     0.747611
3912    -0.387153
3913     2.575212
3914     3.187641
3915    -0.426525
3916     0.366190
3917     0.110066
3918     0.003730
3919    -0.293335
3920     0.249971
3921     0.035085
3922    -0.376058
3923     0.935347
3924    -0.249317
3925    -0.375637
3926    -0.302868
3927     0.260849
3928    -0.550862
3929    -0.514621
3930     0.351427
3931    -0.527961
3932     0.948399
3933     0.619746
3934    -0.153339
3935     0.781116
3936     0.978017
3937     0.047599
3938     0.915760
3939     0.461437
3940    -0.157830
3941     1.157778
3942    -0.191199
3943    -0.329801
3944    -2.547818
3945    -1.202775
3946    -0.650158
3947    -0.974383
3948    -0.466974
3949     0.340665
3950     1.625442
3951     1.032578
3952     0.074602
3953    -1.730692
3954    -0.061388
3955    -0.335075
3956    -2.426729
3957    -1.012477
3958     0.555011
3959    -1.687597
3960     0.917171
3961    -0.522488
3962     1.102790
3963     0.285889
3964    -0.014449
3965    -0.561366
3966    -0.374104
3967     0.424958
3968    -0.658726
3969    -0.022359
3970    -0.322296
3971     0.400184
3972    -0.045052
3973    -0.177510
3974     1.401844
3975    -0.375790
3976     0.535789
3977     0.483197
3978    -0.767751
3979    -0.256209
3980     0.272014
3981     0.558207
3982    -0.121238
3983     1.035398
3984     0.284831
3985     0.115061
3986     0.380441
3987    -0.386845
3988    -0.112842
3989     0.268996
3990    -0.108320
3991    -0.938387
3992     1.084135
3993    -0.296488
3994    -0.264710
3995     0.836330
3996     0.899500
3997    -0.732484
3998     0.601411
3999    -0.117749
4000    -0.766881
4001     0.935168
4002    -0.395069
4003     0.458014
4004    -2.739120
4005    -0.856677
4006     0.462725
4007     0.251306
4008    -0.185352
4009    -0.636236
4010     1.155391
4011     1.286088
4012     0.654960
4013    -2.058097
4014     0.857192
4015    -0.467474
4016    -3.474162
4017     0.006900
4018     2.681694
4019    -0.717135
4020    -0.247049
4021    -0.359527
4022     0.493184
4023     0.246885
4024    -0.086422
4025    -0.164008
4026    -1.475781
4027     0.438738
4028    -0.752756
4029     0.013357
4030     0.257435
4031    -0.673484
4032    -0.812132
4033     0.318218
4034    -0.648581
4035    -0.707233
4036     0.623394
4037     0.049617
4038    -0.101937
4039     0.216497
4040    -1.000363
4041     0.051812
4042     0.535716
4043    -0.091271
4044    -1.280133
4045     0.462260
4046    -0.891182
4047    -0.272536
4048    -0.247095
4049     0.226861
4050     0.165127
4051    -0.681391
4052    -0.173646
4053    -0.171301
4054     0.170145
4055    -0.356921
4056     0.382965
4057    -0.530860
4058     0.128927
4059    -0.277490
4060    -0.535119
4061    -0.181784
4062     0.005409
4063    -0.484096
4064     0.640712
4065     1.308707
4066     0.789795
4067    -0.638904
4068    -0.622450
4069    -0.182769
4070    -0.139268
4071     0.477710
4072    -0.355568
4073     1.948803
4074     1.562721
4075    -0.213607
4076    -1.800107
4077    -1.663596
4078    -0.135746
4079     4.024168
4080     3.169895
4081    -0.490623
4082     0.453523
4083     0.522590
4084    -0.239747
4085    -0.292856
4086     0.094970
4087     1.374470
4088     0.464341
4089     0.729426
4090     1.180758
4091     0.374149
4092     1.024118
4093     0.528644
4094    -0.328772
4095    -0.445940
4096     1.085431
4097     0.546772
4098    -0.021961
4099     0.924657
4100     0.015406
4101     0.301912
4102     1.251482
4103     0.550790
4104     0.292880
4105     1.337979
4106     0.630027
4107     0.381527
4108    -0.437899
4109     0.123928
4110     0.236178
4111    -0.785690
4112    -0.089322
4113     0.046209
4114     1.139509
4115     0.973511
4116     0.909235
4117    -0.724854
4118    -0.172359
4119     0.131551
4120    -0.578414
4121     0.063968
4122    -0.002265
4123    -0.864745
4124     0.143244
4125    -0.579464
4126     1.178430
4127    -0.123649
4128     0.232251
4129    -0.439691
4130    -0.389762
4131     0.600513
4132    -1.641270
4133    -0.011896
4134    -0.711952
4135    -1.374161
4136    -3.286535
4137    -3.579950
4138    -2.424268
4139     0.355491
4140    -0.161827
4141    -0.263505
4142     0.651278
4143     0.280234
4144    -0.293456
4145     0.097743
4146     0.248533
4147     1.123705
4148     0.462477
4149     0.699199
4150    -0.583675
4151     0.159834
4152     2.814380
4153    -0.292660
4154     0.126817
4155     0.060100
4156     0.249799
4157     0.089987
4158     0.726055
4159     1.268898
4160     0.684468
4161    -0.946051
4162     0.894561
4163     0.591184
4164     0.562158
4165     1.034805
4166     0.433934
4167     0.728356
4168    -0.545923
4169     0.118402
4170     0.568472
4171    -0.480504
4172    -0.207206
4173     0.137343
4174     1.051422
4175     0.551004
4176     0.974452
4177    -0.758756
4178    -0.077911
4179     0.389864
4180    -0.421480
4181    -0.438626
4182     0.358006
4183     0.619959
4184     0.194360
4185    -2.136464
4186     0.016800
4187     0.568309
4188     0.889658
4189    -0.342286
4190     0.080546
4191     0.467801
4192    -0.676590
4193    -0.847516
4194    -1.401583
4195    -0.647942
4196    -2.209593
4197    -4.206294
4198    -0.953173
4199    -1.029492
4200    -1.214219
4201    -0.153242
4202     0.202329
4203     2.528321
4204    -0.230470
4205    -0.054329
4206    -0.758426
4207     0.527676
4208    -0.011938
4209    -1.843137
4210    -0.889824
4211     0.001024
4212     1.923962
4213    -0.424898
4214    -0.000722
4215    -1.685385
4216    -0.521440
4217    -2.658900
4218    -0.371888
4219     0.829409
4220    -0.718676
4221     0.976181
4222     0.425701
4223    -0.054713
4224    -1.177585
4225     0.797748
4226     0.391925
4227    -1.512940
4228    -0.400498
4229     0.134567
4230     1.395083
4231    -0.114009
4232     0.523011
4233    -0.994011
4234     0.888344
4235     0.925719
4236    -1.392571
4237    -0.824348
4238    -0.290064
4239     0.818338
4240    -0.089805
4241     0.046496
4242    -0.800364
4243     0.558344
4244    -0.145576
4245     1.096418
4246     0.216289
4247     0.635508
4248     1.190079
4249    -0.311651
4250    -0.279975
4251    -0.216482
4252    -0.134739
4253     0.789277
4254     1.315117
4255     0.191080
4256    -0.042627
4257    -2.073625
4258    -0.339666
4259     0.607665
4260     1.582915
4261     0.344760
4262     0.310273
4263     2.140663
4264    -0.374839
4265    -0.679144
4266    -0.530209
4267    -0.612063
4268    -0.877770
4269    -0.851188
4270    -0.116871
4271    -0.964631
4272     0.687374
4273    -0.956541
4274    -1.205062
4275    -1.121555
4276     0.299327
4277    -0.587341
4278    -0.529630
4279     0.772336
4280    -0.729757
4281     0.458465
4282    -0.130304
4283    -0.360507
4284    -0.493054
4285    -0.025994
4286    -0.312432
4287    -0.860401
4288     0.950574
4289     0.171546
4290    -0.138183
4291     0.068491
4292    -0.662668
4293    -0.973400
4294     0.431865
4295     0.555067
4296    -0.973838
4297    -0.198231
4298    -0.816032
4299    -0.072234
4300    -0.138080
4301    -1.239174
4302    -0.707705
4303    -0.906791
4304     0.585794
4305     2.145579
4306     0.817658
4307    -0.448681
4308     0.191348
4309     0.048263
4310    -0.383668
4311    -0.256676
4312    -0.128545
4313     2.987384
4314     1.659621
4315    -0.422798
4316     1.921643
4317    -1.229362
4318     0.277783
4319     2.735161
4320     1.454384
4321     0.623263
4322     0.353574
4323    -0.261244
4324    -0.127655
4325     0.582863
4326    -1.654801
4327    -0.250804
4328     0.241922
4329    -0.326715
4330     0.343416
4331     0.598292
4332     0.034346
4333    -0.504782
4334    -0.331152
4335    -0.428887
4336     0.598006
4337    -0.094235
4338    -0.370514
4339     0.932364
4340    -0.125047
4341    -0.854450
4342     0.169841
4343     0.002503
4344     0.045787
4345     0.369451
4346     0.605378
4347    -0.534794
4348     1.080354
4349     0.463397
4350    -0.358939
4351     0.352045
4352     0.217929
4353     0.079431
4354     0.766332
4355     0.986634
4356    -1.130341
4357     0.120729
4358    -0.172045
4359    -0.387394
4360     0.349110
4361     0.079192
4362    -0.139884
4363    -1.607279
4364    -1.556392
4365     1.818475
4366     1.043576
4367     0.070305
4368    -0.329446
4369     0.624136
4370     1.127344
4371    -0.321889
4372    -2.511571
4373    -2.279420
4374     0.514379
4375    -2.531789
4376    -1.708396
4377     2.713301
4378     0.161257
4379     0.937354
4380     1.893579
4381     0.051645
4382    -1.198918
4383    -2.230528
4384     3.006198
4385     2.279039
4386    -1.659723
4387     0.011438
4388     0.157676
4389    -0.130621
4390    -0.083441
4391     0.211626
4392     0.082808
4393    -1.291084
4394    -0.280462
4395     0.236263
4396     0.207180
4397     0.096485
4398     0.399876
4399     0.913027
4400     0.658561
4401     0.111637
4402    -0.397264
4403     0.063006
4404     0.588376
4405    -0.131039
4406     0.985222
4407     0.215463
4408     0.786610
4409     0.128174
4410    -0.341278
4411    -0.884931
4412     0.353097
4413     0.933527
4414    -0.160061
4415     1.180607
4416    -0.048594
4417    -0.533922
4418     0.108987
4419     0.531139
4420     0.275564
4421    -0.279575
4422    -0.080910
4423    -2.238929
4424    -2.749518
4425     0.100544
4426     0.942211
4427     0.667927
4428     0.587138
4429     0.717996
4430     0.955128
4431    -0.054453
4432     0.165123
4433    -0.736348
4434     0.808083
4435     0.530589
4436    -1.750496
4437     0.067612
4438    -1.886910
4439    -0.850217
4440    -0.116358
4441     0.010357
4442    -0.261052
4443    -1.056639
4444     1.813109
4445     1.453711
4446    -1.925920
4447     0.109200
4448     0.608735
4449    -0.361605
4450     0.172438
4451     0.182313
4452    -0.562784
4453    -0.607376
4454    -0.470391
4455     0.004862
4456     0.396266
4457    -0.044851
4458    -0.623984
4459     0.378421
4460     0.101674
4461     0.877586
4462     0.005907
4463     0.356751
4464    -0.542153
4465     0.149118
4466     0.119543
4467    -0.698069
4468     0.584613
4469     0.105048
4470    -0.559879
4471    -0.594521
4472     0.386474
4473     0.995335
4474     0.273264
4475     0.149124
4476    -1.026883
4477    -0.041694
4478     0.334068
4479    -0.631539
4480     0.041204
4481     0.296482
4482     0.747044
4483    -1.351775
4484    -1.905491
4485     0.708703
4486     0.098713
4487     1.693249
4488     1.213227
4489     0.555783
4490     1.285326
4491    -0.671446
4492    -0.028547
4493    -2.696675
4494     1.403845
4495     0.280927
4496    -0.014671
4497    -0.768830
4498    -2.245407
4499    -1.679366
4500     3.479128
4501    -0.053764
4502    -0.186579
4503    -0.625611
4504     2.573257
4505    -0.410129
4506    -1.358938
4507    -0.550044
4508     0.465486
4509    -0.071455
4510     0.284859
4511     0.832125
4512    -0.569775
4513    -1.138186
4514     0.185617
4515     0.036472
4516     0.149773
4517     0.304999
4518    -0.389558
4519     0.563193
4520    -0.223818
4521     0.656628
4522     0.008829
4523     0.522369
4524    -0.306536
4525     1.780550
4526    -1.264950
4527    -0.712077
4528     0.195776
4529     0.527382
4530    -0.417014
4531    -1.200554
4532     2.082707
4533    -0.145926
4534     0.868597
4535    -0.138600
4536    -0.679261
4537    -0.332360
4538     0.321961
4539    -0.215810
4540    -1.119643
4541     0.289607
4542     0.713766
4543    -0.895110
4544    -1.067171
4545     0.530850
4546     0.693565
4547     1.560809
4548     0.619079
4549     0.132706
4550     0.658920
4551    -0.195882
4552     0.687891
4553    -3.259739
4554     1.041346
4555     0.231096
4556    -0.211078
4557    -0.390244
4558    -2.880432
4559    -0.989918
4560     2.479945
4561    -0.857889
4562     0.503732
4563     0.792077
4564    -0.430783
4565     0.491824
4566    -0.989506
4567     0.295807
4568     0.011164
4569    -0.799932
4570    -0.699190
4571     1.375137
4572     0.515910
4573     0.527343
4574    -1.157836
4575    -1.105863
4576     1.714283
4577    -1.091575
4578    -1.248732
4579     0.254203
4580    -0.045498
4581    -0.480213
4582     0.389074
4583     0.105801
4584    -1.445091
4585     1.248675
4586    -0.864010
4587    -1.471334
4588     1.308428
4589    -0.838495
4590    -1.835468
4591    -0.792712
4592     1.885807
4593     0.036198
4594    -0.192627
4595     0.555202
4596     0.830679
4597     0.457109
4598     0.178193
4599    -0.220667
4600    -0.030341
4601    -0.067253
4602     0.118432
4603    -1.145933
4604    -0.216120
4605     1.477399
4606     0.445494
4607     1.375141
4608    -0.356781
4609    -0.170998
4610     1.007203
4611     0.204814
4612    -1.452142
4613    -1.799919
4614     2.882438
4615    -0.336708
4616     0.359452
4617     1.134979
4618    -0.531093
4619    -1.767951
4620     1.960662
4621    -0.329349
4622     0.266003
4623     0.042947
4624    -0.659661
4625     0.970639
4626    -1.865230
4627     0.253907
4628     0.221669
4629    -1.230026
4630    -0.972137
4631     0.920692
4632     0.161081
4633     0.288616
4634     0.264928
4635    -0.096636
4636     2.385414
4637    -0.176161
4638    -1.296010
4639    -0.297912
4640    -0.385418
4641    -0.324329
4642    -0.799656
4643     0.282712
4644    -0.432986
4645     0.521311
4646    -0.346078
4647    -0.093492
4648     1.138635
4649     0.400273
4650    -1.216324
4651    -0.472837
4652     0.717641
4653    -1.042940
4654    -0.599321
4655     0.300233
4656     1.173894
4657     0.378364
4658    -0.116113
4659    -0.377401
4660    -0.422089
4661     0.048096
4662     0.431603
4663    -1.289295
4664    -1.466867
4665     1.413076
4666     0.944721
4667     0.783388
4668    -1.380349
4669    -0.110164
4670     1.384634
4671    -0.186611
4672    -0.471864
4673    -2.640270
4674     3.106261
4675    -0.417344
4676     0.135648
4677     1.281336
4678     0.930660
4679    -1.565651
4680     1.932135
4681    -0.791234
4682    -0.211712
4683    -1.068680
4684    -0.929267
4685     0.689967
4686    -2.321913
4687     0.344688
4688    -0.021735
4689    -0.961496
4690    -0.703678
4691    -0.357757
4692     0.686963
4693     0.344273
4694     0.057584
4695     0.242809
4696     2.668268
4697     0.590525
4698    -1.217472
4699    -0.029776
4700     0.644415
4701     0.460569
4702    -0.701107
4703     1.187821
4704     0.299364
4705     0.704518
4706     0.838511
4707     0.373787
4708     1.340352
4709     0.749837
4710    -0.944452
4711    -0.719773
4712     1.257063
4713    -1.144184
4714    -0.633378
4715    -0.980594
4716     1.134051
4717     0.751013
4718    -0.454833
4719     0.531765
4720    -0.493946
4721     0.707526
4722     0.776104
4723    -1.274277
4724    -3.234638
4725     1.274812
4726     1.469881
4727     0.693871
4728    -0.554031
4729    -0.068133
4730     0.988526
4731    -0.062359
4732    -1.242899
4733    -1.546237
4734     0.296702
4735    -0.386602
4736    -0.823859
4737     1.548810
4738     0.351076
4739    -0.774280
4740     0.648849
4741    -0.715426
4742    -0.369132
4743    -0.279784
4744    -0.612049
4745    -0.035362
4746    -0.562370
4747    -0.357710
4748    -0.583884
4749     0.184141
4750    -1.004551
4751    -0.013247
4752     0.143117
4753     1.080673
4754     0.221437
4755     0.173675
4756     2.692609
4757     0.030859
4758    -0.034059
4759    -0.293080
4760     0.542784
4761     0.458665
4762     0.027993
4763     1.211710
4764     0.405461
4765     1.268030
4766     0.870530
4767     0.278462
4768     1.759413
4769     0.059122
4770     0.446442
4771     1.487605
4772     0.737290
4773    -0.004890
4774    -2.074076
4775    -0.635928
4776    -0.024297
4777     0.325097
4778    -0.067984
4779     0.087601
4780    -0.118411
4781     0.779532
4782     0.673398
4783    -2.688627
4784    -2.477289
4785    -0.311920
4786     2.794579
4787     0.426104
4788     0.283349
4789    -1.034410
4790     0.596618
4791     0.029682
4792    -2.091765
4793    -0.775103
4794    -1.861996
4795    -1.215179
4796    -0.383434
4797     0.269218
4798     0.769284
4799    -0.134623
4800    -0.353896
4801    -0.644623
4802     0.963209
4803     0.085724
4804    -0.486806
4805     0.793605
4806    -0.229315
4807     0.169632
4808     0.754267
4809     0.803283
4810    -1.815865
4811    -0.057105
4812    -0.179400
4813     1.231630
4814     0.343602
4815    -0.010383
4816     1.873722
4817     0.412599
4818    -0.151210
4819     0.616346
4820     0.429547
4821     0.600615
4822     0.486033
4823     0.675676
4824     0.244847
4825     1.407840
4826     0.494832
4827     0.009204
4828     1.732704
4829     0.315650
4830     0.369741
4831     1.297567
4832     0.902378
4833    -0.212612
4834    -1.550934
4835     0.040925
4836     0.333085
4837    -2.530977
4838    -0.842686
4839    -0.303068
4840    -1.964344
4841    -0.425524
4842     0.047586
4843    -1.276353
4844    -1.285250
4845     0.685740
4846     1.681484
4847     0.574467
4848    -0.031459
4849    -1.717010
4850     0.339370
4851    -0.409075
4852     0.350394
4853    -2.371002
4854    -1.402306
4855    -1.003694
4856    -0.566975
4857     0.135397
4858     2.143254
4859    -1.491584
4860    -0.386393
4861    -1.158564
4862    -0.179067
4863     0.416622
4864    -0.365544
4865     2.053133
4866    -0.633260
4867     0.166796
4868    -0.737669
4869     0.721797
4870    -1.766846
4871    -1.742012
4872     0.368045
4873     0.095319
4874    -0.785099
4875     0.770738
4876     1.037294
4877    -0.405232
4878     0.319174
4879     0.811504
4880    -0.609127
4881     0.407554
4882     0.391199
4883    -0.405822
4884     0.301579
4885     0.785625
4886    -0.330905
4887     0.268503
4888     1.193509
4889    -0.490517
4890     0.474899
4891     0.994787
4892     2.241490
4893    -0.643797
4894    -1.696908
4895    -0.407048
4896     0.208939
4897     0.311781
4898     3.732451
4899    -1.000258
4900    -1.561194
4901    -1.630576
4902     0.210521
4903     0.320726
4904    -0.678802
4905    -0.615382
4906     1.004954
4907    -0.196799
4908     0.345228
4909    -1.541359
4910    -1.587623
4911     0.201701
4912    -0.301532
4913     0.738605
4914    -1.120289
4915     0.409555
4916     0.597940
4917    -1.011366
4918     0.868897
4919     0.822677
4920     0.009054
4921     0.008291
4922     0.863917
4923     0.495433
4924     0.466406
4925    -0.341728
4926     0.266845
4927     0.344416
4928     0.246812
4929     1.170139
4930     0.271595
4931     0.331066
4932     1.039919
4933     0.115809
4934     0.003014
4935     1.098154
4936    -0.597994
4937     0.059764
4938     0.279467
4939    -0.286740
4940    -0.078056
4941     0.525190
4942    -1.120583
4943     0.257027
4944     0.142329
4945    -0.264853
4946     0.122408
4947     0.046530
4948    -0.394996
4949     0.183002
4950     0.771264
4951    -0.845326
4952    -0.330386
4953     0.267177
4954    -0.469486
4955     0.323102
4956     0.028158
4957    -0.997796
4958     1.124421
4959     0.769267
4960    -0.324844
4961    -0.440577
4962     0.488910
4963     0.831111
4964     0.762863
4965    -2.802832
4966     0.177537
4967     0.305190
4968     0.480702
4969     0.780919
4970     0.900490
4971     0.532996
4972    -0.314603
4973    -0.670034
4974    -3.427215
4975     0.093421
4976    -2.201356
4977    -2.433842
4978     2.527717
4979    -1.420939
4980     0.261409
4981    -0.187915
4982     0.045807
4983    -0.119898
4984     0.221366
4985    -0.501904
4986    -0.060644
4987    -0.078000
4988    -0.269817
4989     0.460634
4990    -0.906103
4991    -0.312474
4992     0.061656
4993    -0.932087
4994    -0.520289
4995     0.198017
4996     0.319514
4997    -0.648187
4998    -0.066366
4999     0.056962
5000    -0.662633
5001     0.108115
5002    -0.203876
5003     0.159160
5004     0.295770
5005     0.073747
5006    -0.115010
5007    -0.179528
5008    -0.365155
5009    -0.252253
5010     0.340665
5011    -1.366550
5012    -0.059101
5013    -0.256256
5014    -0.598715
5015    -0.467831
5016    -0.792954
5017    -0.922094
5018     0.518757
5019     0.131382
5020    -0.721954
5021    -0.353734
5022     0.116907
5023     1.954037
5024     1.162327
5025    -1.791075
5026     0.041955
5027    -0.052620
5028    -0.002340
5029    -0.717809
5030    -0.107783
5031    -0.579100
5032     1.204997
5033     3.408355
5034     1.763175
5035    -1.187224
5036    -0.186857
5037    -0.899334
5038     4.314904
5039    -0.783913
5040     1.271174
5041    -0.502114
5042    -0.112480
5043    -0.334427
5044     0.276700
5045    -0.861614
5046     0.197409
5047     0.048042
5048    -0.201126
5049     0.297150
5050    -0.517480
5051    -0.458388
5052     0.170920
5053    -0.162702
5054    -0.360894
5055     0.384780
5056     0.333388
5057    -0.718317
5058    -0.238833
5059     0.272417
5060    -1.052575
5061     0.279835
5062    -0.219129
5063    -0.254586
5064     0.521426
5065     0.193806
5066    -0.806377
5067     0.075842
5068     0.212283
5069    -0.308137
5070     0.542328
5071     2.049609
5072     0.111294
5073     2.453907
5074    -0.171886
5075    -0.054466
5076    -0.731872
5077    -0.602633
5078    -0.336498
5079     0.342745
5080    -0.182436
5081    -0.207581
5082     0.331611
5083     0.089114
5084     0.083941
5085    -2.145070
5086     0.121460
5087    -0.454991
5088     0.239737
5089    -0.074634
5090    -0.205944
5091    -0.201034
5092    -1.616539
5093     4.567730
5094    -1.473635
5095     1.137681
5096     0.039852
5097     1.497229
5098    -0.684947
5099     1.591155
5100    -2.210049
5101     0.005131
5102     0.057181
5103     0.252917
5104    -0.622984
5105    -1.094855
5106    -1.285814
5107    -0.606921
5108    -1.260802
5109    -0.826890
5110    -0.216845
5111     0.373159
5112     0.115658
5113     0.540019
5114     0.094596
5115     0.852492
5116     0.645520
5117     2.087482
5118    -0.336985
5119     0.195867
5120     0.810952
5121    -0.868517
5122     0.144753
5123    -0.314480
5124     0.952602
5125     0.628181
5126    -0.202485
5127    -0.017327
5128     0.470858
5129     0.948706
5130     0.343280
5131    -0.991683
5132    -1.350319
5133    -0.287674
5134     0.762506
5135     0.722524
5136     0.272700
5137    -0.077798
5138     0.485124
5139     0.816570
5140    -0.904242
5141    -1.612284
5142    -0.406089
5143    -0.475123
5144    -0.726342
5145    -3.479587
5146     0.049356
5147    -0.526617
5148    -0.219242
5149     0.259359
5150     0.370833
5151    -0.091620
5152    -0.389150
5153     1.053273
5154     2.449447
5155    -1.177310
5156    -0.511420
5157    -0.787769
5158     1.760506
5159     0.595774
5160     2.551848
5161     0.006610
5162    -0.807780
5163    -0.377880
5164    -0.286577
5165     2.273915
5166     0.753541
5167    -0.472570
5168    -0.082825
5169    -0.702937
5170    -0.672045
5171    -0.375461
5172    -0.609392
5173    -0.214589
5174    -0.643645
5175    -0.374085
5176    -0.459460
5177    -0.987101
5178    -1.152918
5179     0.360944
5180    -1.105616
5181     0.530260
5182    -0.373317
5183    -0.639311
5184    -0.125285
5185    -0.267619
5186    -0.801353
5187    -0.737573
5188    -0.309315
5189    -0.459942
5190    -0.603148
5191    -0.692911
5192    -1.027977
5193    -0.574918
5194     0.814979
5195    -1.048525
5196    -0.317785
5197     0.154914
5198    -0.729933
5199    -0.165090
5200    -0.455007
5201     0.016816
5202    -0.256375
5203     0.281749
5204     2.232335
5205     0.055016
5206    -0.359840
5207    -1.038914
5208    -0.780430
5209    -0.440277
5210    -0.637346
5211    -0.664108
5212     2.049762
5213     1.503981
5214     2.682950
5215     0.021140
5216     1.447290
5217     0.616575
5218     1.313428
5219     2.911394
5220     2.803584
5221    -0.417458
5222    -0.682157
5223    -0.086239
5224     0.207073
5225     2.191492
5226    -0.319198
5227    -0.650854
5228    -0.430238
5229    -0.235537
5230    -0.678983
5231    -0.785164
5232    -0.088443
5233    -0.714352
5234    -0.462409
5235     0.146815
5236    -0.913435
5237    -0.765901
5238    -0.289532
5239    -0.377035
5240    -0.407427
5241     0.611440
5242    -0.651144
5243    -0.584318
5244     0.147437
5245    -0.701852
5246    -0.730068
5247    -0.128115
5248    -0.657395
5249    -0.469044
5250    -0.086150
5251    -1.161116
5252    -0.520657
5253    -0.186656
5254     0.091168
5255    -0.505942
5256    -0.126376
5257    -0.530652
5258    -0.273734
5259     0.187993
5260    -0.573636
5261    -0.493537
5262     0.272772
5263     0.434799
5264     1.606855
5265    -0.425915
5266    -0.983166
5267    -0.488303
5268    -0.148994
5269    -0.813374
5270    -0.587820
5271    -0.058313
5272     4.132886
5273     1.586166
5274     0.363455
5275     1.001549
5276     0.998540
5277    -0.439116
5278     3.956977
5279     1.803665
5280     0.888672
5281    -0.491106
5282    -0.278140
5283    -0.320512
5284    -0.996711
5285     1.288884
5286     0.112554
5287    -0.825138
5288     0.247119
5289    -0.424852
5290    -0.723263
5291    -0.356846
5292    -0.265798
5293    -0.128126
5294     0.162833
5295     1.020659
5296     0.139876
5297    -0.015786
5298     0.293053
5299    -0.588577
5300     0.037200
5301     1.051574
5302    -0.148613
5303     0.075222
5304     0.654807
5305    -0.064246
5306    -0.067175
5307     0.295976
5308    -0.186941
5309     0.047678
5310     0.516400
5311    -1.234876
5312    -0.243581
5313     0.405508
5314     0.758700
5315     0.168629
5316     0.076617
5317    -0.042291
5318     0.729400
5319     0.660493
5320    -1.114467
5321    -0.132458
5322     0.279867
5323    -1.615091
5324     0.779150
5325    -1.553070
5326    -0.468812
5327     0.205474
5328     0.428360
5329    -0.567890
5330    -0.048529
5331     0.366832
5332     4.314545
5333    -0.966221
5334    -0.990379
5335     0.356154
5336     0.351614
5337    -0.613263
5338     3.626874
5339    -1.984465
5340    -1.994825
5341     0.122804
5342    -0.201586
5343    -0.358381
5344    -2.339071
5345     1.643240
5346     2.948400
5347     0.474559
5348    -0.273612
5349    -2.559752
5350    -0.307483
5351    -0.240838
5352    -0.179605
5353     0.160562
5354     0.290729
5355    -0.132632
5356     0.448428
5357     0.158713
5358    -0.754254
5359     0.560209
5360    -0.328441
5361    -0.719778
5362     0.252713
5363     0.291853
5364     0.146527
5365     0.908460
5366    -0.471615
5367    -0.670199
5368     0.203255
5369     0.247125
5370    -0.063471
5371    -1.203869
5372    -0.027619
5373     1.212385
5374     2.376764
5375    -0.288454
5376    -1.044403
5377     1.788101
5378    -0.094783
5379    -1.554487
5380    -0.026767
5381    -0.220785
5382     0.027417
5383    -1.040466
5384     0.521703
5385     0.808874
5386     0.173549
5387     0.242852
5388    -0.400222
5389    -0.300035
5390     0.104306
5391    -0.377753
5392    -0.071641
5393    -0.553735
5394     1.421659
5395    -1.875439
5396     0.758007
5397     2.602155
5398    -0.304634
5399    -1.557061
5400    -0.352480
5401     0.468643
5402    -0.934287
5403    -0.458233
5404     0.273428
5405     2.491088
5406     1.658022
5407    -1.615803
5408    -1.001710
5409    -1.221873
5410    -0.397884
5411    -0.260326
5412    -0.439905
5413    -1.469737
5414    -0.622312
5415     0.136047
5416     0.333888
5417    -1.221383
5418    -0.416810
5419    -0.237445
5420    -1.033522
5421    -0.494477
5422    -0.287452
5423    -0.348146
5424    -0.064587
5425     0.614966
5426    -0.740239
5427    -0.683992
5428    -1.188021
5429    -0.630576
5430     0.081005
5431    -0.035563
5432    -0.221869
5433     0.402356
5434    -0.175635
5435    -0.848305
5436    -0.431352
5437    -1.508502
5438    -0.643737
5439    -0.248392
5440    -0.337652
5441    -0.309936
5442    -0.289698
5443     0.874050
5444     3.329412
5445     0.800207
5446    -0.361753
5447    -0.590235
5448    -0.375552
5449     0.381431
5450    -0.787691
5451    -0.421160
5452     1.759530
5453     0.778572
5454     0.766677
5455     0.587478
5456     2.143769
5457     1.563676
5458     2.322033
5459     1.451432
5460     0.138041
5461    -0.015037
5462    -0.370575
5463    -0.306237
5464     0.635883
5465     1.439858
5466    -0.827970
5467    -1.362144
5468    -0.277827
5469     0.890496
5470    -0.698904
5471    -0.191123
5472    -0.233594
5473    -1.448071
5474    -0.255892
5475     1.342597
5476    -0.010769
5477    -0.521974
5478    -0.084996
5479    -0.498382
5480    -0.263933
5481     0.037397
5482    -0.606315
5483     0.382266
5484     0.265320
5485     0.399401
5486    -0.549401
5487     0.234691
5488    -1.174552
5489    -0.032250
5490     1.478187
5491    -0.443288
5492     0.303266
5493     0.473811
5494    -0.270828
5495    -0.537323
5496     0.497050
5497    -1.423644
5498     0.447695
5499     1.391834
5500    -0.556471
5501    -0.507973
5502     0.189853
5503     1.320862
5504     1.722128
5505    -1.336296
5506    -0.622408
5507     0.414082
5508     0.583622
5509    -0.037827
5510    -0.564156
5511    -0.672024
5512     2.383601
5513    -1.164048
5514    -1.018569
5515     0.611478
5516     1.688978
5517    -0.709657
5518     3.817414
5519    -1.161797
5520    -2.195517
5521     0.178631
5522    -0.980194
5523    -0.963575
5524     0.345116
5525     3.045315
5526     1.977344
5527    -0.345790
5528    -0.189461
5529    -0.804818
5530    -0.478359
5531    -0.758812
5532    -0.745983
5533    -0.221034
5534    -0.262106
5535    -0.643245
5536    -0.285667
5537    -1.033591
5538    -0.369875
5539    -0.732117
5540    -0.170350
5541    -0.380689
5542     0.064881
5543    -1.093076
5544    -0.308258
5545     0.073766
5546    -0.851448
5547    -0.431145
5548    -0.845511
5549    -0.461496
5550     0.236437
5551    -0.249657
5552    -0.297398
5553    -0.521525
5554     0.077923
5555    -1.409164
5556    -0.260169
5557    -0.837172
5558    -0.594256
5559     0.262066
5560     0.245474
5561    -1.156737
5562    -0.893168
5563     0.774694
5564     2.914879
5565     1.935268
5566    -0.146610
5567     0.277397
5568    -0.864120
5569     0.048675
5570    -1.100144
5571    -1.105313
5572     0.578657
5573     0.715826
5574     0.931942
5575     0.282664
5576     2.617153
5577     2.481928
5578     1.471438
5579     0.787665
5580     0.466896
5581     0.233385
5582     0.077019
5583    -0.582972
5584     0.981738
5585     1.611163
5586     0.664052
5587    -1.223013
5588    -0.404914
5589    -0.177597
5590    -1.121431
5591    -0.915230
5592    -1.270380
5593    -0.635730
5594     0.423770
5595    -0.430196
5596     0.299607
5597     0.007516
5598     2.128432
5599     1.013790
5600     2.152424
5601    -0.546864
5602     0.158772
5603     0.021006
5604     0.034046
5605    -0.288812
5606    -0.537323
5607    -0.723422
5608    -0.970374
5609     0.257691
5610    -0.515363
5611    -0.300569
5612     0.882089
5613     0.750778
5614    -0.232012
5615    -2.241828
5616    -1.321255
5617    -0.579167
5618     1.022544
5619     1.242850
5620    -0.340693
5621    -2.749964
5622    -1.473606
5623     1.056409
5624     1.303546
5625     1.278638
5626    -0.165148
5627     1.402723
5628     0.404336
5629    -0.730644
5630    -1.739488
5631    -0.962216
5632     0.376339
5633    -1.114113
5634     0.379553
5635     1.116181
5636     1.032753
5637     1.168974
5638     1.351372
5639    -0.491382
5640    -0.047788
5641     0.303297
5642     0.387908
5643    -0.439875
5644    -0.847028
5645     0.402965
5646     0.904789
5647    -0.768603
5648     0.149611
5649    -0.412747
5650    -0.581031
5651    -0.892646
5652    -0.586430
5653    -0.529286
5654     0.897850
5655    -0.704432
5656     0.068439
5657     0.056010
5658    -0.574761
5659     0.596367
5660     2.164096
5661     0.082072
5662     0.747425
5663     0.335959
5664     0.517139
5665     0.795921
5666    -0.151235
5667    -0.482026
5668     0.416803
5669     0.696306
5670    -0.326682
5671     0.704226
5672     1.359658
5673     1.072215
5674    -0.173236
5675    -2.492479
5676    -0.362347
5677     1.830651
5678     1.613572
5679     0.335099
5680     0.039699
5681    -3.213510
5682    -0.311507
5683     0.075614
5684     0.128883
5685     2.792027
5686    -0.483463
5687     1.800482
5688     0.191569
5689    -0.837669
5690    -1.482841
5691    -1.042719
5692    -1.178702
5693    -1.750326
5694     0.035328
5695    -0.555273
5696     0.480718
5697     0.511320
5698     0.375848
5699    -0.490981
5700    -1.198035
5701    -0.342213
5702    -0.085567
5703    -0.351418
5704    -0.593838
5705     1.351171
5706    -0.705667
5707    -0.609024
5708    -0.362739
5709     0.376588
5710    -0.709829
5711    -1.046043
5712    -0.266598
5713    -0.677638
5714     0.022559
5715    -0.178768
5716    -0.318601
5717    -0.665150
5718    -0.139585
5719     2.333432
5720     2.342286
5721     1.115504
5722    -0.083924
5723     0.140316
5724     0.216985
5725    -0.074524
5726     0.102056
5727    -0.466348
5728    -0.126738
5729     0.044470
5730     0.113291
5731     2.703205
5732     2.205899
5733     1.228041
5734    -0.464419
5735    -1.193787
5736     0.102669
5737     0.631375
5738     1.377424
5739     0.309186
5740    -0.450988
5741    -1.138532
5742    -0.859238
5743    -0.478117
5744     0.026119
5745     1.289665
5746    -0.556356
5747     0.131678
5748     0.288140
5749    -0.727418
5750    -1.994634
5751    -0.760746
5752    -1.109973
5753    -1.717335
5754    -0.310627
5755     1.652615
5756     2.045922
5757     0.626722
5758     0.002972
5759    -1.586113
5760    -1.627795
5761    -0.750459
5762    -0.070896
5763    -0.499924
5764     0.014031
5765     1.054524
5766     0.159042
5767    -0.765570
5768     0.060127
5769    -0.112935
5770    -0.456790
5771    -0.587159
5772    -0.456809
5773    -0.730824
5774     0.286940
5775    -0.216884
5776    -0.729345
5777    -0.720053
5778    -0.213135
5779     1.483730
5780     1.761134
5781     0.344274
5782    -0.364414
5783     0.093289
5784     0.269068
5785     0.154075
5786     0.429200
5787    -0.435339
5788     1.218193
5789     0.813568
5790    -0.087136
5791     2.338256
5792     1.630190
5793     1.572580
5794    -0.694617
5795    -0.902540
5796    -0.359833
5797     2.147276
5798     1.228690
5799     1.226074
5800    -0.105447
5801    -0.455593
5802    -1.675629
5803    -0.898295
5804    -0.232635
5805     1.486960
5806    -0.838382
5807     0.178888
5808     0.337040
5809    -0.972328
5810    -2.678823
5811    -0.298817
5812    -1.004212
5813    -1.369287
5814    -0.461227
5815     1.182994
5816     1.761227
5817     0.661629
5818    -0.227871
5819    -2.280793
5820    -1.238999
5821    -0.969961
5822     0.793995
5823    -0.047970
5824     0.683542
5825    -1.048658
5826    -0.968922
5827     0.027925
5828     0.519842
5829     0.275418
5830    -0.065099
5831    -0.139045
5832     0.001841
5833    -0.280884
5834    -0.398040
5835    -0.044644
5836    -0.414377
5837    -0.443499
5838     0.427444
5839     1.374309
5840     0.084180
5841    -0.904404
5842    -0.070581
5843     0.750777
5844     1.577595
5845    -0.002383
5846     0.640205
5847     0.235875
5848     0.672623
5849     0.571278
5850     0.579109
5851     0.934280
5852     0.412177
5853    -0.521821
5854     0.132634
5855    -0.120746
5856    -0.262888
5857     1.536472
5858    -0.358495
5859     1.410186
5860    -1.213107
5861    -1.416445
5862    -2.417461
5863    -0.629963
5864     1.520201
5865     3.755255
5866    -0.152702
5867     0.576283
5868     1.277967
5869    -0.887878
5870    -1.907082
5871    -1.048152
5872    -0.174368
5873     0.277387
5874    -1.375620
5875    -0.333449
5876     0.858904
5877     0.483990
5878    -0.167035
5879    -1.173219
5880    -2.432797
5881    -0.952734
5882     0.417099
5883    -0.217611
5884    -0.491356
5885     1.830503
5886     2.628798
5887     0.293820
5888     0.522942
5889    -0.556348
5890    -0.369127
5891    -1.139501
5892    -1.215165
5893    -0.214456
5894    -0.541281
5895    -1.447454
5896    -0.174502
5897    -0.283954
5898    -0.869318
5899     1.123057
5900     0.412410
5901     1.442272
5902     0.156173
5903     1.116531
5904     0.004960
5905    -0.150346
5906    -0.245008
5907    -0.589244
5908     0.562605
5909    -0.303420
5910     0.732822
5911     0.598369
5912     0.082272
5913     1.235359
5914     0.236213
5915    -0.504202
5916    -1.294661
5917     1.689446
5918    -0.964406
5919     1.351061
5920    -1.129328
5921    -2.001295
5922    -2.222960
5923    -0.476829
5924     1.529450
5925     2.687380
5926     0.014881
5927     0.337865
5928     0.990231
5929    -0.378009
5930    -0.546823
5931    -1.966638
5932    -0.167293
5933    -0.165846
5934    -0.526932
5935    -0.275020
5936     0.554608
5937     0.957429
5938     0.104436
5939    -0.107944
5940    -1.123979
5941    -0.843258
5942     0.261423
5943     0.773735
5944     0.243189
5945    -1.465280
5946     0.367981
5947     0.286706
5948     0.687077
5949     0.383550
5950    -0.320402
5951    -0.174691
5952    -1.188579
5953    -0.260156
5954    -0.367972
5955    -0.509226
5956    -0.078477
5957     0.393429
5958    -0.841320
5959    -0.074792
5960    -3.991447
5961    -2.832836
5962     0.298235
5963     1.189290
5964     0.598897
5965     0.060910
5966     0.000202
5967    -0.003261
5968     0.689819
5969     0.561714
5970    -0.188631
5971     0.625627
5972     0.409193
5973     1.784143
5974    -0.008996
5975    -0.581053
5976     0.103253
5977     1.352706
5978     0.570851
5979     0.466474
5980    -1.108506
5981    -1.228799
5982    -1.888776
5983     0.095210
5984     1.433399
5985     2.235909
5986     0.602971
5987     0.332462
5988     0.337029
5989    -1.112998
5990     0.545080
5991    -0.698015
5992    -0.348149
5993     0.882036
5994    -0.352002
5995    -0.284905
5996     0.276351
5997     2.099554
5998     0.185265
5999     0.266735
6000    -0.647879
6001    -1.344990
6002    -0.271742
6003    -0.431764
6004    -0.173156
6005     0.852918
6006     3.033273
6007     0.369038
6008     0.561387
6009    -0.423413
6010     0.006751
6011    -0.783417
6012    -1.176596
6013     0.275681
6014     0.379204
6015     0.526329
6016    -0.249989
6017    -0.784684
6018    -1.514846
6019    -1.021456
6020     0.184710
6021    -0.542136
6022     0.279584
6023     0.143227
6024     0.783466
6025     0.285130
6026     0.359767
6027    -0.733158
6028     0.994539
6029     0.074641
6030    -0.902931
6031     0.932898
6032     0.034706
6033     1.284761
6034     0.130012
6035     0.391301
6036    -1.277386
6037     2.017620
6038     0.257385
6039     0.032017
6040    -0.827913
6041     0.056415
6042    -1.021570
6043    -0.209773
6044     0.284969
6045     2.231577
6046     0.431981
6047    -0.084423
6048    -1.086012
6049    -1.130030
6050     0.487630
6051    -1.230645
6052    -0.890954
6053    -1.108575
6054    -0.017921
6055     0.174972
6056     0.490166
6057     3.674036
6058    -0.049946
6059    -1.525585
6060    -1.207080
6061    -0.854297
6062    -1.169798
6063    -1.268147
6064    -2.426056
6065    -0.386332
6066     2.342705
6067     0.272262
6068     0.348674
6069    -0.658766
6070     0.023519
6071    -0.477102
6072    -0.922820
6073     0.002716
6074     0.441333
6075     0.819611
6076     0.379311
6077     0.508121
6078    -0.823549
6079     0.559928
6080     0.626961
6081    -0.467194
6082    -1.440437
6083    -0.554724
6084     0.486634
6085     0.625546
6086     0.372727
6087    -0.904012
6088     0.545273
6089     0.524980
6090    -0.560407
6091    -0.483682
6092    -1.341255
6093     0.450092
6094     1.754295
6095     0.682283
6096    -1.361918
6097     0.878164
6098    -0.447579
6099    -0.574844
6100     0.587540
6101     0.924394
6102    -0.663084
6103    -0.938500
6104    -0.810191
6105     2.195287
6106     0.922662
6107     0.089524
6108    -0.919266
6109     0.310118
6110     0.942702
6111    -1.211216
6112    -0.128971
6113     1.192597
6114     1.719773
6115    -1.525566
6116    -1.372278
6117     2.447470
6118     0.936175
6119    -0.095037
6120    -0.126350
6121    -2.662830
6122    -0.135222
6123     0.601198
6124    -0.141105
6125    -0.215594
6126    -1.278500
6127    -0.469218
6128     0.246684
6129     0.622098
6130    -1.175805
6131    -0.174973
6132     0.507198
6133    -0.334770
6134     0.240782
6135     0.589523
6136    -0.252675
6137     0.272741
6138     0.565439
6139     1.886901
6140    -0.325880
6141     0.800207
6142    -0.819240
6143    -0.135562
6144    -2.423366
6145    -0.430367
6146     0.537011
6147     0.135954
6148    -0.566456
6149     0.630788
6150     2.150009
6151    -1.020450
6152    -0.558238
6153    -1.597527
6154     2.079723
6155     0.057871
6156    -0.134323
6157     1.005951
6158    -0.650096
6159    -1.285596
6160     1.756253
6161     0.021482
6162     0.897775
6163    -0.517312
6164     0.004871
6165    -0.789867
6166    -0.370654
6167     0.325812
6168     0.759461
6169     1.376366
6170    -0.116410
6171     0.314701
6172     0.237600
6173     0.547862
6174     2.076977
6175    -1.352317
6176    -0.151767
6177    -0.964436
6178     1.770404
6179    -0.422161
6180    -1.546924
6181    -0.614403
6182     0.104648
6183    -0.529947
6184    -0.193620
6185     0.178109
6186     0.503737
6187    -0.661704
6188     0.131611
6189     1.461373
6190    -0.881724
6191    -0.851070
6192     1.290552
6193    -0.180514
6194     0.235573
6195     1.039917
6196    -0.224032
6197     0.078695
6198     0.348593
6199    -0.543046
6200    -0.981809
6201     0.405172
6202    -0.335002
6203     0.975712
6204    -0.413148
6205    -1.085031
6206     0.625093
6207     0.186554
6208    -0.853985
6209     0.527154
6210     0.802251
6211    -0.214418
6212    -0.446886
6213     0.112462
6214     0.537184
6215     0.296181
6216     0.459677
6217    -1.555989
6218    -0.397602
6219    -0.194538
6220    -0.100487
6221    -0.132160
6222     0.626933
6223     0.927389
6224    -0.306559
6225    -3.597184
6226    -0.328539
6227     0.084312
6228     0.086550
6229     1.266150
6230    -0.316203
6231     0.687473
6232     2.181235
6233     0.584662
6234     0.077509
6235     1.590458
6236    -0.236386
6237    -3.104073
6238     1.270077
6239    -0.153076
6240    -0.249861
6241    -1.606009
6242     1.259319
6243     0.257915
6244     1.192218
6245    -1.307021
6246     0.066261
6247     0.984385
6248    -0.983292
6249    -0.416882
6250    -1.714428
6251     0.443030
6252     0.257925
6253     1.292652
6254    -0.820772
6255    -0.627669
6256    -0.383558
6257    -0.478406
6258     1.093555
6259    -1.328121
6260    -0.079896
6261     0.252296
6262    -1.060385
6263     1.145319
6264    -0.323068
6265    -1.155360
6266     0.041905
6267    -0.365482
6268    -0.209610
6269    -0.836193
6270     0.560618
6271    -1.033212
6272     0.596598
6273    -0.736003
6274     0.516595
6275     1.898586
6276    -0.630548
6277    -1.780907
6278    -0.000541
6279    -0.347948
6280     0.862865
6281    -1.345556
6282     0.098033
6283     1.531188
6284    -1.410785
6285    -0.592765
6286    -0.353422
6287    -0.850466
6288     1.235763
6289     0.656876
6290     2.183082
6291     0.309943
6292     1.703149
6293     0.587287
6294    -0.374674
6295     1.171672
6296    -0.116995
6297     0.386052
6298     0.713412
6299     0.074797
6300    -0.103322
6301     1.059572
6302     0.343990
6303    -1.772617
6304     1.492834
6305     0.196423
6306    -0.038768
6307     0.838082
6308     0.738911
6309     0.461462
6310     0.404433
6311    -0.524439
6312    -1.729251
6313     1.245740
6314     0.678253
6315     0.048773
6316    -1.580603
6317    -1.003698
6318     2.071220
6319    -1.222520
6320     1.128826
6321     0.780315
6322    -1.143832
6323     0.153824
6324    -0.287321
6325     1.247611
6326     0.191189
6327    -1.829754
6328    -1.596810
6329    -0.805900
6330     2.062280
6331    -1.426723
6332     0.297077
6333    -0.080856
6334     0.136201
6335    -0.146768
6336    -1.267001
6337    -1.347474
6338     0.555621
6339     0.183241
6340     0.482815
6341     0.009802
6342     0.372421
6343     1.739702
6344     0.066162
6345    -0.445940
6346    -1.509345
6347    -1.239346
6348     2.062585
6349     0.387007
6350    -0.638994
6351    -1.033096
6352     0.049933
6353     0.020423
6354     0.211916
6355     1.092307
6356     0.009751
6357     0.007438
6358    -0.348928
6359    -0.031106
6360     0.222954
6361     0.940289
6362     1.081271
6363    -2.591891
6364     1.243314
6365     1.012039
6366    -0.992752
6367     0.919078
6368     0.649239
6369    -0.210016
6370    -0.022995
6371    -0.861425
6372    -0.317796
6373     1.184524
6374     0.750471
6375    -0.223529
6376    -1.140607
6377    -0.797669
6378     1.140863
6379    -0.418014
6380    -0.650892
6381    -0.293427
6382    -1.134380
6383     0.067749
6384     1.450438
6385     1.070980
6386     0.801927
6387    -2.113025
6388    -0.871242
6389    -1.214384
6390     1.129681
6391    -1.158583
6392     0.532192
6393    -0.871382
6394    -0.061573
6395    -0.705037
6396    -0.301863
6397    -0.911880
6398     0.807346
6399    -1.189742
6400     0.218892
6401    -0.284628
6402     0.089068
6403     1.369805
6404     0.838460
6405    -0.389373
6406    -1.546451
6407    -0.112393
6408     1.678798
6409    -0.132599
6410    -0.656701
6411     1.675992
6412    -0.112036
6413    -0.904716
6414     1.485591
6415     1.117741
6416     0.307517
6417    -0.994035
6418    -0.554262
6419    -0.660366
6420     1.838400
6421     1.544948
6422     0.111373
6423    -2.447298
6424     0.468762
6425     0.104375
6426    -0.814234
6427     0.626276
6428     1.137792
6429    -0.109696
6430    -1.306015
6431    -1.052155
6432     0.187656
6433     0.034077
6434     0.923325
6435     0.255770
6436     0.330424
6437     1.111504
6438     0.746337
6439     0.621130
6440    -0.450999
6441    -0.614849
6442    -1.008138
6443    -1.764059
6444     1.224486
6445     0.633871
6446     0.988764
6447    -1.497515
6448     0.571776
6449     1.347446
6450     0.666281
6451     1.019919
6452     1.188439
6453    -1.330208
6454     1.256204
6455    -0.546320
6456    -0.758960
6457    -0.981896
6458     0.563768
6459    -1.002632
6460    -0.175198
6461     0.485006
6462     0.195839
6463     0.477691
6464    -0.214758
6465    -0.124547
6466    -0.533661
6467    -1.766027
6468     1.051199
6469    -1.418320
6470    -0.391436
6471     1.776575
6472    -1.220392
6473    -0.575794
6474     1.636736
6475     0.451784
6476     0.301932
6477    -0.768560
6478    -1.393241
6479    -1.502175
6480     1.727619
6481     0.265927
6482     1.847504
6483    -1.044088
6484     0.296076
6485    -1.767479
6486     0.052037
6487    -0.241626
6488     1.090971
6489    -0.044633
6490    -0.726714
6491    -0.685322
6492    -0.523830
6493    -0.293726
6494    -0.492756
6495     0.550906
6496     0.344885
6497     1.344316
6498    -0.579180
6499    -0.005716
6500     0.254268
6501    -0.666513
6502     0.119292
6503     1.160287
6504    -0.422718
6505    -0.111290
6506     0.445342
6507    -0.813649
6508     1.126976
6509    -2.088835
6510     1.112475
6511     0.812995
6512    -1.647719
6513     0.017912
6514     0.296585
6515     1.704269
6516    -0.405611
6517     0.678566
6518    -1.245868
6519    -1.453049
6520    -0.959610
6521     1.563045
6522     0.999072
6523     1.113258
6524    -2.496246
6525     0.045253
6526    -0.228425
6527     2.225674
6528     1.152969
6529    -1.097273
6530     1.380736
6531     0.830972
6532     0.015449
6533    -0.973039
6534    -0.218120
6535     0.025461
6536    -1.079102
6537    -0.165259
6538    -1.431093
6539    -0.540046
6540     1.575054
6541    -0.679849
6542     0.621069
6543    -1.606635
6544     0.628494
6545     0.016027
6546     1.424751
6547     0.640428
6548     1.089204
6549     1.591804
6550    -1.293971
6551    -0.126700
6552     0.139083
6553    -0.998811
6554    -1.525676
6555     0.000416
6556     0.339729
6557    -0.910717
6558    -1.191295
6559     0.580429
6560     0.455288
6561     0.924763
6562    -0.086266
6563    -1.072875
6564    -1.370073
6565     0.831803
6566     0.335950
6567     0.905385
6568     0.705955
6569    -0.147524
6570     1.796781
6571     0.231304
6572     0.292661
6573     0.508618
6574    -0.423205
6575     0.196229
6576    -0.929810
6577     0.140205
6578    -0.464436
6579    -0.512796
6580    -0.231554
6581    -0.924157
6582     0.527375
6583    -0.293454
6584    -1.592869
6585    -0.387673
6586    -0.376827
6587    -0.184842
6588    -0.864137
6589    -1.749180
6590    -0.114484
6591    -0.147349
6592    -0.053999
6593    -0.795269
6594     0.850879
6595     0.054914
6596     1.374896
6597     0.703571
6598     2.033853
6599     3.478226
6600    -2.363657
6601     0.080502
6602    -0.649460
6603     0.107690
6604    -0.773727
6605    -0.398176
6606    -0.289928
6607    -0.236151
6608     1.449345
6609     0.413907
6610    -1.039387
6611     0.470399
6612     0.371404
6613     0.011918
6614    -1.691500
6615     1.317729
6616     0.843691
6617    -0.948949
6618    -0.416933
6619    -0.601634
6620     0.094216
6621     0.176703
6622     0.508571
6623    -1.576523
6624    -0.133863
6625    -0.023165
6626    -0.139375
6627     0.834851
6628    -0.205382
6629     0.129001
6630     0.079618
6631     0.443457
6632     1.197414
6633    -0.094510
6634    -0.041794
6635    -0.704729
6636     0.486628
6637     0.567860
6638    -0.328553
6639     0.217874
6640     0.303218
6641    -0.253304
6642     0.707738
6643     1.941834
6644    -0.603484
6645    -0.303903
6646     0.171150
6647    -0.300743
6648     0.138141
6649    -1.034445
6650    -0.487834
6651     1.249886
6652    -1.129933
6653    -0.852013
6654    -0.110898
6655    -0.883945
6656     1.837863
6657    -1.004864
6658     1.097364
6659     3.756405
6660    -3.747270
6661    -0.825419
6662    -0.359076
6663     0.606045
6664     0.221856
6665    -0.637742
6666    -0.238376
6667     0.049554
6668     2.823300
6669    -1.424830
6670    -0.820969
6671     1.123678
6672     0.366776
6673     0.394688
6674    -2.324963
6675     0.424436
6676     0.171750
6677    -0.782153
6678    -1.091577
6679     0.602953
6680    -0.215970
6681     1.487886
6682     0.672451
6683    -1.883029
6684    -1.275922
6685    -0.786032
6686     0.665023
6687     0.776068
6688    -0.593770
6689     0.980950
6690    -0.202416
6691     1.000688
6692     2.476418
6693    -0.396177
6694    -1.302028
6695    -0.435604
6696     1.195506
6697     0.072227
6698     0.330658
6699    -0.517617
6700     1.669963
6701    -0.157479
6702     0.941549
6703    -0.067438
6704    -0.422633
6705     0.108957
6706    -0.318365
6707     0.220270
6708     0.181011
6709    -0.790486
6710    -0.593330
6711    -0.371086
6712    -0.105216
6713    -1.552869
6714    -0.098644
6715     0.157174
6716     2.615512
6717    -0.091831
6718     0.596417
6719    -1.870963
6720    -0.379758
6721    -1.159795
6722    -0.258445
6723     1.095345
6724     0.794489
6725    -0.457891
6726    -1.357909
6727    -0.397245
6728     1.467328
6729    -1.026471
6730    -1.310377
6731    -0.843819
6732     0.684949
6733     0.577434
6734    -0.840487
6735    -0.074868
6736    -0.938609
6737    -0.516201
6738     0.841310
6739     1.566996
6740     0.225011
6741     0.576055
6742     0.667157
6743    -0.737038
6744    -1.213348
6745    -1.044868
6746    -0.851825
6747     0.951360
6748    -1.398157
6749    -0.597110
6750     1.000678
6751     1.304429
6752     0.863611
6753    -0.798560
6754    -1.355422
6755    -0.418939
6756     0.515941
6757     0.479492
6758     0.828500
6759    -1.425512
6760     2.692293
6761     1.123053
6762     1.207976
6763     0.554627
6764     0.321324
6765    -0.353547
6766    -0.302582
6767    -0.942085
6768     0.370779
6769    -1.681561
6770    -1.345316
6771     1.133722
6772     0.115581
6773    -0.230554
6774    -1.442530
6775     0.198263
6776     2.166204
6777     0.217346
6778     0.637856
6779     1.044678
6780    -0.902717
6781    -0.611228
6782     0.232891
6783     0.546907
6784     0.143949
6785    -0.463838
6786    -1.268278
6787     1.381950
6788    -0.260727
6789    -0.548254
6790    -0.544606
6791    -0.389243
6792     0.043050
6793     1.458400
6794    -0.407513
6795    -0.909633
6796    -0.306714
6797     0.048018
6798     0.245414
6799    -1.061541
6800     2.096121
6801     0.102607
6802     1.526308
6803    -0.632797
6804    -1.738053
6805    -0.464710
6806    -0.272873
6807     0.286659
6808    -0.596150
6809    -0.211053
6810     0.502093
6811     2.301316
6812     0.048444
6813    -0.211325
6814    -0.898306
6815    -0.846451
6816     0.766881
6817     1.407453
6818    -0.172002
6819    -1.079276
6820     0.072091
6821     2.692291
6822     1.095631
6823     1.695575
6824    -0.697558
6825     0.291907
6826    -0.737183
6827    -0.002669
6828    -0.239518
6829    -0.566586
6830    -0.413117
6831    -0.516207
6832    -1.651040
6833    -1.507640
6834    -0.118152
6835    -1.388973
6836     0.491873
6837     2.431436
6838    -1.160004
6839     0.667844
6840     0.316112
6841    -0.423573
6842    -0.400451
6843    -0.020457
6844    -0.118981
6845     0.705244
6846    -0.799956
6847     1.185263
6848    -0.885173
6849    -0.064991
6850    -0.495854
6851    -0.746651
6852     0.092116
6853     1.333110
6854    -0.810533
6855    -0.319690
6856    -0.281783
6857    -0.491516
6858     0.290673
6859    -1.065161
6860     2.415273
6861     0.426809
6862     1.313211
6863    -0.548355
6864    -0.917355
6865    -0.283406
6866    -0.646196
6867    -0.092315
6868    -0.389275
6869    -0.471849
6870     0.121370
6871     2.740266
6872    -1.454889
6873    -0.363267
6874    -0.588824
6875    -0.484361
6876    -0.260017
6877     1.054579
6878    -0.955078
6879    -0.216377
6880     0.582354
6881     2.248088
6882    -0.080295
6883     1.481285
6884     0.453861
6885     0.945346
6886    -0.619798
6887    -0.945041
6888    -0.121353
6889    -0.626347
6890    -1.141514
6891    -0.200896
6892    -2.438675
6893     1.585195
6894    -0.091385
6895    -1.114062
6896     0.955820
6897     1.489653
6898    -1.244328
6899     1.618128
6900     0.182388
6901    -0.288089
6902     0.277554
6903    -0.320572
6904     0.117955
6905    -0.848350
6906    -0.420569
6907     0.104040
6908    -0.614843
6909    -0.147455
6910     0.383277
6911     0.196017
6912    -0.539210
6913    -0.385012
6914    -0.230708
6915    -0.610532
6916    -0.019970
6917    -0.085180
6918     0.169418
6919    -2.413091
6920     2.557054
6921     1.070416
6922     0.673789
6923    -0.350461
6924    -1.073220
6925     0.941988
6926     0.123156
6927    -0.587941
6928     0.107182
6929    -0.306317
6930     0.046973
6931     0.730775
6932     0.851034
6933    -1.277597
6934     0.670745
6935    -0.343032
6936    -0.473956
6937     0.150746
6938    -0.242898
6939    -0.511876
6940     2.262689
6941     2.023566
6942     0.039046
6943    -0.517400
6944    -1.565858
6945     2.094935
6946     1.025966
6947    -0.022840
6948    -1.021479
6949     0.321188
6950    -0.214379
6951    -0.962941
6952    -1.664241
6953     0.052890
6954     0.698457
6955    -0.588236
6956    -0.511904
6957     2.352296
6958    -1.614301
6959    -0.744500
6960     1.475806
6961    -0.025737
6962    -0.208825
6963    -0.339429
6964    -1.022150
6965    -0.217298
6966     1.762634
6967    -0.276399
6968     0.211303
6969     0.070567
6970     0.853144
6971    -0.035926
6972    -1.470579
6973    -0.490921
6974    -0.034140
6975     0.191379
6976    -0.088552
6977     0.064653
6978     0.308190
6979    -1.254353
6980     1.314036
6981     0.415140
6982     0.751123
6983    -0.294829
6984    -1.105427
6985     0.937854
6986    -0.131167
6987    -0.386134
6988     0.802423
6989    -0.813277
6990    -1.702112
6991     0.282573
6992    -1.344371
6993     0.865816
6994     0.665220
6995     0.063801
6996    -0.681611
6997     0.084933
6998     0.205336
6999    -0.045573
7000     1.758515
7001     1.677770
7002    -1.203582
7003    -1.466997
7004    -0.346871
7005     2.966223
7006     1.199576
7007    -0.305171
7008    -1.648530
7009     0.790054
7010    -0.288885
7011    -1.996272
7012    -1.679577
7013     0.557504
7014     1.355960
7015    -0.192124
7016    -0.262195
7017     1.274617
7018    -1.628605
7019     0.188549
7020     1.368724
7021     1.105672
7022     0.643598
7023    -0.392204
7024    -1.568697
7025    -0.681723
7026     0.993125
7027     0.658344
7028     0.714031
7029    -0.030653
7030     1.276814
7031     0.724852
7032    -0.740469
7033    -0.025518
7034     0.529382
7035     0.196206
7036     0.806452
7037     0.664493
7038     0.044685
7039    -0.162976
7040     1.323385
7041     0.051734
7042     0.788249
7043     0.698911
7044    -0.625047
7045     0.937574
7046     0.817979
7047    -0.286450
7048     0.931158
7049     0.156925
7050    -0.773806
7051    -1.599538
7052    -1.314969
7053     0.481263
7054     0.920941
7055     1.114211
7056    -0.541336
7057    -1.973497
7058    -1.370596
7059     0.077345
7060     0.949501
7061     0.603910
7062    -0.209503
7063    -1.338478
7064    -1.934026
7065     1.454484
7066     1.938509
7067     0.558919
7068    -1.008210
7069     1.184433
7070     0.493895
7071    -0.882114
7072    -1.625418
7073    -1.483269
7074     0.809962
7075    -0.915464
7076    -0.346896
7077     0.738373
7078    -2.288064
7079    -1.913012
7080     0.642611
7081     1.096288
7082     0.293773
7083    -0.504058
7084    -1.583471
7085     0.234032
7086     1.282153
7087     1.037164
7088    -0.224349
7089    -0.634277
7090     1.302938
7091     0.126433
7092    -0.849871
7093     0.477629
7094    -0.120793
7095    -0.610271
7096     0.944441
7097     0.205654
7098    -0.513100
7099     0.354033
7100     0.540725
7101    -0.351355
7102     0.889682
7103     0.193433
7104    -0.278276
7105     1.102929
7106     0.176617
7107    -0.540436
7108     0.988022
7109     0.004804
7110    -1.010024
7111    -2.776477
7112     0.083099
7113     1.326151
7114     1.177825
7115     0.082719
7116    -0.438626
7117    -2.001665
7118    -0.368539
7119     1.072201
7120     1.173091
7121    -0.130119
7122    -0.605294
7123    -1.676343
7124    -0.259885
7125     0.987223
7126     1.628514
7127     0.175749
7128    -1.553633
7129     1.023314
7130     0.190351
7131    -0.342038
7132    -2.179302
7133    -0.371214
7134     1.727213
7135    -0.480125
7136     0.006971
7137     0.102513
7138    -2.498487
7139    -0.839460
7140     1.733806
7141     0.693860
7142     0.423255
7143    -0.409639
7144    -1.806622
7145    -0.534370
7146     1.284883
7147     0.744673
7148     0.287180
7149    -0.694389
7150     1.007837
7151     0.267735
7152    -0.703006
7153     0.221011
7154     0.278377
7155    -0.588791
7156     0.989885
7157     0.214091
7158    -0.387957
7159     0.642113
7160     0.283892
7161    -0.218767
7162     1.605441
7163     0.366794
7164    -0.427123
7165     0.808561
7166     0.301646
7167    -0.436361
7168     1.420775
7169    -0.038125
7170    -0.888180
7171    -2.173379
7172     0.033626
7173     1.174064
7174     0.923813
7175     0.319115
7176    -0.377972
7177    -1.773120
7178    -0.584262
7179     1.079292
7180     0.612858
7181     0.231506
7182    -0.582799
7183    -1.982943
7184    -0.647993
7185     1.000161
7186     1.589292
7187     0.410550
7188    -1.363420
7189     1.752613
7190     0.439761
7191    -0.543647
7192    -1.311785
7193    -0.466041
7194     1.509005
7195    -1.262649
7196     0.279909
7197    -0.024829
7198    -2.702233
7199    -1.866646
7200     1.599475
7201     0.369385
7202     0.659666
7203     0.096716
7204    -2.491599
7205    -1.259583
7206     1.619659
7207     1.729141
7208     0.278231
7209    -1.049140
7210     0.276150
7211     0.400427
7212    -0.574690
7213     0.268497
7214     0.301652
7215    -0.374313
7216     1.492379
7217     0.022557
7218    -0.689235
7219     0.437862
7220     0.172102
7221    -0.200315
7222     0.630738
7223     0.651422
7224    -0.511922
7225     0.708225
7226     0.273693
7227    -0.352767
7228     1.123354
7229    -0.020458
7230    -0.738266
7231    -1.696640
7232     0.579331
7233     0.634372
7234    -0.368533
7235     0.628716
7236    -0.026566
7237    -1.744722
7238    -1.079560
7239     0.582484
7240     1.101187
7241     0.221273
7242    -0.408496
7243    -1.583375
7244    -0.878914
7245     1.060632
7246     2.399898
7247     0.699730
7248    -1.313661
7249     1.378791
7250     0.653445
7251    -0.585963
7252    -0.876087
7253    -0.836250
7254     1.001460
7255    -1.097263
7256     0.682570
7257     0.654943
7258    -2.057389
7259    -2.150049
7260     1.175066
7261     0.063107
7262     0.153449
7263     0.391364
7264    -2.198020
7265     0.610053
7266     2.159867
7267     0.623483
7268    -0.570457
7269    -1.655075
7270     1.053641
7271    -0.224641
7272    -0.451334
7273     0.021911
7274    -0.705897
7275    -0.186936
7276     0.756891
7277    -0.319733
7278    -1.562962
7279    -0.157917
7280    -0.625057
7281    -0.236418
7282     0.162823
7283    -0.451750
7284    -0.217520
7285     0.552212
7286    -0.227034
7287    -0.629729
7288     2.189499
7289    -0.379243
7290    -1.253522
7291    -1.394218
7292     1.772028
7293     0.767827
7294    -0.211023
7295     0.082446
7296     0.313596
7297    -0.888265
7298     0.253437
7299     0.798881
7300     0.853840
7301    -0.750846
7302    -0.376134
7303    -1.143754
7304     0.847218
7305     0.916643
7306     2.677793
7307    -0.062157
7308    -1.778019
7309     0.995088
7310    -0.192910
7311    -0.549296
7312    -1.714232
7313    -0.096858
7314     0.725236
7315    -0.341973
7316     0.902868
7317     1.560012
7318    -1.900887
7319    -0.014917
7320     1.263521
7321    -1.185178
7322     0.833744
7323     1.231260
7324    -0.793553
7325    -0.087629
7326     0.719531
7327    -1.394993
7328     0.361709
7329     1.015115
7330     0.242514
7331     0.338490
7332    -0.139503
7333    -1.532458
7334    -0.231406
7335     0.799175
7336    -0.820498
7337     0.232240
7338     0.721715
7339    -1.441022
7340     0.223012
7341    -0.365917
7342    -1.790579
7343     0.601215
7344     1.484465
7345    -0.889033
7346     0.337048
7347     0.422852
7348     2.342543
7349    -0.133254
7350    -1.384948
7351    -0.228289
7352     0.592541
7353     0.668521
7354    -1.157536
7355     0.585325
7356     0.263953
7357     1.999144
7358    -1.127190
7359    -1.187137
7360     0.145063
7361    -0.281491
7362    -0.840389
7363     1.970628
7364    -0.621782
7365    -0.630811
7366     2.677611
7367     0.245177
7368    -1.522974
7369     0.288473
7370     0.236536
7371     0.163747
7372    -0.354562
7373    -1.425395
7374    -0.418307
7375     1.584906
7376     0.162435
7377     0.260480
7378     0.336821
7379    -0.841323
7380    -1.260830
7381    -0.913847
7382     0.063074
7383     1.662560
7384    -0.989688
7385     0.490748
7386     0.436458
7387    -1.010809
7388     0.023031
7389     0.824232
7390     1.118520
7391    -0.105817
7392    -0.131801
7393     0.104598
7394    -0.251535
7395     0.321391
7396    -0.460087
7397     0.002240
7398     0.541177
7399    -0.634431
7400    -0.778482
7401    -0.351601
7402    -0.988138
7403    -0.127375
7404     1.921561
7405    -0.721035
7406    -0.010733
7407     0.277564
7408     1.429877
7409    -0.652444
7410    -0.661134
7411    -0.848762
7412    -0.779710
7413     1.256884
7414    -0.896211
7415     0.293828
7416    -0.011700
7417     2.503802
7418    -0.758935
7419    -1.928686
7420    -0.648491
7421    -0.134913
7422    -1.309225
7423     1.181286
7424    -0.541853
7425    -0.478331
7426     1.644909
7427    -0.343113
7428    -0.712861
7429    -1.014473
7430    -0.081047
7431     1.172619
7432     0.388017
7433     2.196387
7434    -1.153408
7435     0.260477
7436    -0.543442
7437     0.716451
7438     0.494485
7439     2.040090
7440    -2.392152
7441    -0.853997
7442     0.255660
7443     1.100961
7444    -0.557777
7445    -0.510673
7446     0.744160
7447    -0.832751
7448    -0.105126
7449     0.793854
7450     1.294787
7451    -0.020679
7452    -1.024009
7453    -0.192439
7454    -0.086520
7455    -0.016481
7456    -0.565970
7457     0.413886
7458     0.832789
7459    -0.603942
7460    -0.319521
7461    -1.068877
7462    -0.684144
7463    -0.128853
7464     0.461669
7465    -0.792058
7466     0.316384
7467     0.686622
7468     1.136202
7469     0.461481
7470    -0.565276
7471    -1.532158
7472    -0.013739
7473     1.692087
7474    -0.873149
7475     0.241631
7476     0.746346
7477     1.890620
7478    -0.469373
7479    -0.033522
7480    -0.768652
7481     0.058804
7482     1.020422
7483     0.887054
7484    -0.141450
7485    -0.256410
7486     1.388492
7487     0.456593
7488    -0.535487
7489    -0.815741
7490    -0.323751
7491     1.081762
7492     1.358627
7493     0.434239
7494    -3.404960
7495    -0.342648
7496    -0.316992
7497     1.127942
7498     1.459643
7499    -0.202003
7500    -3.383594
7501     0.178838
7502     0.577321
7503     0.854651
7504     0.652536
7505    -0.076790
7506     0.072528
7507    -0.792361
7508    -0.533929
7509     1.054117
7510     0.367067
7511    -0.180752
7512    -0.263511
7513    -0.038741
7514    -0.264999
7515    -0.227130
7516     0.366564
7517    -0.641771
7518     1.115435
7519    -0.444371
7520     0.573680
7521    -2.467281
7522    -0.943070
7523     0.511844
7524     0.300631
7525     0.325985
7526    -0.261480
7527     0.472960
7528    -0.297945
7529     0.748492
7530     0.931905
7531     0.680120
7532     0.619349
7533     0.621848
7534    -0.258447
7535    -0.530553
7536     0.931495
7537     0.613702
7538     0.082658
7539     0.764938
7540     0.036683
7541    -0.520926
7542     0.998036
7543     0.397844
7544    -0.425847
7545    -0.167948
7546     0.839911
7547    -0.416438
7548     0.848376
7549    -0.121246
7550    -0.222929
7551     0.993220
7552    -0.719618
7553     0.256431
7554    -3.711984
7555     0.008501
7556    -0.266749
7557     0.661861
7558    -0.851954
7559     0.973387
7560    -3.784148
7561     0.134007
7562     0.687380
7563     1.135042
7564     0.484385
7565     0.216492
7566     0.342552
7567    -0.723869
7568     0.912027
7569     0.425488
7570     0.224696
7571     0.002628
7572     0.741997
7573    -0.106733
7574     0.028410
7575    -0.260393
7576     0.269239
7577     0.779096
7578     0.898734
7579    -0.104652
7580     0.200417
7581     0.907444
7582    -0.815657
7583     0.743233
7584    -0.379286
7585     0.158414
7586     0.505482
7587     0.934282
7588    -0.095267
7589     0.462349
7590     1.118059
7591     0.397049
7592     0.229028
7593     0.840314
7594    -0.125139
7595     0.456082
7596     0.985572
7597     0.342518
7598     0.211553
7599    -0.144933
7600     0.073764
7601     0.574772
7602     0.616907
7603     0.407000
7604    -2.297371
7605    -2.598981
7606     0.624564
7607     0.007949
7608     0.270395
7609    -0.196718
7610     0.593479
7611     1.128415
7612    -0.711422
7613    -1.401320
7614    -2.923521
7615     0.388511
7616    -3.209481
7617    -2.235657
7618    -0.624691
7619     0.297793
7620    -1.802429
7621     0.529408
7622     0.521497
7623     0.637047
7624     0.211499
7625     0.316427
7626     0.432839
7627    -0.166134
7628     0.326510
7629    -0.152135
7630     0.118342
7631     0.601299
7632     0.485664
7633    -0.072103
7634    -0.389974
7635    -0.195588
7636     0.592186
7637     0.898327
7638     0.442245
7639     0.425191
7640     0.182063
7641     0.339331
7642    -0.212046
7643    -1.085662
7644    -0.153925
7645     0.363873
7646     0.584882
7647     0.469924
7648     0.315360
7649     1.159234
7650     0.202612
7651     0.318445
7652     1.033687
7653     0.383296
7654     0.026963
7655     0.390855
7656     0.761291
7657     0.535695
7658    -1.645316
7659     0.886571
7660     0.456930
7661    -0.412963
7662     0.747337
7663     0.167324
7664    -1.830223
7665    -2.472774
7666    -0.227221
7667     1.729883
7668     0.361669
7669     0.092583
7670    -0.136281
7671     1.044927
7672    -0.997606
7673    -2.604795
7674    -1.875900
7675     0.101444
7676    -1.786642
7677    -2.314456
7678    -2.580133
7679     2.147191
7680    -0.029975
7681     0.276412
7682     0.997444
7683     0.417111
7684    -0.318121
7685     0.687062
7686    -0.091612
7687     1.148287
7688     0.444915
7689     1.533488
7690     0.277549
7691     2.631795
7692    -0.137276
7693    -0.757307
7694    -0.136291
7695    -0.645518
7696    -0.312590
7697    -0.297357
7698    -1.132748
7699    -0.282770
7700    -0.626075
7701    -0.976420
7702     1.271485
7703    -0.858952
7704     1.303748
7705     0.078630
7706     1.160647
7707     0.773907
7708    -0.511681
7709    -0.820364
7710    -0.647751
7711    -0.149623
7712     0.957892
7713     0.149145
7714    -0.035983
7715     0.770221
7716     2.029638
7717    -0.270589
7718    -2.144185
7719    -1.538966
7720     0.038458
7721     0.371934
7722    -1.458080
7723     0.183927
7724    -1.020107
7725    -0.604890
7726     0.177250
7727    -0.589220
7728    -0.197644
7729     0.894137
7730     0.942269
7731     0.924739
7732     1.421989
7733    -0.129482
7734     0.167490
7735     0.203961
7736    -1.145493
7737    -0.308306
7738    -3.333419
7739    -1.196650
7740     0.439943
7741    -1.468238
7742     1.813246
7743     0.411583
7744     0.995810
7745    -0.608534
7746    -1.717893
7747     1.592217
7748    -0.650460
7749    -1.195770
7750    -0.654436
7751     1.916271
7752     0.469537
7753     1.129154
7754    -0.426089
7755     2.775798
7756    -0.497734
7757    -0.264420
7758    -0.043681
7759     0.572559
7760    -1.051010
7761    -1.016789
7762    -0.206105
7763    -0.118765
7764     0.669189
7765    -0.295307
7766     0.730620
7767    -0.474970
7768    -0.324093
7769    -0.582518
7770    -1.629131
7771     0.783268
7772    -0.335669
7773     0.425250
7774    -0.324704
7775     0.502853
7776    -0.150939
7777    -0.466104
7778    -0.338968
7779     2.077805
7780    -0.930519
7781     1.225505
7782     0.047776
7783    -0.625978
7784    -0.225104
7785    -0.552778
7786     0.010888
7787    -0.320972
7788    -1.934543
7789     0.031070
7790     0.583353
7791     1.265550
7792    -0.636230
7793     1.072455
7794     0.329447
7795    -0.424919
7796    -0.404191
7797    -0.461277
7798     1.739403
7799    -2.517602
7800     0.705838
7801     1.446489
7802    -0.679094
7803    -1.222481
7804     0.369178
7805     0.859868
7806     0.439459
7807     0.756109
7808     0.215654
7809    -0.098750
7810     0.180932
7811     0.218010
7812    -1.252329
7813     0.774864
7814    -0.243501
7815     3.018497
7816    -1.408831
7817     1.719311
7818     0.955867
7819     0.047749
7820    -0.571139
7821    -0.450849
7822    -0.038852
7823     0.178953
7824     2.345869
7825    -0.004829
7826    -0.029238
7827     0.152424
7828    -0.733241
7829    -0.374273
7830    -1.532872
7831     0.612474
7832    -0.103393
7833     1.623527
7834     0.276942
7835    -0.721995
7836    -0.396424
7837    -0.593868
7838    -0.185538
7839     1.946726
7840    -0.745915
7841     0.756915
7842     0.591543
7843    -1.159512
7844     0.441673
7845    -0.147011
7846    -0.473230
7847    -0.006650
7848    -1.551755
7849     0.075302
7850     0.437646
7851    -1.589887
7852     0.099527
7853    -0.325183
7854    -0.560885
7855    -1.021344
7856     0.501906
7857     0.039766
7858     1.540055
7859    -2.089934
7860    -2.310436
7861    -1.799429
7862     0.604134
7863    -3.158196
7864     0.254402
7865     0.276370
7866     0.816966
7867    -0.860176
7868    -0.164952
7869    -0.307146
7870    -1.132218
7871     0.971224
7872    -3.197559
7873     0.636679
7874    -0.715849
7875     1.145570
7876     0.936332
7877     1.277982
7878     0.384065
7879     0.457846
7880    -0.700171
7881     0.911498
7882     0.328052
7883    -0.379640
7884     0.854362
7885     1.289531
7886    -0.305941
7887     0.757351
7888     0.888375
7889    -0.241631
7890     0.261712
7891     0.107803
7892    -0.471567
7893     1.701044
7894    -1.502439
7895     0.347091
7896    -2.476888
7897     0.116802
7898    -0.597540
7899     1.310359
7900     0.586998
7901     0.302026
7902     0.723641
7903     0.311460
7904     0.007599
7905     0.111607
7906     0.405795
7907    -0.084554
7908     0.197523
7909    -1.685929
7910     0.291694
7911    -1.969278
7912     0.695522
7913     0.255662
7914     0.786917
7915     0.034024
7916     0.001806
7917     0.345802
7918    -0.069429
7919    -0.673745
7920     0.800650
7921     2.475111
7922     0.209883
7923     0.397955
7924    -1.241018
7925     0.615132
7926     0.409635
7927    -1.106950
7928    -0.359361
7929    -0.382105
7930     3.434629
7931     0.372288
7932     0.001587
7933    -1.004393
7934     0.225508
7935    -0.143555
7936    -0.083651
7937     0.822718
7938     0.829106
7939    -1.293453
7940    -0.136077
7941    -0.045333
7942    -1.370349
7943     0.129604
7944     0.849518
7945     1.792211
7946    -0.263244
7947    -0.798689
7948    -0.535335
7949    -0.336222
7950     0.489493
7951     0.694832
7952    -1.551752
7953     0.512402
7954     2.939713
7955    -0.018348
7956     0.370049
7957    -1.101346
7958    -0.614388
7959     0.825057
7960    -0.532478
7961     0.422293
7962    -0.568665
7963    -1.527607
7964     0.666632
7965     0.225192
7966    -0.207334
7967    -0.542367
7968    -1.127005
7969     1.576049
7970     0.056132
7971    -0.556750
7972    -1.290772
7973     1.201036
7974     0.122954
7975    -1.250140
7976     0.154841
7977    -0.404373
7978    -0.367718
7979    -1.054307
7980    -1.006471
7981     0.999799
7982    -0.708093
7983     0.947195
7984    -1.091997
7985     0.211827
7986     1.285059
7987     0.090266
7988    -1.206009
7989     0.260679
7990     1.009185
7991    -0.534690
7992     0.531302
7993    -0.333450
7994    -0.734084
7995     0.743135
7996    -0.160663
7997     2.163650
7998    -1.200470
7999    -0.278351
8000    -1.076304
8001     0.379784
8002    -0.386355
8003    -0.906085
8004     0.743029
8005     1.005607
8006     1.711853
8007    -2.065920
8008     0.076735
8009     1.697994
8010    -1.515602
8011    -0.362695
8012    -1.058963
8013     0.648133
8014     1.128259
8015    -0.734522
8016     0.899823
8017    -0.348627
8018    -0.987794
8019     1.212077
8020    -0.403604
8021    -0.511198
8022     0.546681
8023    -0.541367
8024     0.818113
8025    -1.778030
8026    -0.066172
8027     1.818382
8028    -1.886117
8029     1.342844
8030    -0.656055
8031     0.878335
8032     0.060822
8033     1.467013
8034    -1.963733
8035    -0.816274
8036    -0.094143
8037     1.112266
8038    -0.923962
8039    -0.680894
8040     0.222373
8041     1.139515
8042    -1.008043
8043     0.920299
8044    -1.157237
8045    -0.270796
8046     1.260439
8047    -0.795001
8048    -0.331197
8049    -0.119650
8050     0.793546
8051    -0.820768
8052     1.207624
8053    -0.793706
8054    -0.599762
8055     0.264099
8056     1.146720
8057     2.015791
8058    -1.057190
8059    -0.930824
8060    -0.321675
8061    -0.176991
8062    -0.987527
8063    -0.345364
8064     0.143466
8065     1.678194
8066     1.784531
8067    -1.855536
8068     1.292468
8069     1.694984
8070    -1.308818
8071    -0.553471
8072    -1.113681
8073     0.542187
8074     1.049538
8075    -1.046692
8076     0.949054
8077    -0.812491
8078    -0.476427
8079     0.358149
8080    -0.782121
8081    -0.537520
8082     0.188013
8083    -0.907374
8084     0.389379
8085    -1.322659
8086     1.289184
8087     1.872818
8088    -1.360873
8089     1.171549
8090    -0.981581
8091     0.681108
8092    -0.848255
8093     1.300376
8094    -1.389038
8095    -1.085578
8096    -0.414706
8097     0.998055
8098     0.092870
8099    -0.789668
8100     1.078263
8101     0.141748
8102    -1.233090
8103     1.304722
8104    -0.619290
8105    -0.235341
8106     1.436409
8107    -0.426785
8108     0.411705
8109    -0.862675
8110     0.763939
8111    -0.890873
8112     0.851782
8113    -0.268619
8114    -0.463141
8115    -0.066679
8116     1.326409
8117     2.042106
8118    -1.110648
8119    -0.693724
8120    -0.445831
8121    -0.486948
8122    -0.492512
8123    -0.642533
8124     0.885923
8125     1.969309
8126     1.727770
8127    -2.064289
8128     1.292901
8129     1.658199
8130    -1.435140
8131    -0.712670
8132    -0.336038
8133    -0.234425
8134    -0.135892
8135    -0.872091
8136     1.101290
8137    -0.204787
8138    -0.576378
8139     0.402867
8140    -0.445313
8141    -0.959650
8142     0.514699
8143    -0.449128
8144     0.241731
8145    -0.984311
8146     1.764387
8147     1.969648
8148    -1.721833
8149    -0.099331
8150    -0.886552
8151     1.212657
8152    -1.454686
8153     1.165876
8154    -0.659049
8155    -0.941283
8156    -0.426359
8157     0.758067
8158    -0.314673
8159    -1.249160
8160     1.157580
8161    -0.617714
8162    -0.778123
8163     0.303156
8164     0.587763
8165    -0.168649
8166     2.487722
8167     0.584958
8168    -0.598838
8169    -0.166591
8170     0.073831
8171    -0.151687
8172    -0.398546
8173     1.184772
8174    -1.353267
8175     0.716811
8176    -0.516294
8177     1.448807
8178    -0.948661
8179     0.484500
8180    -0.669761
8181    -0.390624
8182     0.615469
8183    -0.457818
8184     0.930518
8185     0.097053
8186     2.039042
8187    -2.492777
8188    -0.829569
8189     1.111479
8190    -1.690503
8191     0.205572
8192     0.124995
8193    -0.853750
8194    -1.078764
8195     0.212899
8196     0.487174
8197     0.960592
8198    -0.524027
8199     1.797355
8200     0.668719
8201    -0.870989
8202     0.915962
8203     0.424866
8204    -0.330191
8205    -0.126820
8206    -0.370820
8207     2.096504
8208    -2.490531
8209    -0.867796
8210    -0.103437
8211     0.234439
8212    -0.885205
8213     0.601665
8214    -0.739436
8215    -0.185773
8216    -0.566574
8217     2.409518
8218    -0.536161
8219    -1.062032
8220     0.015584
8221     0.489348
8222    -1.481419
8223    -0.372847
8224    -0.582484
8225     0.137246
8226     0.694163
8227     0.905918
8228     0.453378
8229    -1.422176
8230     0.942917
8231    -1.164786
8232    -2.068044
8233     0.731570
8234    -0.253902
8235    -0.715051
8236    -0.666082
8237     1.247323
8238     2.382670
8239     0.807729
8240     0.398195
8241    -1.689870
8242    -0.250273
8243     0.624976
8244    -0.798421
8245    -0.205363
8246    -0.182348
8247    -0.024927
8248    -0.932810
8249     0.175274
8250     1.278879
8251    -0.190291
8252     2.094368
8253    -1.918654
8254    -0.303082
8255    -0.729798
8256    -0.522251
8257     0.297232
8258    -0.425282
8259    -0.178986
8260     0.825870
8261    -0.265031
8262    -0.607603
8263    -0.461810
8264     0.659934
8265     3.188540
8266    -0.885951
8267     0.351021
8268     0.277246
8269     0.001677
8270    -0.901934
8271    -0.749301
8272    -0.718362
8273     0.837789
8274     2.128969
8275    -0.560378
8276    -0.107971
8277     1.102765
8278     0.754625
8279    -1.467033
8280     0.014900
8281     0.043036
8282    -0.377128
8283    -0.386528
8284     0.826854
8285    -1.039303
8286    -0.443807
8287    -0.771507
8288     1.577671
8289     0.789751
8290     0.010313
8291    -0.168672
8292    -1.950252
8293    -1.001823
8294     1.614663
8295     0.847324
8296     0.247327
8297    -0.009781
8298    -0.144578
8299    -0.970148
8300     0.796531
8301     0.774272
8302    -1.167672
8303     1.972700
8304     0.863275
8305     1.484109
8306    -1.466029
8307    -2.036018
8308     0.042629
8309    -1.485371
8310    -1.536776
8311    -0.608005
8312     1.231868
8313    -0.244341
8314     0.387691
8315    -1.275546
8316    -0.146592
8317    -1.027402
8318     1.445341
8319     1.112332
8320    -1.068289
8321     1.459936
8322     1.498956
8323     0.436794
8324     0.007210
8325     1.353237
8326     0.317989
8327    -0.545696
8328    -1.630905
8329     0.563581
8330    -1.019600
8331    -0.443591
8332     0.386271
8333    -1.020615
8334     0.027566
8335     0.597725
8336    -0.686326
8337     1.282649
8338     1.270527
8339    -1.011852
8340     0.414028
8341    -1.000512
8342    -0.364252
8343    -2.523649
8344     0.425733
8345    -0.779778
8346    -0.333636
8347     0.285772
8348     1.195746
8349     1.235933
8350    -0.955123
8351     0.483116
8352    -2.470394
8353     0.282968
8354     1.036220
8355     1.416029
8356     0.051823
8357     0.447068
8358     0.387149
8359    -0.372178
8360     0.743083
8361     1.530773
8362     0.387996
8363     1.148133
8364     1.091266
8365     0.001408
8366    -0.836225
8367    -0.848984
8368     0.215688
8369    -1.747600
8370    -0.823260
8371     0.303907
8372     0.994916
8373     0.967739
8374    -0.949764
8375    -1.023837
8376    -1.697872
8377     0.217452
8378     0.806283
8379     1.600789
8380    -0.179654
8381     1.237522
8382     1.504358
8383     0.547508
8384     0.170789
8385     1.199508
8386     0.400999
8387    -0.435411
8388    -0.753761
8389    -1.023536
8390    -0.633748
8391    -1.997264
8392     0.769669
8393    -1.222613
8394     0.485094
8395     0.312908
8396    -0.327608
8397     1.282559
8398     0.276935
8399    -0.891805
8400    -1.252376
8401    -1.007443
8402    -0.977381
8403    -2.611792
8404     0.411506
8405    -1.174057
8406    -0.589380
8407     0.323383
8408     0.956689
8409     1.223172
8410    -1.098743
8411     0.089338
8412    -2.766752
8413     0.032310
8414    -0.021734
8415     1.044961
8416    -0.436923
8417     0.395839
8418    -0.221305
8419     0.029080
8420     0.729343
8421     2.198072
8422     0.173586
8423     0.105063
8424     0.744536
8425     0.413115
8426     0.498211
8427     0.058356
8428     0.740449
8429     0.194170
8430     0.860762
8431     0.396748
8432     0.082307
8433     0.897999
8434    -1.190611
8435    -0.179582
8436    -2.215736
8437     0.120233
8438    -0.045520
8439     1.397153
8440     0.009749
8441     0.977740
8442     1.875207
8443     0.507520
8444     0.112628
8445     0.911896
8446     0.537155
8447     0.731283
8448    -0.383799
8449    -1.234289
8450     0.017393
8451    -2.405110
8452     0.533532
8453    -1.196749
8454     0.017224
8455     0.541095
8456    -0.105152
8457     1.386804
8458     0.198547
8459    -1.189828
8460    -1.422267
8461    -1.739049
8462    -0.404149
8463    -2.532218
8464    -0.468580
8465    -0.289902
8466     0.128024
8467     1.308915
8468     0.053489
8469     0.446325
8470    -1.612449
8471     0.607397
8472    -2.725528
8473     0.278247
8474    -0.269895
8475    -0.448521
8476     0.176113
8477    -0.378929
8478     0.199322
8479     0.673855
8480    -0.221631
8481     0.691656
8482     0.655101
8483    -0.331335
8484    -0.371174
8485     0.114634
8486     0.751563
8487     1.636190
8488     0.660583
8489     0.604905
8490     1.566714
8491     0.572840
8492     0.051043
8493     1.255812
8494    -1.818585
8495     0.449311
8496    -2.093262
8497     0.667967
8498    -0.582094
8499     0.325372
8500     0.869499
8501    -0.223210
8502     0.201865
8503     0.688925
8504     0.356427
8505     0.650074
8506     0.396267
8507     0.928513
8508     0.937791
8509    -1.667018
8510     0.409924
8511    -2.307653
8512     0.398324
8513    -0.894458
8514     0.214272
8515     0.609865
8516     0.018619
8517     2.327368
8518    -0.765453
8519    -0.635586
8520    -0.102430
8521    -1.164762
8522     1.648709
8523    -2.086033
8524     0.095276
8525    -1.298476
8526     0.755391
8527    -0.219518
8528    -0.275729
8529    -1.694386
8530    -0.621556
8531     1.374164
8532    -1.951147
8533     0.423078
8534    -0.522971
8535    -0.677883
8536     0.420282
8537    -0.291982
8538     0.555411
8539     0.240037
8540    -0.373540
8541     0.534605
8542     0.690238
8543    -0.416721
8544    -0.918565
8545    -0.215540
8546     1.512243
8547     2.085324
8548     0.560376
8549    -0.382472
8550     1.748280
8551    -0.209141
8552    -0.721889
8553     0.553723
8554    -1.159401
8555     0.885779
8556    -1.422445
8557     0.081305
8558    -0.416048
8559    -0.600554
8560     0.161747
8561    -0.166637
8562    -0.876653
8563     0.785444
8564    -0.488817
8565     0.455956
8566     0.947588
8567    -0.223124
8568     1.797214
8569    -1.029570
8570     0.975083
8571    -1.753725
8572     0.748728
8573    -1.048319
8574     0.661890
8575    -0.043762
8576    -0.818688
8577     2.291207
8578    -0.490849
8579     1.049434
8580     0.542393
8581    -1.746602
8582    -1.671188
8583     0.284265
8584    -0.123565
8585    -0.455781
8586     0.536894
8587    -1.151001
8588     0.229703
8589     0.053562
8590    -0.428492
8591    -1.477459
8592     0.137428
8593     0.332942
8594     0.155076
8595    -0.894686
8596     0.697243
8597     0.330143
8598     0.458982
8599     0.503342
8600    -0.152814
8601    -0.430439
8602     0.307032
8603     0.701283
8604    -0.269266
8605     0.847798
8606     0.345972
8607     1.844464
8608     0.859679
8609     1.163589
8610     0.422690
8611    -0.392674
8612    -0.029646
8613    -0.660827
8614    -2.213132
8615    -0.184007
8616     0.168166
8617    -0.068696
8618    -0.216060
8619    -0.584765
8620    -0.245332
8621     0.473351
8622    -0.831984
8623     1.792952
8624     0.247882
8625    -1.216301
8626     1.759837
8627     1.364943
8628     1.446495
8629    -1.999649
8630    -0.033807
8631    -0.499010
8632     0.950007
8633     0.182571
8634    -0.810399
8635     0.744280
8636    -1.236681
8637    -0.356534
8638    -0.425969
8639     0.262929
8640     1.201266
8641    -0.235782
8642    -1.818417
8643     1.208363
8644     0.109739
8645    -0.242448
8646     0.617740
8647    -0.794668
8648     0.524829
8649    -0.158305
8650     0.597276
8651    -2.699181
8652    -0.177046
8653    -0.120172
8654     0.980414
8655    -0.546839
8656    -0.434154
8657     1.346089
8658    -0.236305
8659    -0.184264
8660     1.138969
8661    -0.043738
8662    -0.109616
8663     0.702330
8664    -0.519224
8665     0.637231
8666    -2.205974
8667     0.293107
8668    -0.128205
8669     1.779276
8670    -0.021341
8671    -0.530511
8672     1.271949
8673     0.165583
8674    -0.025826
8675    -2.569912
8676     0.846434
8677    -0.348792
8678     0.367020
8679    -0.527991
8680    -0.156376
8681     0.279645
8682    -0.681102
8683     1.075063
8684     1.337741
8685    -0.596930
8686     0.736792
8687     1.455028
8688     0.002240
8689     0.357681
8690    -2.784229
8691     1.109536
8692     0.835351
8693     0.251787
8694    -0.323648
8695    -0.142018
8696     0.551784
8697     0.034923
8698    -1.138748
8699     0.333301
8700    -0.445457
8701    -0.422818
8702    -1.834231
8703     1.338646
8704    -0.667565
8705    -1.129185
8706     1.345275
8707    -0.433379
8708     1.013215
8709    -0.399700
8710    -0.335671
8711    -2.080631
8712     1.402456
8713     0.050327
8714     1.026925
8715    -0.722927
8716    -0.290155
8717     1.343079
8718    -0.540462
8719     0.415456
8720     0.047830
8721    -0.888557
8722    -0.136545
8723     1.129736
8724    -0.595491
8725    -0.033809
8726    -0.679664
8727     0.892802
8728     0.407820
8729     0.529993
8730    -0.742071
8731     0.321018
8732     0.090772
8733    -0.943717
8734     0.016677
8735    -1.955185
8736     0.921948
8737    -0.087933
8738     1.333407
8739    -0.873170
8740    -0.305806
8741     1.270771
8742    -0.497890
8743     1.153233
8744    -0.279531
8745    -0.483249
8746    -0.118247
8747    -1.771424
8748     1.089911
8749     0.249637
8750    -1.841810
8751     1.201959
8752    -0.093177
8753     2.259679
8754     1.003614
8755     0.878796
8756     0.059081
8757    -1.419996
8758    -0.567860
8759     1.467172
8760    -1.089382
8761    -0.167147
8762    -1.997636
8763     2.382306
8764     0.018200
8765    -2.853471
8766     2.069863
8767    -0.085544
8768     0.484050
8769     0.334238
8770    -0.806375
8771    -0.166690
8772     1.684804
8773     0.445295
8774     0.432400
8775    -0.790070
8776     0.063058
8777     0.530840
8778    -0.136425
8779     0.201703
8780     0.979674
8781     0.256556
8782     0.571495
8783    -0.256427
8784     0.098128
8785    -0.231384
8786    -0.044967
8787     0.389925
8788     0.424785
8789     1.168366
8790     0.818271
8791     0.480586
8792     0.326821
8793     0.576343
8794    -0.683912
8795    -0.183270
8796     0.407744
8797     0.432932
8798     0.152670
8799    -0.663885
8800     0.358458
8801    -0.439001
8802    -0.029684
8803     0.095590
8804     0.350270
8805    -3.582658
8806    -1.034986
8807     0.465224
8808     0.249565
8809    -0.694939
8810     0.140436
8811     0.719574
8812    -0.069794
8813     0.905476
8814    -1.200566
8815     0.827181
8816     0.359015
8817    -1.572351
8818    -0.145202
8819    -0.353781
8820    -2.011677
8821     0.736432
8822    -0.401625
8823     2.965079
8824    -0.535116
8825    -0.674165
8826     4.121985
8827    -0.038761
8828    -0.222090
8829    -0.122584
8830     0.540071
8831    -0.486014
8832    -0.006918
8833    -0.614653
8834     0.730726
8835     0.810247
8836    -0.335584
8837    -0.297285
8838    -0.313471
8839     0.413770
8840    -0.268637
8841    -0.889865
8842     0.331241
8843     0.144585
8844     0.834815
8845     0.737476
8846     0.284382
8847    -0.795461
8848     0.492609
8849     0.024908
8850     0.296299
8851     0.483983
8852    -0.342246
8853     0.485921
8854    -0.448154
8855    -0.234325
8856     0.004859
8857    -0.100019
8858     0.608396
8859     0.183748
8860     0.424710
8861     0.575379
8862     0.456867
8863    -0.300225
8864    -0.049907
8865    -3.830026
8866    -0.140116
8867     0.363937
8868    -1.313859
8869     0.004725
8870    -0.360220
8871    -0.670491
8872    -0.677662
8873     0.347782
8874    -0.978919
8875    -0.139758
8876     0.192153
8877    -0.324502
8878    -0.834970
8879     0.064266
8880    -0.913723
8881     0.342569
8882    -0.267182
8883    -0.701469
8884     0.734596
8885     2.691930
8886     0.684767
8887    -0.771969
8888    -0.734007
8889    -0.253676
8890     1.493228
8891    -0.421966
8892    -0.545276
8893    -2.156495
8894    -0.321304
8895    -0.055472
8896     0.373559
8897     0.221767
8898     0.439392
8899    -0.122620
8900    -1.094048
8901     0.741605
8902     0.145680
8903    -0.160719
8904     0.157432
8905     0.020019
8906    -0.590853
8907     0.446767
8908     1.101799
8909     0.830306
8910    -1.909553
8911    -0.071043
8912    -1.348206
8913     0.752851
8914    -0.427011
8915    -0.309512
8916    -1.335245
8917    -0.375397
8918     0.354046
8919     0.464005
8920    -1.547924
8921    -1.032772
8922    -0.614935
8923     0.221879
8924     0.091790
8925    -0.368483
8926    -0.535874
8927    -0.232354
8928     1.104098
8929     0.414044
8930    -0.264163
8931     0.040978
8932     0.332133
8933     1.129584
8934     0.006326
8935    -0.144149
8936     0.151327
8937     2.664905
8938     0.972976
8939     1.306339
8940    -1.719016
8941     0.849964
8942     0.372260
8943    -0.179718
8944     1.627890
8945     2.118389
8946     0.229674
8947    -0.329743
8948     0.128670
8949    -0.050638
8950    -1.548180
8951     0.748201
8952     0.472205
8953    -0.734518
8954    -0.351846
8955    -0.359718
8956    -0.549669
8957    -1.023490
8958    -0.021456
8959    -0.607989
8960    -0.317061
8961     0.730019
8962    -0.831878
8963    -0.648332
8964     0.181754
8965    -0.695291
8966    -0.610686
8967     0.410105
8968    -0.828288
8969     0.293974
8970    -1.008155
8971    -0.605605
8972    -3.473748
8973    -0.138081
8974     1.277942
8975     0.077745
8976    -1.200713
8977    -1.057240
8978     0.382373
8979     0.451416
8980    -0.162524
8981    -0.335746
8982    -0.622444
8983     1.152313
8984     2.129564
8985     0.222088
8986    -0.783554
8987    -1.089350
8988     0.512654
8989     1.001514
8990    -0.173256
8991     0.086655
8992     0.622764
8993     0.729531
8994     0.120432
8995     2.242014
8996    -1.006665
8997     0.496662
8998    -0.039921
8999     2.049474
9000    -0.332741
9001     0.797240
9002     0.221618
9003     0.322253
9004     0.823161
9005    -0.915956
9006     1.836728
9007    -0.430945
9008     0.196349
9009     1.829946
9010    -1.034726
9011     0.931216
9012    -1.232447
9013    -0.804492
9014    -0.226622
9015     1.773378
9016    -0.404089
9017     0.548582
9018    -0.259184
9019    -0.209179
9020    -0.691938
9021    -0.080942
9022    -0.631190
9023    -0.172326
9024     0.097376
9025    -0.236524
9026    -0.332724
9027    -0.338901
9028    -0.759669
9029     0.821992
9030     0.090365
9031    -0.453622
9032    -0.787358
9033    -0.915116
9034     0.721438
9035     0.007025
9036     1.649046
9037    -0.778023
9038     0.546416
9039     0.062061
9040    -0.097917
9041     0.336122
9042     0.819359
9043     0.984578
9044     1.882306
9045    -1.058378
9046    -0.499692
9047    -0.155219
9048    -0.345211
9049     1.030160
9050     0.420392
9051    -1.118131
9052     0.338108
9053    -2.074412
9054    -1.779803
9055     1.784426
9056    -1.376813
9057     1.422412
9058    -0.139042
9059     0.821348
9060    -2.774811
9061    -0.296788
9062     0.040525
9063    -0.745997
9064     0.983943
9065    -1.115915
9066     0.149669
9067    -0.734992
9068    -0.101469
9069     0.445468
9070     1.717425
9071     0.653842
9072    -0.059976
9073     0.028296
9074    -1.034706
9075    -0.421112
9076    -0.712598
9077     0.216848
9078    -0.714947
9079     0.835871
9080    -0.715329
9081    -0.831717
9082     0.509018
9083    -0.226357
9084    -0.046735
9085    -0.630827
9086    -0.171316
9087    -0.605285
9088    -0.202412
9089     0.789137
9090     0.333593
9091    -2.934149
9092    -0.329885
9093     0.236070
9094     0.121164
9095    -0.285407
9096    -0.045150
9097     1.330365
9098     0.377945
9099     0.428334
9100    -1.482196
9101     0.105025
9102    -0.017126
9103     1.973137
9104     2.200055
9105     2.097450
9106    -0.853988
9107    -0.300080
9108    -0.791312
9109    -0.169079
9110     0.366700
9111    -1.120055
9112     0.791197
9113    -1.482405
9114    -1.896185
9115     0.876916
9116    -0.572037
9117     1.729942
9118    -1.150304
9119     1.584828
9120     1.875072
9121    -0.785262
9122    -0.157597
9123     1.707225
9124    -0.764756
9125     0.641778
9126    -2.470731
9127    -1.548310
9128     0.787432
9129     1.041812
9130     1.659823
9131    -0.183776
9132     0.200882
9133    -1.151431
9134     0.483822
9135    -0.696095
9136    -0.413614
9137     0.514980
9138    -1.457303
9139     0.639761
9140    -0.704973
9141     0.466430
9142     1.445199
9143    -1.007080
9144    -1.341083
9145     0.627921
9146    -0.944356
9147    -0.293267
9148    -0.541830
9149     1.282004
9150    -1.029339
9151    -1.258360
9152    -0.298179
9153    -1.402519
9154    -0.090323
9155    -0.045576
9156     0.791611
9157     0.231438
9158     0.439712
9159     1.281798
9160    -1.504929
9161     0.877746
9162    -0.359060
9163     2.496008
9164    -0.467107
9165     2.030430
9166    -1.165146
9167     0.561030
9168    -0.545865
9169     0.077483
9170    -0.459385
9171     1.008408
9172     0.552871
9173    -0.820128
9174    -0.696639
9175     1.422597
9176    -0.957934
9177     0.616028
9178     0.070860
9179     0.457588
9180     1.147274
9181    -0.342866
9182     0.784623
9183    -0.722783
9184    -1.420841
9185    -1.215214
9186     0.188624
9187    -1.273970
9188     1.611185
9189    -1.000275
9190     0.582203
9191    -0.317562
9192     0.327339
9193     0.177836
9194    -0.184119
9195     1.445334
9196    -1.515440
9197    -0.424942
9198    -0.042705
9199     0.825851
9200     0.077257
9201    -0.669593
9202     0.307886
9203    -1.419502
9204    -0.530138
9205     0.416220
9206    -0.977923
9207     0.434387
9208    -0.506615
9209     1.567719
9210    -0.858568
9211     1.468280
9212    -0.004849
9213    -0.491428
9214    -1.580319
9215     0.070415
9216    -0.493881
9217     0.171456
9218     1.150352
9219    -0.540756
9220    -0.902900
9221     1.280306
9222     0.013419
9223     0.362843
9224    -0.683129
9225    -0.889739
9226    -0.297255
9227     1.180647
9228    -0.785757
9229     0.430589
9230     0.459017
9231    -1.000449
9232     1.249536
9233    -2.068669
9234     2.018249
9235     1.071687
9236    -0.422963
9237     0.078629
9238     0.775818
9239    -0.462647
9240     3.520091
9241    -0.142432
9242     0.216946
9243    -0.295258
9244    -1.764250
9245     1.221278
9246     2.250797
9247     0.044778
9248     0.460987
9249     0.766487
9250     0.140876
9251     0.617959
9252    -0.118973
9253    -0.898273
9254     0.518500
9255     0.874438
9256    -2.120625
9257     0.988792
9258     1.812468
9259     1.334652
9260    -0.051978
9261    -0.395611
9262     0.610684
9263     0.167851
9264     0.330523
9265    -0.108210
9266     0.862904
9267     0.323962
9268     0.665914
9269    -0.101771
9270    -0.004470
9271     1.782493
9272     0.460324
9273    -1.043156
9274    -1.286781
9275    -2.103457
9276     0.956610
9277     0.706064
9278     0.441712
9279    -0.011079
9280    -0.859069
9281     0.556348
9282     1.311104
9283    -0.216651
9284    -0.711939
9285    -2.114779
9286     0.401798
9287     0.575785
9288     0.195627
9289     0.832638
9290    -0.294964
9291    -1.084744
9292     0.394762
9293    -1.062556
9294    -0.436952
9295     0.521437
9296    -1.400563
9297    -2.486867
9298    -0.039803
9299    -1.362157
9300    -0.830127
9301     1.421600
9302     0.017420
9303    -0.026761
9304    -1.138913
9305     0.414419
9306    -0.147385
9307     1.065310
9308    -0.061948
9309     0.075445
9310     0.941934
9311     0.538833
9312     0.355179
9313     1.207057
9314    -0.204713
9315     0.081073
9316    -2.389345
9317     0.298513
9318    -0.698172
9319     1.009830
9320     0.221376
9321    -0.021763
9322     0.569036
9323    -0.061958
9324    -0.050320
9325    -0.775540
9326     0.660494
9327    -0.166566
9328     0.700209
9329    -0.107658
9330     0.091928
9331     2.231137
9332     1.737887
9333     1.554360
9334    -0.160481
9335    -2.503982
9336     1.927385
9337     0.532109
9338     0.684886
9339     0.516703
9340    -1.579304
9341     0.119825
9342    -0.010360
9343    -1.832939
9344     0.599517
9345    -0.008482
9346    -0.220693
9347     0.509848
9348    -0.080080
9349     0.873073
9350    -0.050487
9351    -0.205818
9352    -0.671727
9353    -1.719045
9354    -2.773280
9355    -0.495477
9356    -0.258872
9357    -0.172888
9358    -1.286876
9359    -0.834357
9360    -0.240199
9361     0.963023
9362    -0.350127
9363     0.258046
9364    -0.118742
9365     1.074890
9366    -1.354981
9367    -0.000985
9368    -0.965483
9369     0.707601
9370    -0.036935
9371    -0.748831
9372     0.070978
9373    -0.281017
9374    -1.419715
9375     0.688487
9376    -0.484615
9377     1.950469
9378    -1.923333
9379    -0.007855
9380    -0.902319
9381     0.199139
9382     0.109648
9383    -0.642307
9384     0.046700
9385    -0.544132
9386     0.706298
9387     0.433237
9388    -0.041549
9389    -1.083722
9390    -0.140453
9391     2.130495
9392     1.249967
9393    -1.941282
9394     0.371388
9395    -0.830283
9396     3.082702
9397     0.017592
9398    -0.226628
9399     0.220785
9400    -0.108363
9401     1.398338
9402    -1.914470
9403    -0.941633
9404     1.507428
9405     1.721691
9406    -0.160327
9407     0.182547
9408    -0.229304
9409    -0.047952
9410    -1.165633
9411    -0.635601
9412     0.670566
9413     0.610587
9414    -1.145645
9415    -0.601821
9416    -0.632251
9417     0.063548
9418    -0.886784
9419     0.286775
9420     1.792153
9421     0.266440
9422    -0.550843
9423    -0.656146
9424     1.072993
9425     1.564901
9426     0.867424
9427    -0.621106
9428    -0.889638
9429     1.547845
9430    -0.494111
9431    -0.806750
9432     0.541593
9433    -1.257043
9434    -1.041738
9435     1.962547
9436    -0.119692
9437     2.076373
9438    -0.666694
9439    -0.224960
9440    -0.764388
9441     0.830891
9442    -0.527766
9443    -0.535077
9444     1.022541
9445     0.039111
9446     0.434407
9447     0.783565
9448    -0.231135
9449    -1.039400
9450     0.450384
9451    -0.139633
9452     1.973423
9453    -0.028936
9454     0.040932
9455    -1.153155
9456    -0.669072
9457    -0.585818
9458    -0.031389
9459     1.181671
9460    -0.122002
9461     1.474406
9462    -0.593683
9463     1.314751
9464     1.036185
9465    -0.397170
9466    -0.312540
9467    -0.042023
9468    -0.056180
9469    -0.471261
9470    -0.943127
9471     0.645288
9472     0.502903
9473     0.057277
9474    -2.789607
9475     1.219913
9476    -1.026343
9477    -1.175907
9478     0.650022
9479     0.206898
9480    -2.800353
9481     0.134462
9482    -1.801119
9483     0.433037
9484     0.660266
9485    -2.201898
9486    -0.502327
9487    -0.484142
9488     1.769362
9489    -0.216022
9490    -0.543819
9491     0.492051
9492     0.239745
9493    -1.007102
9494     1.725264
9495    -0.623130
9496    -0.526763
9497     0.103139
9498     0.069181
9499    -0.194295
9500     0.915876
9501    -0.258999
9502    -0.492110
9503     1.370023
9504     0.468542
9505    -0.283096
9506    -0.605756
9507     0.742095
9508    -0.371668
9509    -0.528745
9510    -0.011076
9511    -0.638675
9512     1.781861
9513    -0.763160
9514    -0.071397
9515    -1.794789
9516     0.040977
9517    -0.636581
9518     1.577741
9519    -0.368718
9520    -0.284640
9521     1.466853
9522    -0.105943
9523     1.288573
9524    -0.732552
9525    -0.014544
9526    -0.585484
9527     0.408194
9528    -0.465503
9529    -0.709061
9530    -0.054780
9531    -0.004266
9532     1.563122
9533     0.874404
9534    -0.093769
9535     1.629387
9536    -1.859374
9537     1.374244
9538     1.553025
9539    -2.905757
9540     0.059637
9541    -1.072533
9542    -0.652069
9543    -1.524908
9544     0.977245
9545     0.758792
9546    -0.205624
9547     0.202544
9548     0.884783
9549     1.372972
9550    -0.839852
9551    -0.219862
9552    -0.712752
9553     0.216122
9554     0.149903
9555     1.741148
9556     0.517792
9557     1.400298
9558     1.263047
9559     0.238059
9560     0.633889
9561     1.427753
9562     0.093892
9563     0.147249
9564     1.497656
9565    -0.983439
9566    -0.586234
9567    -1.163116
9568    -1.344243
9569     0.273992
9570    -0.395720
9571     0.609760
9572     0.776148
9573     2.012713
9574    -1.266177
9575    -0.672547
9576    -1.821034
9577    -0.110349
9578     1.039154
9579     1.223575
9580     0.317164
9581     0.604636
9582     1.128017
9583     1.076298
9584    -1.300308
9585    -0.734725
9586    -0.684784
9587    -0.266852
9588    -0.257231
9589    -0.782011
9590    -1.307925
9591    -0.635052
9592     1.461070
9593     0.486235
9594    -1.340584
9595     1.192504
9596    -1.605835
9597    -1.260090
9598     0.180937
9599    -0.543447
9600    -1.616044
9601    -0.775936
9602     0.455251
9603    -0.008494
9604     0.414181
9605     0.113645
9606    -0.201826
9607    -0.495172
9608    -0.093190
9609    -0.241940
9610    -0.454716
9611     1.297899
9612     1.267543
9613    -0.278409
9614    -0.120895
9615     0.343001
9616    -0.238349
9617     0.279700
9618    -0.040290
9619    -0.278861
9620    -0.667123
9621    -0.359583
9622     0.259384
9623     0.764333
9624     0.080542
9625    -1.240860
9626    -0.170975
9627    -0.705970
9628    -1.981167
9629     0.968290
9630    -1.162977
9631     0.495712
9632     0.884855
9633     0.359360
9634    -0.886898
9635     0.537432
9636    -0.447130
9637    -0.832317
9638     0.105149
9639    -0.470718
9640    -0.140712
9641    -0.522171
9642    -0.157716
9643     1.317593
9644    -2.837632
9645    -0.923607
9646    -0.815921
9647     0.465951
9648     0.363211
9649     0.034180
9650     0.691885
9651     0.601864
9652     1.783808
9653    -0.920308
9654     2.469594
9655     2.574765
9656    -2.020656
9657    -0.604424
9658     1.539695
9659     0.788562
9660    -0.160438
9661     0.036287
9662     0.626161
9663     1.286993
9664    -0.245896
9665    -0.436135
9666    -1.371044
9667    -1.119411
9668    -0.170408
9669    -1.554513
9670    -0.190332
9671    -0.316849
9672     1.035758
9673    -0.499699
9674    -0.664014
9675     0.139377
9676     0.074066
9677     0.035831
9678     0.747142
9679    -0.418586
9680    -0.129828
9681    -0.694676
9682    -0.578752
9683    -0.112833
9684    -1.688950
9685    -0.350106
9686     0.090161
9687     0.634546
9688     0.438808
9689    -1.314913
9690     1.288780
9691    -0.418398
9692    -0.359166
9693    -1.929306
9694    -0.036299
9695     0.636314
9696     1.030495
9697    -0.803533
9698    -0.794738
9699    -1.480044
9700    -0.590704
9701    -0.547947
9702    -1.271988
9703     0.817669
9704    -1.441839
9705    -0.872076
9706     0.065966
9707    -0.029837
9708     1.524547
9709     0.345167
9710    -0.107990
9711     1.071965
9712     0.849365
9713     0.148103
9714     1.611810
9715     1.819212
9716     1.867443
9717    -0.154644
9718     0.805175
9719     3.022485
9720     0.645826
9721    -0.148249
9722     0.277876
9723     1.314934
9724    -0.511436
9725    -0.439992
9726    -1.186423
9727    -1.234526
9728    -0.292092
9729    -2.164279
9730    -0.403037
9731    -0.196420
9732     1.588990
9733    -0.595462
9734    -0.462166
9735     0.360838
9736    -0.264972
9737    -0.058787
9738     1.097444
9739    -0.526668
9740    -0.419818
9741    -1.024418
9742    -0.694242
9743     0.127388
9744    -1.766200
9745    -0.624756
9746    -0.007845
9747     0.990777
9748     0.595523
9749    -0.091906
9750     1.235209
9751    -0.613438
9752     0.201028
9753    -1.701073
9754    -0.237046
9755     0.668852
9756     1.373727
9757    -0.949550
9758    -0.420630
9759    -1.306719
9760    -0.673967
9761    -0.242876
9762    -1.197609
9763     1.779277
9764     0.257964
9765    -0.328275
9766    -0.013072
9767     0.421803
9768     1.871139
9769    -0.116621
9770    -0.295722
9771     1.760846
9772     1.995431
9773     0.547866
9774     0.598767
9775     1.806077
9776     0.007755
9777    -0.016817
9778     1.430734
9779     0.417723
9780    -1.500859
9781     0.140514
9782     1.307617
9783     1.579607
9784     0.169719
9785    -0.390691
9786    -0.019041
9787     0.121393
9788    -1.229445
9789     0.423513
9790    -0.331096
9791     0.419465
9792     1.657134
9793    -0.740678
9794    -0.506977
9795     0.135852
9796    -0.282996
9797     0.426494
9798     0.987131
9799     0.320099
9800    -0.247265
9801     0.233412
9802     0.096673
9803     0.205372
9804    -0.493074
9805    -0.426687
9806     0.180701
9807     1.294695
9808     0.159779
9809     0.218213
9810     0.737188
9811     0.164672
9812     0.197072
9813    -0.405643
9814    -0.138274
9815     0.552709
9816     1.498681
9817    -0.034104
9818    -0.197627
9819     0.089997
9820     0.149143
9821    -0.422701
9822     0.159014
9823     0.095811
9824    -0.702742
9825    -3.109017
9826    -0.353944
9827     0.264140
9828     1.411347
9829    -0.145459
9830    -0.259400
9831     1.678902
9832     0.058073
9833     0.250299
9834    -2.804431
9835     0.668385
9836    -0.141911
9837    -2.182446
9838     0.308978
9839     0.076675
9840    -2.872820
9841     0.730577
9842     0.995730
9843     1.174859
9844     0.261190
9845    -0.402172
9846    -0.248051
9847    -0.243558
9848    -0.455468
9849     0.921229
9850    -0.027762
9851    -0.992027
9852     1.101473
9853    -0.462434
9854    -0.254286
9855    -0.711755
9856    -0.080487
9857     0.147031
9858     0.568087
9859     0.065028
9860    -0.386409
9861     0.725176
9862     0.190657
9863     1.248421
9864    -0.579539
9865    -0.150130
9866    -0.192909
9867     0.778576
9868     0.525220
9869     0.105782
9870     0.386628
9871    -0.275651
9872     0.016324
9873     0.077214
9874     0.240989
9875     0.269670
9876     1.330186
9877    -0.328575
9878     0.334599
9879     0.608141
9880     0.216708
9881     0.266133
9882     0.180785
9883    -1.328333
9884     0.773851
9885     0.077553
9886     0.332004
9887    -1.247815
9888     0.058470
9889     0.350283
9890     0.249886
9891     1.484101
9892    -0.054798
9893     0.154492
9894    -3.541099
9895     0.106587
9896    -0.862073
9897    -1.028901
9898    -0.067513
9899     0.231238
9900    -3.363133
9901    -0.038551
9902     0.909350
9903     0.151127
9904    -0.287129
9905    -0.900373
9906    -0.818159
9907    -0.195477
9908     0.340401
9909     0.582018
9910    -0.008810
9911    -0.062510
9912    -0.186744
9913    -0.091417
9914    -0.172251
9915    -0.787144
9916     0.019402
9917     1.289326
9918    -0.431503
9919     0.258503
9920    -0.666336
9921     1.256944
9922     0.030607
9923    -0.495614
9924     0.264689
9925    -0.285062
9926     0.539627
9927    -0.046849
9928     0.072428
9929     0.438045
9930    -0.767572
9931    -0.167366
9932     0.759730
9933    -0.392703
9934     0.408237
9935     0.572455
9936     1.357516
9937    -0.478300
9938     0.571700
9939     0.615282
9940    -0.483467
9941    -0.493423
9942    -0.098853
9943     0.005711
9944     2.362137
9945     2.182563
9946    -0.039396
9947    -0.674958
9948    -1.265025
9949    -0.248193
9950    -0.339767
9951     1.326601
9952     1.195818
9953    -0.109568
9954    -1.447297
9955     0.060867
9956    -1.875812
9957    -0.557146
9958     0.271596
9959    -1.992159
9960    -0.937742
9961     0.087256
9962    -2.437842
9963    -1.738949
9964    -0.179769
9965     0.361334
9966     0.306112
9967    -0.192805
9968     0.829821
9969     0.798971
9970    -0.075392
9971     0.905184
9972     0.967554
9973     0.065106
9974     1.165372
9975     0.752554
9976    -0.074206
9977    -0.573641
9978    -1.134386
9979     0.122374
9980     0.492266
9981     1.360101
9982     0.154937
9983     1.225811
9984     1.251182
9985    -0.145901
9986    -0.780398
9987    -1.379411
9988    -0.077264
9989    -0.966361
9990    -1.142501
9991    -0.210942
9992     0.454547
9993     0.620132
9994     0.363857
9995    -2.271552
9996    -1.472959
9997    -0.465357
9998     1.215762
9999     1.275118
10000    -0.298194
10001     0.655367
10002     0.697720
10003     0.058866
10004     0.912204
10005    -0.300048
10006    -0.139836
10007    -1.390610
10008    -1.643203
10009     0.283869
10010    -1.858260
10011    -2.183106
10012     0.531680
10013     0.947156
10014     0.904925
10015     0.109260
10016     0.487425
10017     0.641330
10018     0.082461
10019     0.626417
10020     1.418863
10021    -1.786447
10022    -2.550216
10023    -0.899441
10024    -0.110842
10025     0.626558
10026    -0.648022
10027    -0.065084
10028     0.763142
10029     0.155896
10030    -0.205415
10031     0.415914
10032     0.957008
10033     1.787160
10034     0.928618
10035     1.097888
10036    -0.411123
10037    -0.351694
10038    -0.358935
10039    -0.151524
10040     0.657675
10041    -0.058719
10042     0.923737
10043     1.004095
10044     1.111960
10045    -0.241338
10046    -0.681698
10047     0.020909
10048    -0.408845
10049    -0.757671
10050     0.067935
10051     0.948466
10052     0.706882
10053     0.212137
10054    -1.819475
10055    -2.904265
10056     0.002894
10057     1.783723
10058     1.537627
10059     0.398662
10060    -0.200484
10061     0.741301
10062    -0.117887
10063    -0.219503
10064     0.604071
10065    -0.513075
10066     0.017483
10067    -0.929270
10068    -0.371151
10069    -1.735896
10070    -2.603045
10071    -0.403420
10072     1.555473
10073     1.243425
10074    -0.144441
10075     0.855902
10076     0.855126
10077    -0.489327
10078    -0.515969
10079     0.693426
10080    -0.020870
10081    -1.052241
10082    -0.502507
10083    -1.467643
10084    -0.250529
10085     0.275265
10086    -0.330200
10087    -0.164916
10088     0.740652
10089    -0.439770
10090    -0.498326
10091    -1.384901
10092     1.229467
10093     2.147154
10094     1.827222
10095     2.777563
10096    -0.641365
10097    -0.860722
10098    -0.628750
10099    -0.470075
10100    -0.365588
10101     0.047861
10102     0.654646
10103    -0.565309
10104     2.545940
10105    -0.248373
10106    -0.501406
10107    -0.919289
10108    -0.399916
10109    -0.281997
10110    -0.784705
10111     0.710744
10112     0.126748
10113     1.045300
10114    -1.122542
10115    -0.735495
10116    -0.962065
10117     1.458362
10118     1.826480
10119     0.484739
10120    -0.321589
10121     0.435141
10122    -0.207630
10123    -0.476701
10124    -1.000773
10125    -1.002449
10126     0.107331
10127    -0.756074
10128    -1.493679
10129    -0.985867
10130    -0.246807
10131     0.071771
10132     1.310231
10133     0.438876
10134     0.376157
10135     0.466384
10136    -0.556358
10137    -1.357559
10138    -0.222411
10139     2.087553
10140     1.014942
10141    -0.650713
10142    -0.306659
10143     0.955540
10144     2.876854
10145     0.466705
10146     0.118721
10147     1.083673
10148     0.867087
10149    -0.650994
10150    -1.281315
10151    -1.018132
10152     0.057582
10153     1.103711
10154     1.178902
10155     1.017911
10156    -1.475351
10157    -0.707622
10158    -0.849340
10159    -1.626805
10160    -0.635439
10161    -1.485309
10162    -2.182166
10163    -1.674136
10164     1.400398
10165    -0.594757
10166    -0.221014
10167    -0.429672
10168    -1.102395
10169    -0.135214
10170    -0.544057
10171    -0.445908
10172    -0.143152
10173     0.305022
10174     2.232244
10175    -0.584789
10176     2.074043
10177     1.142056
10178     1.465762
10179    -0.158222
10180     0.012864
10181     0.541567
10182    -0.209135
10183     1.086247
10184    -0.181764
10185     0.141457
10186    -0.012687
10187    -0.382978
10188    -0.299117
10189    -0.340272
10190     0.270163
10191     0.906808
10192    -0.525029
10193    -0.098173
10194     0.329897
10195     0.938057
10196    -0.100345
10197    -1.707802
10198    -0.238308
10199     1.399227
10200    -0.973729
10201    -1.852487
10202    -1.719415
10203    -0.344187
10204     0.946574
10205     1.573268
10206    -0.564309
10207    -0.249042
10208     1.460061
10209    -0.905156
10210    -0.339103
10211    -1.229179
10212     0.852133
10213     2.910654
10214     1.837693
10215     0.840940
10216    -0.970131
10217    -0.860178
10218     0.077776
10219    -0.893123
10220    -0.130506
10221    -0.301931
10222     1.729939
10223     0.435447
10224     0.556275
10225    -0.606562
10226    -1.628831
10227     0.133168
10228    -0.891472
10229    -1.208104
10230     0.151598
10231     2.321426
10232     1.463666
10233     0.056991
10234    -0.636411
10235    -0.992611
10236    -0.539553
10237     1.276218
10238     0.758350
10239     0.687732
10240    -1.251606
10241     0.110129
10242    -0.590078
10243    -0.708240
10244    -0.249409
10245    -0.512275
10246    -0.777920
10247    -0.632932
10248    -0.059887
10249    -1.241454
10250    -0.994908
10251     0.377492
10252     0.375760
10253     0.117738
10254     0.946948
10255    -0.009851
10256     0.830526
10257    -1.119344
10258     0.866832
10259     1.059195
10260     0.255665
10261    -1.744283
10262    -2.230161
10263     0.056838
10264    -1.316779
10265    -0.210831
10266    -0.524253
10267    -1.015979
10268     0.421533
10269    -0.113978
10270     0.694179
10271     0.213504
10272     0.237194
10273     3.149752
10274     0.938092
10275    -0.250139
10276    -0.099365
10277     0.468608
10278     0.115131
10279     0.268269
10280     0.731845
10281    -0.818667
10282    -0.013076
10283    -0.074270
10284     1.571544
10285     0.358616
10286     0.032665
10287    -0.154340
10288     0.153239
10289     0.220736
10290    -0.164532
10291     2.946114
10292     1.212299
10293    -0.951095
10294    -1.070485
10295    -0.946027
10296     0.579776
10297    -0.351904
10298    -0.403411
10299     1.236999
10300    -1.710985
10301    -0.756639
10302     0.044147
10303    -1.932772
10304    -1.159900
10305     0.293555
10306    -0.036277
10307     0.620515
10308     0.251804
10309    -0.693814
10310    -0.970931
10311     0.626930
10312     1.485727
10313     1.136433
10314    -0.756009
10315    -0.806113
10316    -0.208273
10317    -0.380326
10318     1.735939
10319     0.964212
10320    -0.900579
10321    -3.461941
10322    -2.556998
10323    -1.493451
10324    -0.861196
10325    -0.439642
10326    -0.046946
10327     0.880518
10328     1.353372
10329    -0.236890
10330     0.575123
10331    -0.240545
10332     0.626134
10333     1.600470
10334     0.804498
10335     0.539592
10336    -0.099102
10337    -0.097986
10338     0.029187
10339    -0.363778
10340     0.352191
10341    -0.194225
10342     1.520779
10343     0.245776
10344     0.925737
10345     0.133129
10346    -0.480465
10347     0.089829
10348    -0.228272
10349    -0.398778
10350    -0.251693
10351     1.498440
10352     1.163971
10353     0.032167
10354    -2.641814
10355    -1.482395
10356    -0.330971
10357     1.680941
10358     0.799612
10359     0.520373
10360     0.142269
10361     0.207510
10362     0.181865
10363     0.004365
10364    -0.233775
10365     0.091527
10366    -0.314030
10367    -0.062213
10368    -0.128680
10369    -2.575191
10370    -1.341517
10371    -0.445569
10372     1.334489
10373     0.845942
10374    -0.030820
10375     0.863480
10376     0.647842
10377     0.077284
10378     0.311322
10379     0.913599
10380     0.045550
10381    -3.454365
10382    -2.440962
10383    -1.632867
10384    -0.445516
10385     0.372321
10386     0.186980
10387     0.465351
10388     0.697281
10389     0.066987
10390     0.633268
10391    -0.029483
10392     0.287505
10393     1.458358
10394     0.502366
10395     0.346347
10396     0.016557
10397    -0.109538
10398     0.425190
10399    -0.151414
10400     0.617768
10401    -0.152563
10402     1.308580
10403     0.291907
10404     0.263645
10405     0.327194
10406    -0.265273
10407     0.028100
10408    -0.229210
10409    -0.646958
10410     0.039698
10411     1.300186
10412     0.570118
10413     0.692999
10414    -2.816284
10415    -1.749197
10416    -0.217699
10417     1.469386
10418     0.434451
10419     0.455775
10420     0.293070
10421     0.629872
10422    -0.188797
10423     0.290552
10424     0.645912
10425    -0.304096
10426    -0.304763
10427    -0.167355
10428    -0.104835
10429    -2.963461
10430    -1.755765
10431    -0.544930
10432     1.468917
10433     0.806113
10434    -0.021913
10435     0.957917
10436     0.874935
10437    -0.229947
10438     0.375678
10439     0.721484
10440     0.604420
10441    -1.256136
10442    -0.816348
10443    -0.635302
10444    -0.696187
10445    -0.117380
10446     0.002399
10447    -0.248610
10448     0.723566
10449    -0.414014
10450     0.573050
10451    -1.062523
10452     0.479912
10453     1.083200
10454     0.447894
10455     1.336232
10456    -1.161927
10457    -0.346110
10458    -1.451267
10459    -0.190302
10460     0.160046
10461     0.575142
10462     0.670266
10463     0.022589
10464     1.211584
10465    -0.421760
10466    -1.416636
10467    -1.035810
10468    -2.468057
10469    -1.517883
10470    -2.568080
10471     0.921569
10472     0.674243
10473     1.001527
10474     0.271997
10475     0.182035
10476    -0.889833
10477     0.780540
10478     0.484849
10479     1.548379
10480    -0.293921
10481     0.344960
10482     0.185490
10483     0.748154
10484     0.218763
10485     0.943704
10486    -1.396613
10487    -0.982044
10488    -1.856720
10489     0.044604
10490     0.058385
10491    -0.863401
10492     2.485354
10493     0.665216
10494     1.412861
10495     0.851705
10496     1.003723
10497     1.292991
10498    -0.296926
10499     1.272655
10500    -0.275796
10501     0.530654
10502     0.545601
10503    -1.669934
10504     0.178521
10505     0.690446
10506    -0.622125
10507    -0.017239
10508     0.255182
10509     0.925309
10510     0.315609
10511    -1.079035
10512    -2.039797
10513     0.104188
10514     0.732366
10515    -0.236374
10516    -0.253160
10517    -1.111440
10518     0.647318
10519     0.233361
10520     0.446479
10521     0.335626
10522     0.261966
10523     0.529369
10524    -0.444509
10525     0.015017
10526    -2.588124
10527    -1.864597
10528     0.307950
10529    -0.123750
10530     1.412705
10531    -0.195534
10532     0.607452
10533     0.037857
10534     0.517769
10535    -0.378642
10536    -1.284034
10537    -0.015564
10538     1.150388
10539     0.100609
10540     1.050192
10541     0.422820
10542     1.979539
10543     0.347716
10544     0.673146
10545    -0.667461
10546    -0.089165
10547    -1.775715
10548     0.864871
10549     0.117734
10550    -0.548405
10551    -1.350741
10552    -1.653520
10553    -0.241113
10554     0.441629
10555    -0.626502
10556     1.482204
10557     0.212321
10558    -1.129991
10559     0.310771
10560     3.221787
10561     0.523791
10562     2.889497
10563     3.327195
10564     0.621988
10565     2.009097
10566    -0.260277
10567     0.138297
10568     0.058767
10569    -0.348375
10570     0.619278
10571    -0.826901
10572     0.204913
10573     0.237560
10574    -0.196105
10575    -0.582794
10576    -0.015301
10577     0.463371
10578    -0.493121
10579     0.297383
10580    -1.014846
10581     0.089149
10582     0.180027
10583    -1.359467
10584    -0.879222
10585     0.263373
10586    -0.903164
10587     0.123123
10588     0.401405
10589    -0.183556
10590    -0.544020
10591    -0.270254
10592    -0.366758
10593    -0.838841
10594     0.842105
10595    -0.559755
10596     1.125627
10597     0.111819
10598     0.064682
10599     0.822388
10600     0.823967
10601    -0.434260
10602    -0.349321
10603     0.655053
10604     1.371460
10605     1.651254
10606     0.123604
10607    -0.653771
10608    -0.552261
10609     0.326645
10610    -0.394772
10611     0.097195
10612    -1.928657
10613     0.190597
10614    -0.735199
10615    -1.431333
10616     0.120345
10617    -0.590575
10618    -2.520750
10619    -0.274462
10620    -1.266838
10621    -0.063293
10622     3.205062
10623     2.384610
10624    -0.005697
10625     1.900367
10626    -0.590759
10627    -0.069840
10628    -0.404218
10629    -0.289516
10630     1.019048
10631    -0.766923
10632     0.385329
10633     0.140566
10634    -0.564831
10635    -0.546706
10636    -0.524840
10637    -0.209247
10638    -0.063753
10639     0.657294
10640    -0.375840
10641    -0.496309
10642     0.742962
10643    -0.687892
10644    -1.235316
10645     0.414817
10646    -0.408551
10647    -0.415230
10648    -0.280099
10649    -0.674289
10650    -0.589955
10651     0.434772
10652     0.024941
10653    -0.741879
10654     0.239369
10655    -0.144930
10656    -0.131145
10657    -1.330684
10658    -0.490962
10659    -0.013394
10660     0.180761
10661    -0.799438
10662    -0.716923
10663     2.205347
10664     1.913741
10665     2.458327
10666     0.048611
10667    -0.702195
10668    -0.664327
10669    -0.292210
10670    -1.099613
10671     0.505646
10672    -1.647790
10673    -0.310889
10674     0.268401
10675    -0.047014
10676     1.121994
10677     0.569273
10678    -1.822082
10679    -0.526287
10680    -0.076374
10681    -0.472142
10682     0.876492
10683     0.432878
10684    -0.341173
10685    -0.148312
10686    -0.908801
10687     0.248893
10688    -0.381597
10689    -0.365085
10690     1.265012
10691     0.516625
10692     0.641467
10693     0.362354
10694     0.421051
10695    -0.087398
10696    -0.500434
10697     0.172760
10698     1.894841
10699     0.802221
10700    -0.332126
10701    -0.341387
10702     0.904524
10703     0.259508
10704    -0.728359
10705     0.695337
10706     0.315163
10707    -0.360562
10708    -0.242383
10709     0.611868
10710     1.033513
10711     0.543932
10712    -0.355218
10713    -1.107623
10714     0.021563
10715    -1.087588
10716     1.168395
10717    -2.432932
10718    -1.595706
10719    -3.961719
10720     0.400772
10721    -0.333866
10722    -0.792150
10723     1.759939
10724     0.627919
10725     0.462654
10726    -0.112058
10727     0.443696
10728     1.904082
10729    -0.395856
10730    -1.681155
10731     0.976114
10732    -1.118613
10733     0.549661
10734    -0.108758
10735    -0.149508
10736     0.526716
10737     0.098244
10738    -1.239448
10739     0.594108
10740     0.149653
10741     0.085609
10742    -1.792892
10743     1.952894
10744    -0.121581
10745     0.166259
10746    -1.346053
10747     0.001647
10748    -0.209549
10749    -0.893539
10750     2.943037
10751     0.198467
10752     1.754501
10753    -0.379739
10754    -0.406446
10755     0.024626
10756    -0.604918
10757     0.559236
10758     1.653986
10759     0.082651
10760     0.207266
10761    -1.172582
10762    -0.307150
10763    -0.012596
10764    -1.653474
10765    -0.324064
10766     0.363172
10767    -1.113634
10768    -0.021552
10769     0.365723
10770     1.486111
10771    -0.073362
10772     0.016927
10773    -1.888106
10774    -0.009566
10775     0.543351
10776     0.789614
10777    -0.457827
10778    -0.520086
10779    -2.965304
10780    -0.284077
10781    -0.435526
10782    -1.399809
10783    -0.461899
10784    -0.263472
10785    -0.132030
10786    -0.329467
10787     0.396425
10788     1.675336
10789    -0.118426
10790    -0.451068
10791     0.970097
10792     0.251737
10793     0.903503
10794     0.588092
10795     0.258488
10796    -0.039577
10797     0.620831
10798    -0.129541
10799     0.410882
10800     1.048442
10801    -0.232340
10802     0.961236
10803     0.260248
10804     0.069061
10805     0.218780
10806    -0.779055
10807     0.082786
10808     0.068235
10809    -0.808025
10810     3.581643
10811     0.524238
10812     0.441976
10813    -0.535777
10814    -1.514808
10815     0.201124
10816    -1.085513
10817    -1.199230
10818     0.596963
10819     0.123728
10820     0.003539
10821    -1.055524
10822    -0.064231
10823     0.983135
10824     0.041237
10825    -0.197717
10826    -1.327488
10827     1.229768
10828    -0.277107
10829    -1.427889
10830     0.521707
10831     0.044794
10832     0.354838
10833    -0.846128
10834    -0.459345
10835     2.562167
10836    -1.063177
10837    -0.228765
10838     0.451119
10839    -0.671693
10840    -0.168652
10841     0.033756
10842    -1.021316
10843    -0.548355
10844    -1.702261
10845     0.469568
10846    -0.410787
10847     2.006687
10848     0.676940
10849    -0.309189
10850     1.058710
10851    -0.408369
10852     0.346375
10853    -0.664308
10854     0.865050
10855     0.371886
10856    -0.973493
10857     0.532923
10858    -0.102495
10859    -0.416962
10860     0.815781
10861    -0.614880
10862     0.066601
10863    -0.159705
10864     1.188154
10865    -0.198148
10866    -0.249699
10867     0.983384
10868    -0.269754
10869    -0.227400
10870     0.402079
10871    -0.461463
10872    -0.370582
10873    -2.000560
10874    -0.913969
10875    -0.422994
10876    -0.801742
10877    -0.693419
10878     0.504065
10879     0.630870
10880    -0.077743
10881    -0.547443
10882     0.844949
10883    -0.884022
10884    -0.138898
10885     0.978961
10886    -0.798409
10887     1.379102
10888    -1.006876
10889    -0.567521
10890     0.214861
10891     0.924476
10892    -0.278127
10893    -0.418303
10894    -1.547087
10895     3.539117
10896    -0.644648
10897     0.954123
10898    -0.671782
10899    -0.392385
10900     0.866274
10901    -0.271227
10902    -0.466371
10903    -0.828043
10904    -1.275439
10905     0.049095
10906    -0.979278
10907     2.470009
10908     0.346488
10909    -0.647004
10910     2.188711
10911     0.111864
10912    -1.042315
10913     0.078187
10914     0.329352
10915     1.088412
10916    -0.700207
10917     0.488948
10918     0.606103
10919    -0.281395
10920     0.614652
10921    -0.170461
10922    -1.357906
10923     0.383440
10924     0.840374
10925     0.034163
10926    -0.399084
10927     0.240304
10928    -2.319923
10929    -0.630621
10930     0.685123
10931     0.251536
10932     0.541862
10933    -1.303271
10934     1.700484
10935    -0.085592
10936    -0.973115
10937    -1.464227
10938    -0.438559
10939     0.245954
10940    -1.758033
10941    -0.408919
10942     0.252780
10943    -1.841263
10944    -0.510151
10945     0.246817
10946     0.998061
10947     0.018432
10948    -0.516118
10949     1.387427
10950     0.161913
10951     0.604427
10952    -1.832105
10953    -0.199935
10954    -1.197085
10955     1.500066
10956     0.445556
10957     0.567176
10958    -1.338455
10959    -0.388779
10960     0.228157
10961    -1.988699
10962    -0.663523
10963    -0.129426
10964     1.081540
10965     0.340264
10966    -0.515861
10967     1.090326
10968     0.243443
10969    -0.148795
10970     1.083006
10971     0.643614
10972    -0.474068
10973     1.859239
10974     0.404567
10975     1.038041
10976     1.135456
10977     0.274437
10978     0.479047
10979     1.779307
10980     0.267637
10981     1.920639
10982    -2.412226
10983    -0.179016
10984    -0.647581
10985     0.818988
10986    -0.045349
10987    -0.093004
10988     0.340133
10989     0.707731
10990    -1.013248
10991     0.712510
10992     0.457453
10993    -1.347711
10994     0.306037
10995    -0.822601
10996     0.481482
10997     0.368813
10998     0.512761
10999    -0.539589
11000    -0.254845
11001     0.071162
11002    -0.652566
11003     0.070748
11004     0.295128
11005    -0.342851
11006     0.977295
11007    -0.134970
11008    -0.931524
11009     1.037588
11010    -0.153703
11011    -0.619742
11012    -0.329360
11013     0.205395
11014     3.897816
11015    -3.117892
11016     0.347043
11017    -0.750019
11018     0.333821
11019     0.196071
11020    -0.282540
11021    -0.009687
11022     0.176759
11023     0.384934
11024     0.197699
11025    -0.283665
11026    -0.870027
11027     0.694511
11028    -0.165222
11029     1.796637
11030    -1.981889
11031    -0.472253
11032    -0.414023
11033     0.916719
11034    -0.207940
11035     0.280661
11036     0.354936
11037    -0.211680
11038    -0.257744
11039     0.976099
11040    -0.293104
11041     0.788220
11042    -2.629535
11043    -0.520053
11044     0.919252
11045     1.289746
11046     1.051831
11047     0.006714
11048    -0.278315
11049     0.443933
11050    -1.118077
11051     0.825391
11052    -0.310701
11053     0.149487
11054    -0.219439
11055     1.033032
11056     0.108563
11057    -0.697447
11058     0.417137
11059     0.138867
11060    -0.533238
11061     0.355027
11062     0.098480
11063    -0.329239
11064     0.742175
11065    -1.117738
11066     0.836716
11067    -0.982319
11068    -0.926830
11069     1.108505
11070    -0.743814
11071     0.305925
11072    -0.585453
11073     0.767904
11074    -1.509804
11075     2.995644
11076    -3.453399
11077     0.441641
11078    -0.066152
11079     1.269443
11080     0.139129
11081    -0.753363
11082     0.694549
11083     0.737172
11084    -0.918339
11085     0.569773
11086    -0.933275
11087     1.493311
11088    -0.988311
11089     0.907582
11090    -0.662781
11091    -1.507916
11092     0.428695
11093     0.092253
11094     0.631449
11095     0.250281
11096    -0.664267
11097    -0.016063
11098     0.185713
11099    -0.303999
11100     0.546323
11101     1.308511
11102    -0.699878
11103    -0.241552
11104     1.112671
11105    -0.584905
11106     1.019886
11107    -0.049390
11108     0.733802
11109    -0.085174
11110     0.836737
11111     0.924222
11112     0.216751
11113     1.697098
11114    -0.465925
11115     1.207063
11116    -0.118998
11117     1.222418
11118    -0.026839
11119    -1.085625
11120     0.301587
11121    -0.327402
11122    -0.146213
11123    -0.302574
11124     0.237166
11125     0.557584
11126     1.851938
11127    -0.292139
11128    -0.125451
11129     1.034849
11130    -0.516226
11131    -0.453233
11132     1.036925
11133     0.090347
11134    -1.639416
11135    -0.493797
11136    -1.763143
11137     1.707128
11138    -0.432763
11139     1.301171
11140     1.867412
11141     0.912958
11142     0.986018
11143    -0.844932
11144    -1.273682
11145    -0.080033
11146    -0.479297
11147     1.006348
11148    -0.663064
11149    -0.944443
11150    -0.408486
11151    -1.472365
11152    -0.243765
11153    -2.157329
11154     0.609336
11155    -2.780524
11156    -0.188961
11157    -0.611681
11158    -0.175854
11159    -2.016744
11160     0.411880
11161    -1.850352
11162     0.141144
11163    -1.506097
11164     0.556695
11165    -0.811637
11166     1.217066
11167     0.717352
11168     0.470133
11169     0.818609
11170    -0.726734
11171     0.958025
11172    -0.646307
11173     1.466875
11174    -0.577214
11175     0.595007
11176     0.899138
11177     0.916246
11178     0.492545
11179     0.737018
11180     0.166872
11181     0.948492
11182     0.836856
11183    -0.406475
11184     0.055438
11185     0.106972
11186     1.335867
11187     0.493350
11188    -0.476023
11189     0.604958
11190     0.403706
11191    -1.192229
11192     1.421765
11193    -1.899396
11194     0.433420
11195     0.041705
11196     1.872967
11197     1.464533
11198    -0.689150
11199     0.988682
11200     1.074171
11201     0.588653
11202     1.215276
11203    -1.835803
11204    -0.897326
11205    -1.561900
11206    -0.589282
11207     0.878058
11208    -1.644246
11209     1.016088
11210    -0.305060
11211     0.480137
11212    -0.355912
11213    -1.924207
11214    -0.779920
11215    -1.478831
11216    -0.147505
11217    -0.528337
11218    -0.803953
11219    -1.764850
11220    -1.015071
11221    -1.009991
11222    -1.104722
11223    -0.746024
11224    -0.601768
11225     0.388804
11226     0.709632
11227     0.505022
11228     0.578124
11229     0.590356
11230    -0.651137
11231     0.649387
11232    -0.663444
11233     0.398110
11234     0.940557
11235    -1.629862
11236     1.958059
11237     0.517546
11238     1.210473
11239     0.157646
11240     0.711386
11241     0.425365
11242     0.805895
11243     0.626946
11244     0.616767
11245    -0.525269
11246     1.005214
11247    -0.871231
11248    -0.549412
11249     1.037616
11250     1.018558
11251     0.794594
11252     0.732320
11253    -1.157390
11254     0.383673
11255    -1.285707
11256     1.739980
11257     1.073021
11258     0.712066
11259     0.920918
11260     0.715472
11261     0.674335
11262     0.004955
11263    -1.019246
11264    -1.502758
11265    -0.081900
11266     0.453078
11267     1.132056
11268    -0.840442
11269     1.156222
11270     0.254575
11271     1.023163
11272    -1.001931
11273    -2.322529
11274    -0.740649
11275    -1.670812
11276    -1.740101
11277    -0.859204
11278    -1.371228
11279    -2.005113
11280    -0.670023
11281    -0.843547
11282    -1.062887
11283    -1.476059
11284    -0.594788
11285     0.458291
11286     0.365797
11287     0.165469
11288     0.801496
11289     0.327522
11290     0.721520
11291     0.436027
11292    -0.444949
11293     0.439527
11294     0.611428
11295    -0.172943
11296     0.746627
11297     0.988825
11298     0.017658
11299     0.741782
11300     1.023690
11301    -0.441434
11302     0.103067
11303     0.745564
11304    -0.003684
11305     0.650803
11306     0.583866
11307    -0.192791
11308     0.888782
11309     1.206232
11310     0.841894
11311     0.465765
11312     0.484340
11313     0.049773
11314     1.527303
11315    -0.957188
11316     0.436042
11317     0.543366
11318     0.913471
11319    -0.063396
11320     0.379626
11321     0.517656
11322     0.347463
11323    -1.731847
11324    -1.626049
11325     0.407554
11326    -0.260684
11327     1.011600
11328    -0.896564
11329     2.039017
11330     0.403715
11331     0.155683
11332    -1.945721
11333    -2.486139
11334    -0.044956
11335    -2.635462
11336    -2.043047
11337     0.982029
11338    -1.400605
11339    -2.010890
11340    -0.194640
11341    -0.224444
11342    -0.201241
11343    -2.120031
11344    -0.916358
11345    -0.959736
11346    -0.507070
11347    -0.417807
11348    -0.597096
11349    -0.551246
11350     1.257047
11351     2.160143
11352     0.489663
11353     0.050791
11354    -0.473540
11355    -0.208477
11356     0.748137
11357     0.516943
11358    -0.203589
11359    -1.147767
11360    -1.865494
11361    -0.217798
11362     0.046127
11363     0.182136
11364    -0.144039
11365     0.754294
11366     0.506574
11367     0.399415
11368     0.255185
11369    -0.292590
11370     0.707702
11371    -0.336297
11372    -1.065247
11373     0.183312
11374     1.899558
11375    -0.114608
11376     1.727583
11377     0.575742
11378     0.429103
11379    -0.374519
11380     1.243534
11381     1.610046
11382    -0.704607
11383    -0.823170
11384     1.079256
11385     0.841189
11386    -0.620862
11387     0.020099
11388    -0.804951
11389     1.943644
11390     0.313369
11391     1.838649
11392    -1.301434
11393    -0.547750
11394     0.164460
11395    -1.430307
11396     1.427641
11397    -0.994801
11398    -1.555611
11399    -2.128009
11400     0.479157
11401     0.452329
11402    -0.527711
11403    -2.279011
11404     0.647622
11405    -1.668649
11406    -0.210097
11407     1.122297
11408    -0.788215
11409    -0.469721
11410    -1.557669
11411     1.914438
11412     0.348593
11413     0.822497
11414     0.340793
11415    -0.591327
11416     0.349071
11417    -0.540168
11418     0.398734
11419     0.546409
11420    -0.801998
11421    -0.845406
11422     0.208728
11423    -0.916572
11424     0.460373
11425    -0.528639
11426     0.610274
11427     0.242307
11428     0.075039
11429     0.250986
11430     0.780183
11431     0.182640
11432    -0.796612
11433     0.148993
11434     0.707599
11435    -0.426901
11436     2.106418
11437     0.702118
11438    -0.664391
11439     0.185161
11440     0.340110
11441    -0.065296
11442     0.046521
11443    -1.079075
11444     2.896579
11445     0.279740
11446    -0.926300
11447    -0.754668
11448    -0.580893
11449     0.502159
11450    -0.918379
11451     2.549125
11452    -0.802361
11453     0.539554
11454    -0.308466
11455    -0.431437
11456     1.873840
11457    -1.002817
11458    -1.333137
11459     0.443096
11460    -1.258409
11461     0.462029
11462     0.014701
11463    -1.501470
11464    -0.127155
11465    -0.635948
11466     0.511281
11467     0.889803
11468     0.607042
11469     0.933145
11470    -0.657105
11471    -0.798080
11472    -2.548587
11473     1.205543
11474     0.313622
11475     0.356682
11476     0.014296
11477    -0.290165
11478     0.547558
11479     0.506922
11480     0.249339
11481     1.005955
11482    -0.479674
11483    -0.369942
11484     0.474292
11485    -0.859405
11486     0.521593
11487    -1.235989
11488     0.595554
11489    -0.758808
11490    -0.082098
11491    -0.185705
11492    -0.593352
11493     0.679952
11494    -0.025237
11495     0.032278
11496    -1.742456
11497     0.630653
11498    -0.660260
11499     0.423215
11500     0.191898
11501    -0.285619
11502     0.126423
11503     0.531346
11504     1.503325
11505     1.375903
11506    -1.477981
11507    -1.060347
11508    -0.408075
11509    -0.325937
11510    -0.366076
11511    -2.422196
11512    -0.182562
11513     0.088652
11514     1.634781
11515    -0.109988
11516     3.015371
11517     1.308161
11518    -0.597296
11519    -0.527326
11520     0.563523
11521    -0.475588
11522    -0.203180
11523    -1.483131
11524    -1.325422
11525    -0.872100
11526    -0.191316
11527     0.031596
11528     0.251001
11529     0.030213
11530     0.888476
11531    -0.053586
11532    -2.380061
11533     1.398616
11534     0.315329
11535     1.427542
11536    -0.585595
11537    -0.382510
11538    -0.526217
11539    -0.246599
11540    -0.021568
11541     0.341573
11542     0.161669
11543    -0.104782
11544     0.224826
11545    -0.609978
11546     0.223392
11547    -0.050247
11548    -1.939338
11549    -1.313150
11550     0.761904
11551     0.501808
11552    -0.187178
11553    -0.147719
11554     0.378515
11555     0.203078
11556    -1.764765
11557     0.168459
11558    -0.525190
11559     0.234446
11560     0.961532
11561     0.101275
11562     0.239331
11563    -0.944657
11564     0.516883
11565     3.253229
11566    -0.740081
11567    -0.642991
11568    -0.624240
11569     0.104304
11570    -0.147463
11571    -2.384438
11572     1.324463
11573     0.732845
11574     0.385378
11575     0.142942
11576     2.096495
11577     0.814456
11578     0.804877
11579     0.013402
11580     1.839238
11581     0.122263
11582    -0.999612
11583    -1.814546
11584    -0.400239
11585    -1.155945
11586    -1.023556
11587     0.333349
11588    -0.952589
11589     0.097273
11590    -1.524066
11591    -0.216625
11592     0.417344
11593     1.863373
11594     1.787436
11595     0.155905
11596     0.223004
11597    -1.145755
11598    -1.197482
11599     0.096071
11600     0.118260
11601     0.062691
11602     0.233624
11603     0.013023
11604     0.334872
11605    -0.968616
11606     0.854071
11607     0.400733
11608    -1.012956
11609    -0.900241
11610    -0.449331
11611     0.359802
11612    -0.223146
11613     0.235042
11614    -2.047496
11615    -0.634528
11616     1.156513
11617     0.545466
11618    -0.626406
11619    -0.105611
11620     1.007495
11621     0.372369
11622     0.146875
11623    -0.095510
11624     1.933499
11625     1.475208
11626     0.003707
11627    -0.413358
11628    -1.439889
11629    -2.209978
11630    -1.474974
11631     0.626014
11632     1.207135
11633     1.384915
11634     0.370919
11635     0.924855
11636     2.097123
11637    -0.299091
11638     1.338716
11639     0.182481
11640     0.850115
11641     0.951524
11642    -0.135317
11643    -0.903888
11644     0.635314
11645    -0.543096
11646    -0.106426
11647     1.057212
11648    -0.167547
11649     0.477988
11650    -2.698579
11651    -0.088390
11652    -1.202421
11653     1.403178
11654     1.320950
11655     0.172556
11656     0.367757
11657    -1.048082
11658    -0.513830
11659     0.522280
11660     0.463630
11661     0.278807
11662    -0.098263
11663    -0.982537
11664     0.544570
11665    -1.970928
11666    -0.089895
11667    -0.616504
11668    -0.360458
11669    -1.013122
11670     0.226645
11671    -0.212754
11672    -0.837587
11673     0.224782
11674    -2.948298
11675     0.003719
11676    -0.978674
11677     0.622980
11678    -0.100676
11679     0.069339
11680     0.807611
11681     0.235417
11682     0.305152
11683     0.326368
11684     1.337321
11685     1.531516
11686     0.862601
11687    -0.143936
11688    -0.364754
11689    -2.716470
11690    -0.663807
11691    -0.885420
11692     0.634089
11693     0.022430
11694     0.640293
11695     1.480793
11696     2.134449
11697     0.189403
11698     1.334043
11699     0.296076
11700     0.910866
11701     0.277521
11702     0.238474
11703     0.005004
11704     0.368908
11705    -0.362764
11706     0.569018
11707     0.409994
11708     0.126611
11709     0.928987
11710    -2.478461
11711     0.221722
11712    -2.022152
11713     2.760795
11714     0.035465
11715     1.056641
11716     0.844785
11717    -1.226555
11718     0.196281
11719     0.637827
11720     0.127207
11721     0.486725
11722     0.516311
11723    -1.242289
11724     0.343547
11725    -0.440904
11726    -0.814533
11727    -1.199159
11728    -0.760384
11729    -0.493313
11730     0.112162
11731     0.746382
11732    -1.329208
11733    -0.013511
11734    -2.584688
11735     0.250493
11736    -1.517069
11737    -0.152856
11738     0.347068
11739     0.303419
11740     0.462341
11741     0.225158
11742     0.674502
11743     0.112991
11744     1.107665
11745     1.393017
11746     0.330663
11747     0.070508
11748     0.054195
11749    -2.270869
11750    -0.093034
11751    -2.514043
11752     0.306937
11753     0.125150
11754    -0.152982
11755     0.600035
11756     1.966225
11757     0.677445
11758     0.312674
11759     0.719952
11760     0.617972
11761     0.128382
11762    -0.167673
11763    -0.285426
11764     0.652487
11765    -0.162776
11766    -0.337395
11767     0.268130
11768    -0.337649
11769     0.260370
11770    -2.833673
11771     0.789706
11772     0.457928
11773     3.455537
11774     1.726430
11775     0.952012
11776     0.729695
11777    -1.366373
11778    -0.800772
11779     1.003229
11780     0.551153
11781     0.337912
11782     0.708948
11783    -1.060185
11784    -0.700643
11785    -0.264535
11786    -0.151998
11787     0.244406
11788    -0.755510
11789    -0.814748
11790    -0.525311
11791     1.354998
11792     0.065067
11793     0.571223
11794    -2.611255
11795    -0.224026
11796    -0.973245
11797    -0.634316
11798    -0.259073
11799     0.356157
11800     0.557313
11801     0.203376
11802     0.531752
11803     0.306897
11804     1.183199
11805     1.628391
11806     0.169648
11807    -0.308618
11808     0.121837
11809    -2.442429
11810    -0.642422
11811    -1.901111
11812     0.493872
11813     0.281496
11814    -0.460255
11815     0.284974
11816     1.133114
11817     0.105583
11818    -0.572394
11819    -0.438000
11820     0.416588
11821     1.071606
11822     0.679106
11823    -1.002826
11824     0.363590
11825    -0.336489
11826    -0.004009
11827     0.297562
11828     0.128409
11829     0.088193
11830    -3.510160
11831     0.429459
11832     0.490544
11833     2.728974
11834     0.856903
11835     0.700640
11836     1.864212
11837    -0.377605
11838    -1.407147
11839     0.773689
11840     0.826078
11841     0.059734
11842     0.894160
11843    -0.672684
11844    -0.501633
11845    -1.778709
11846     0.445432
11847     0.065184
11848    -0.461100
11849    -0.527161
11850    -0.231709
11851     1.575342
11852    -0.427527
11853     0.456096
11854    -2.193376
11855    -0.510282
11856    -0.253541
11857    -0.398528
11858    -0.100705
11859     0.308391
11860     0.123472
11861     0.470899
11862     0.360196
11863    -0.070178
11864     1.389011
11865     0.931603
11866    -0.568746
11867    -0.426799
11868     0.442076
11869    -2.505074
11870    -1.179325
11871    -0.715819
11872     1.444164
11873    -1.153739
11874    -0.180116
11875     0.497842
11876     1.098038
11877    -0.101444
11878    -0.148742
11879    -0.611021
11880     0.495588
11881     1.952682
11882    -0.039221
11883     0.302271
11884     0.117473
11885    -1.129974
11886     0.093225
11887     0.846309
11888     0.226408
11889     1.038383
11890     0.939422
11891     0.473264
11892     1.586258
11893     1.291207
11894    -0.174841
11895    -0.393718
11896     1.766179
11897     0.698080
11898    -0.447980
11899     0.850490
11900     0.148915
11901     0.672723
11902     0.924475
11903    -0.479343
11904     0.272356
11905    -2.283104
11906    -0.535725
11907    -1.197166
11908    -1.093136
11909     0.641084
11910    -0.800239
11911     0.978305
11912    -1.974326
11913    -0.203342
11914    -1.477397
11915     1.268176
11916     0.061019
11917    -0.185405
11918    -0.138795
11919     0.825737
11920     0.609549
11921    -0.777698
11922     0.870584
11923    -0.562125
11924     1.997683
11925     0.494473
11926    -1.389668
11927     0.071220
11928    -0.529021
11929    -2.781108
11930    -1.466829
11931    -1.368951
11932     0.310519
11933    -0.190829
11934    -0.825869
11935     0.378665
11936     1.399839
11937     0.381787
11938    -1.193331
11939    -0.017090
11940    -0.832530

