1      -1.259057
2       0.241877
3      -0.468794
4       1.330248
5       0.315450
6      -0.117749
7       1.571722
8      -0.349786
9       1.386908
10     -1.242096
11     -0.301075
12     -0.326157
13      1.400850
14      1.080921
15     -0.110448
16     -1.460664
17      0.359518
18     -0.518756
19     -1.407333
20      0.028189
21     -0.304867
22     -0.754642
23      0.683368
24     -1.066465
25      1.437015
26     -1.502211
27      0.928862
28     -1.174542
29      0.423315
30     -0.175120
31     -1.538319
32      1.038764
33     -1.415359
34     -1.161551
35      0.031358
36      0.290919
37      0.824554
38     -1.737247
39      0.892867
40     -1.414566
41      0.156359
42     -0.680419
43      0.601128
44      0.888718
45      0.913569
46      2.003066
47      0.104540
48      0.553950
49     -0.387845
50     -1.838872
51      1.087205
52      1.733166
53      0.278188
54      0.212389
55     -1.209415
56     -0.024530
57     -1.196615
58      2.108280
59      0.123155
60      0.114081
61     -0.555234
62      0.818655
63      0.407340
64      1.410593
65     -0.104846
66      0.877939
67     -0.234386
68     -2.674597
69     -1.865970
70     -0.376969
71      0.912328
72      0.261550
73      1.673453
74      0.987877
75      0.847684
76     -0.399683
77      0.544992
78      0.556641
79      0.193529
80      0.668027
81     -0.582413
82     -0.007270
83      0.267743
84      0.258755
85      0.393934
86      0.747401
87      0.068976
88     -0.803311
89      0.533022
90      0.586225
91     -0.284718
92      0.688416
93      0.098755
94      0.040915
95      0.558916
96     -0.289811
97      0.754114
98      0.564622
99      0.604006
100    -0.132612
101     0.830554
102     0.371725
103     0.771011
104     1.390915
105     1.351180
106    -0.821284
107    -2.711063
108    -1.310919
109    -0.105933
110     0.632079
111     0.597508
112    -0.889042
113    -2.603140
114    -1.411818
115    -0.168736
116     0.830367
117    -0.018907
118    -0.458371
119    -2.882268
120    -1.408446
121    -1.339577
122    -0.485169
123    -1.637905
124     1.939740
125    -1.608052
126    -0.399357
127     1.105103
128    -1.034832
129     0.227813
130    -0.284834
131     0.207198
132    -0.449470
133     2.122409
134     0.740870
135     0.650191
136    -1.186739
137     0.507717
138     0.969832
139     0.189126
140     0.367369
141    -1.167704
142    -0.295627
143     0.318693
144     0.909597
145    -1.662135
146     1.393536
147    -1.237386
148    -1.238981
149     0.353495
150     1.226335
151     0.469237
152    -0.254898
153    -0.567680
154     0.284673
155    -0.078736
156    -0.995674
157    -0.165862
158    -0.136561
159    -0.949890
160     0.613798
161    -0.105469
162    -0.264859
163     1.524008
164    -0.011560
165    -1.296973
166    -0.188387
167    -1.235424
168     1.093187
169    -0.522975
170     2.194369
171     2.609639
172    -0.792647
173    -0.981475
174     0.690067
175    -1.133237
176     0.731032
177    -0.395001
178     0.562907
179    -0.882106
180     0.985237
181    -1.419497
182    -0.317398
183    -1.219486
184     2.415263
185     0.008261
186     0.670207
187     1.337262
188    -0.558052
189     1.248734
190    -0.430051
191     0.621976
192    -0.428383
193     1.406109
194     0.685175
195    -0.205307
196    -1.828934
197     0.690816
198    -0.622727
199     0.502431
200     0.817916
201    -0.082975
202    -0.676117
203    -0.561758
204    -0.036232
205    -1.267916
206    -0.258830
207    -0.518301
208    -1.486934
209    -2.140911
210    -0.157459
211     1.226024
212    -0.522683
213     1.227882
214     0.751579
215     0.290542
216     0.173783
217     0.518223
218    -0.037957
219     0.821989
220     1.258937
221     0.345620
222     1.335871
223     1.312141
224     2.187801
225    -1.291244
226    -0.636919
227     0.865296
228     0.133165
229    -1.231868
230     1.456549
231    -0.876523
232    -0.863090
233    -2.144561
234     0.333111
235    -1.093868
236    -0.225691
237    -0.223651
238     0.207225
239    -1.202109
240    -0.282456
241    -1.049191
242     1.165624
243    -0.394087
244    -0.077595
245     0.522514
246     0.038331
247    -0.202608
248     0.474851
249     0.852319
250    -0.956062
251     1.076451
252    -0.163566
253     3.215269
254    -0.549119
255    -0.111200
256    -0.393802
257     0.761092
258     0.050409
259     1.358916
260     0.775244
261     0.347897
262    -0.663117
263    -1.579100
264    -0.246065
265     0.600689
266    -0.783670
267    -0.191915
268     0.130414
269    -1.978719
270     0.148514
271     0.605818
272    -2.384681
273    -0.087730
274     0.208324
275    -0.121534
276     0.090718
277     0.733927
278    -0.107531
279     0.873290
280     0.287473
281     0.896642
282     1.094370
283     2.303988
284    -0.746828
285    -1.424923
286    -0.010858
287    -1.077470
288    -0.271220
289    -1.622432
290     2.045888
291    -0.467717
292    -1.244347
293     0.134458
294     0.391245
295    -1.727904
296     1.316453
297    -0.051835
298    -1.496898
299     0.159434
300    -0.476835
301    -0.627551
302    -0.107047
303    -0.016245
304     0.217959
305     0.732559
306    -1.080796
307     0.191739
308     0.086730
309    -0.077755
310    -0.510501
311     0.569664
312    -0.953950
313     2.461367
314    -0.317421
315     1.244084
316    -0.251064
317    -0.016318
318     0.020466
319     1.833934
320    -0.731230
321     3.430205
322    -1.202076
323    -0.352603
324    -0.335211
325     0.315986
326    -0.884549
327     0.108974
328    -0.244986
329    -1.402282
330    -0.000716
331     0.496380
332    -1.273086
333    -1.077651
334    -0.237602
335    -0.445491
336     1.363522
337     0.580602
338    -0.338676
339     0.708365
340     0.440786
341     0.413114
342     0.518637
343     1.369044
344     1.084714
345    -0.895909
346    -0.412290
347     1.103784
348    -1.012264
349    -0.410317
350     1.170238
351    -2.027570
352    -1.169843
353    -0.626802
354     1.024687
355    -1.811818
356     0.679053
357     0.890033
358    -1.029751
359     0.655650
360    -1.830908
361    -0.747875
362    -0.162141
363    -0.438373
364     0.671155
365     0.506983
366    -1.311081
367     0.545246
368    -0.509805
369     2.156702
370     0.505559
371    -0.096876
372     1.308672
373     0.350766
374    -0.286838
375     1.864014
376    -0.863316
377    -0.353316
378     0.299050
379     0.632291
380     1.709575
381     1.109854
382    -0.700233
383    -0.309927
384    -0.958387
385     0.883182
386    -1.520716
387     0.915732
388     0.779663
389    -2.094373
390     1.448389
391     1.625978
392    -1.644575
393    -1.131950
394     0.794064
395     0.490305
396    -0.267787
397     0.450777
398    -0.483233
399     0.275284
400    -0.553911
401     0.141723
402     0.704494
403     0.220528
404     0.859478
405    -0.284604
406    -0.340570
407     0.939002
408    -1.324023
409    -0.152639
410     1.108702
411    -2.396972
412    -1.245626
413     0.427162
414    -0.730067
415    -0.722288
416     0.941640
417     0.324369
418    -2.132752
419     0.337230
420    -1.563317
421    -1.504866
422     0.305822
423     0.020810
424    -0.306249
425     0.124295
426    -0.300388
427     3.024784
428    -0.876352
429     0.028737
430    -0.133450
431     0.216888
432    -0.766977
433     3.191131
434    -0.935139
435     0.500145
436    -1.172941
437    -0.254847
438    -0.271013
439     2.913489
440    -0.082294
441     0.175132
442    -1.687233
443     0.717571
444     0.100791
445    -0.623438
446    -0.323468
447    -0.153901
448    -0.361188
449    -0.767666
450    -0.277189
451    -0.058935
452    -0.758883
453    -0.210674
454    -0.934817
455     1.609238
456     0.444187
457    -0.134545
458    -0.194931
459     0.472854
460    -0.616399
461     0.227755
462    -0.187395
463     3.222941
464    -0.242762
465     0.526927
466    -0.932057
467     0.849902
468     0.537530
469    -0.253129
470     0.403857
471    -0.052782
472    -0.665954
473    -0.453991
474    -0.339508
475    -1.350753
476     0.655107
477     0.116036
478    -1.616392
479    -0.220102
480    -0.363321
481    -2.312091
482     0.255211
483     1.651990
484     1.470342
485    -0.028156
486    -0.908004
487     1.197601
488    -0.754436
489    -0.122751
490    -0.569980
491     0.024184
492     0.285583
493     0.620688
494     0.096437
495    -0.190621
496     0.106191
497    -0.566635
498    -0.880581
499     0.387662
500     1.099316
501    -0.822485
502    -2.989324
503     0.860366
504     1.782502
505     0.336982
506    -0.734974
507     0.572684
508     0.469933
509    -1.376352
510    -0.946176
511     0.627007
512    -1.375417
513     0.291620
514    -3.007481
515     1.819323
516     0.511105
517     1.477187
518    -0.453558
519    -0.633691
520     0.579533
521    -0.077077
522    -0.270759
523     0.921760
524     0.600573
525    -0.215762
526    -0.832210
527     0.531421
528     0.769996
529     1.101772
530     0.245969
531    -0.749142
532     1.488992
533    -0.356822
534    -0.963697
535    -0.866868
536     0.565654
537     1.149897
538    -0.207699
539    -0.375028
540    -0.311707
541    -1.383563
542     2.014196
543     0.329884
544     0.204866
545    -0.102317
546    -0.435518
547     0.473274
548    -1.219397
549     0.018731
550    -0.291731
551    -0.352201
552     0.597360
553     0.508473
554    -0.262455
555     0.104823
556    -0.481198
557    -0.869539
558    -1.595546
559     0.578483
560     0.926236
561     0.102283
562    -1.866511
563     1.980824
564     1.770243
565     0.596277
566    -1.416209
567     0.903264
568     0.469291
569    -2.331413
570    -1.415985
571     1.207876
572    -1.617610
573    -0.869522
574    -1.308811
575     2.956887
576     1.024561
577     0.364940
578    -0.793916
579    -0.084876
580     0.031298
581    -0.116334
582    -0.565683
583     0.587728
584     0.388019
585     1.002258
586    -0.787799
587     1.096170
588     0.305844
589     0.755852
590     0.037673
591    -0.488260
592     0.561658
593    -0.286843
594    -1.400207
595    -0.494917
596     1.039485
597     0.888102
598     0.274513
599    -1.071257
600    -0.191755
601     0.087362
602     1.029051
603     1.466012
604    -0.346319
605     0.310412
606    -0.375242
607    -0.473753
608    -0.026490
609     0.458506
610    -0.449910
611    -1.421261
612     0.303146
613    -0.278978
614     1.199991
615     0.581338
616    -0.272195
617    -1.514642
618    -1.284514
619    -0.563334
620     3.383144
621    -1.142230
622    -0.471087
623    -0.409020
624    -0.362010
625    -0.064037
626    -1.839672
627    -0.035644
628     0.725110
629    -3.005082
630    -0.994387
631     1.340796
632    -0.353299
633     0.192934
634     0.640253
635     1.450083
636     1.030611
637     0.247374
638    -0.997003
639     0.570223
640    -0.937966
641     0.764556
642    -1.104521
643     0.371260
644    -0.211928
645     0.096548
646    -0.677934
647     0.257045
648    -0.059033
649     0.217052
650     1.860919
651    -0.081435
652     0.501517
653     1.699547
654    -0.245858
655    -0.121788
656    -0.156284
657     0.559756
658     0.526576
659    -2.020067
660     0.425803
661     1.357903
662    -0.249009
663     0.837489
664    -0.814656
665     0.914821
666    -0.519200
667    -0.234783
668    -0.347425
669    -0.234392
670     0.791239
671    -2.431973
672    -1.049960
673    -0.216147
674     1.346138
675    -0.057956
676    -0.901171
677    -1.363464
678    -0.272442
679    -0.296024
680     2.048266
681     0.739282
682    -1.273962
683     0.778761
684    -0.145806
685    -0.647908
686    -0.908235
687    -0.200109
688     0.876701
689    -3.846965
690    -0.663389
691     2.023674
692    -0.824528
693    -0.457187
694     0.881319
695     1.338335
696     0.904528
697    -0.210954
698     0.748034
699    -0.147606
700    -0.719664
701    -0.271033
702    -0.659085
703    -0.257290
704     1.318467
705    -0.170121
706    -0.793258
707     0.897515
708    -0.749031
709     0.411374
710     0.519355
711     1.483245
712     0.405809
713     0.893773
714     1.231413
715    -0.172990
716     0.373531
717    -0.115295
718    -0.209213
719    -0.934364
720     0.245620
721     0.524336
722    -0.661863
723    -1.134872
724    -0.689582
725     1.280565
726    -0.150890
727    -0.173190
728     0.012939
729    -0.296657
730     0.561236
731    -3.261835
732    -1.207241
733    -0.410322
734     1.232304
735     0.014910
736    -0.048841
737    -0.006070
738    -0.293404
739    -0.944395
740     2.090842
741     0.047427
742    -1.019664
743     1.368531
744     0.089944
745    -0.033367
746     0.247403
747    -0.180546
748     1.816496
749    -3.049768
750    -0.599456
751     1.874602
752    -1.679214
753    -0.142498
754     1.299070
755     2.247491
756     0.702183
757    -0.223847
758     0.153019
759     0.612760
760    -0.724976
761    -1.019611
762     0.217806
763    -0.596479
764     0.104263
765     0.627468
766    -0.608587
767     0.530643
768     0.085227
769     0.292498
770     0.590624
771     1.291345
772    -0.169916
773     0.640247
774     0.377755
775    -0.684461
776    -0.864402
777     0.360711
778    -0.040611
779     0.043891
780    -0.421972
781    -0.070650
782    -0.518026
783     0.545416
784    -0.690819
785     0.259322
786     0.166216
787    -0.302848
788     1.887369
789    -0.689924
790     0.092307
791    -1.007165
792    -0.857486
793    -0.838752
794     2.317147
795     0.454404
796    -0.468837
797     1.869371
798     0.090088
799     0.401332
800    -1.029734
801    -1.161826
802    -0.736024
803    -0.355484
804     0.086016
805    -0.527322
806     1.080581
807     0.373118
808     1.426168
809    -2.280085
810    -0.053783
811     1.677778
812    -1.742783
813    -0.083053
814     1.941099
815     0.351455
816    -0.121887
817    -0.308496
818    -0.414245
819     0.931617
820    -0.596095
821    -1.470437
822    -0.034667
823    -0.675225
824     1.038881
825     0.347006
826    -0.372853
827    -0.378639
828    -0.193125
829     0.194824
830     0.302922
831     1.410992
832    -0.094297
833     1.764161
834    -0.265844
835     0.334720
836    -2.964676
837    -0.670477
838    -0.386011
839     1.290063
840    -0.272799
841    -0.262350
842    -2.278056
843     0.973719
844    -0.214997
845     0.899061
846     0.060041
847    -0.410472
848     0.907168
849    -0.489538
850     0.881954
851     1.070565
852    -0.845634
853    -0.650308
854     2.182674
855    -0.316332
856    -0.695080
857     1.245870
858    -0.527935
859     0.965511
860    -0.048884
861     0.193285
862    -0.092654
863     0.521897
864     0.268796
865    -0.506888
866     1.466185
867    -0.735096
868     0.907171
869    -1.224201
870    -0.021191
871     0.749399
872    -2.290510
873     0.313482
874     1.141753
875    -1.168282
876     0.667585
877    -0.386858
878    -1.332161
879     1.241194
880    -0.867107
881    -1.267248
882    -0.614275
883    -0.092594
884     1.890875
885    -0.223036
886     0.092224
887    -0.012880
888     0.372405
889    -0.326242
890    -0.730871
891     0.808053
892     0.115697
893     1.324312
894     0.098365
895    -0.537735
896    -3.129888
897    -0.961850
898     0.189575
899     1.974376
900    -0.262039
901     0.113033
902    -0.759175
903     1.313663
904    -0.718900
905    -3.515476
906     1.772025
907    -0.790281
908     0.810227
909    -0.115446
910     0.079287
911    -0.278415
912    -0.062124
913    -0.789328
914     1.436359
915    -1.362682
916    -1.025847
917     0.996086
918    -0.813049
919     0.879316
920    -0.351187
921    -1.047456
922     0.131492
923     1.517928
924    -0.037436
925    -1.006313
926     0.435620
927    -0.929958
928     1.187505
929    -0.260767
930    -0.649237
931     2.597524
932     0.816778
933    -0.048815
934     2.475396
935     1.182394
936     0.078356
937    -0.754203
938    -1.933072
939     0.742398
940     0.060908
941     1.093019
942     0.248289
943    -0.720705
944    -0.014155
945    -0.497529
946    -0.184649
947    -0.077393
948     0.562028
949    -0.722763
950    -1.141143
951     0.684679
952    -0.407433
953     0.364089
954     0.106139
955     0.019374
956    -1.017436
957     0.564313
958    -0.423411
959     0.695719
960    -0.508155
961     0.075176
962     1.098849
963     1.387788
964    -0.754933
965    -1.128169
966     2.245535
967    -0.453381
968     0.039770
969    -0.140529
970     0.800294
971     2.205566
972    -0.182977
973    -0.923141
974     0.034025
975    -1.423284
976    -0.053984
977    -0.349405
978    -0.502710
979    -0.323568
980    -0.389976
981    -1.662622
982     1.182614
983     1.365362
984    -0.002624
985    -0.549418
986    -1.944635
987    -0.434100
988     0.491195
989     1.920720
990    -1.383597
991     3.335072
992     0.240585
993    -0.121742
994     0.338917
995     0.593222
996     0.256639
997    -1.613710
998    -0.738617
999     0.439827
1000    -0.210752
1001     0.626522
1002     0.203160
1003    -0.774996
1004    -2.106878
1005    -0.137122
1006    -1.102092
1007     0.029219
1008     0.479472
1009     0.021490
1010    -1.627078
1011     1.001588
1012    -0.013819
1013    -0.041808
1014     0.047482
1015     0.330337
1016     0.047279
1017     0.444390
1018     0.198698
1019     0.125446
1020    -0.514575
1021     0.936465
1022     2.078879
1023     0.316475
1024     0.042677
1025     0.389647
1026     0.186794
1027     0.458532
1028     0.630746
1029    -0.300936
1030    -0.096937
1031     1.875231
1032    -0.887720
1033     0.319519
1034     0.825755
1035    -0.361750
1036     0.628940
1037    -0.188847
1038     0.057434
1039    -0.600040
1040    -1.212666
1041     0.355630
1042    -1.817128
1043    -0.510614
1044     0.198345
1045    -0.387395
1046    -2.204277
1047     0.240672
1048     1.906649
1049     2.808405
1050    -0.386866
1051     0.663942
1052    -1.486391
1053     0.329448
1054    -0.848796
1055    -0.667485
1056     1.916256
1057    -1.045675
1058    -0.460165
1059     0.239346
1060    -0.291810
1061     0.851763
1062    -0.846394
1063    -0.789598
1064    -2.464928
1065     0.082781
1066     0.031584
1067     1.004103
1068     0.141139
1069    -1.039734
1070    -2.125772
1071    -0.505546
1072     0.805280
1073     0.108145
1074     0.435905
1075     0.164850
1076     0.444522
1077    -1.147305
1078     0.958676
1079     0.303949
1080    -0.063710
1081     0.177683
1082     0.607188
1083    -0.951938
1084     0.370023
1085     0.954135
1086     0.597993
1087     0.237330
1088     1.490576
1089    -0.554963
1090     0.363184
1091     0.116195
1092    -0.931965
1093     0.153566
1094     1.772996
1095    -0.387256
1096    -0.279116
1097     1.312776
1098    -0.540660
1099    -0.037057
1100    -1.660995
1101     0.731998
1102    -0.682631
1103    -1.672768
1104     0.589677
1105    -1.091952
1106     0.006559
1107     0.759463
1108     2.129130
1109    -0.144177
1110    -1.032318
1111     1.064688
1112    -2.161437
1113     0.432330
1114    -2.008096
1115    -3.387408
1116     0.391963
1117    -0.532790
1118    -0.083816
1119     0.849003
1120     0.436519
1121     0.379395
1122    -0.362977
1123    -0.807168
1124    -0.311741
1125     1.265384
1126     0.365710
1127     1.103739
1128     0.407048
1129    -0.449509
1130    -1.326124
1131     0.690087
1132    -0.136112
1133     1.232240
1134    -0.408368
1135     0.734722
1136     0.196190
1137    -0.633410
1138    -0.008122
1139     1.576477
1140    -0.911091
1141     0.740344
1142     1.071601
1143    -1.007849
1144    -0.366339
1145     0.690910
1146    -0.727419
1147     0.348377
1148     1.532953
1149     0.025989
1150     0.396266
1151    -0.111438
1152    -0.234323
1153     0.049082
1154     1.791205
1155     0.281474
1156    -0.128267
1157     1.438208
1158     0.213530
1159    -0.603054
1160    -1.949530
1161    -0.483569
1162    -1.654418
1163    -2.308311
1164    -0.603508
1165    -0.098558
1166     1.270981
1167     0.297955
1168     0.141493
1169    -2.093517
1170    -0.648227
1171     1.066369
1172    -2.260645
1173    -0.455229
1174    -1.459358
1175    -2.056423
1176    -1.570146
1177     0.280351
1178     0.789344
1179     0.472943
1180    -0.240984
1181    -0.486634
1182     0.343062
1183     0.300958
1184     0.849710
1185     0.930177
1186    -0.016652
1187     0.385067
1188     1.835709
1189     0.608559
1190    -0.985148
1191     1.404045
1192    -0.034907
1193     1.137618
1194     0.139247
1195     0.586928
1196    -0.285163
1197    -0.029384
1198     0.083811
1199     1.579212
1200    -0.184476
1201     1.094120
1202     2.311666
1203    -1.153639
1204     1.425682
1205     2.089102
1206     0.449759
1207    -0.270576
1208     1.574660
1209    -0.583612
1210     1.624906
1211     0.776369
1212     0.487046
1213    -0.548321
1214     1.176776
1215    -0.201685
1216    -0.504710
1217     0.454830
1218    -0.198842
1219    -0.335222
1220    -0.043421
1221    -0.162059
1222    -1.105111
1223    -0.479670
1224     0.033999
1225    -0.110183
1226    -1.433883
1227     0.293340
1228     1.429889
1229    -1.568540
1230     0.098122
1231     1.479449
1232     0.059384
1233    -0.115769
1234    -0.546182
1235     0.433035
1236    -0.289629
1237     0.076105
1238    -1.919962
1239     0.376228
1240    -0.964350
1241    -1.409364
1242    -0.032851
1243    -0.206720
1244    -1.632664
1245     0.582326
1246    -0.815894
1247     0.505523
1248     1.542803
1249    -0.887541
1250    -1.980154
1251     0.293662
1252     0.212294
1253     1.138030
1254     0.181699
1255     0.046924
1256    -1.360283
1257    -0.505255
1258    -1.094561
1259     1.308565
1260    -1.095645
1261    -0.463003
1262     2.910231
1263    -2.960701
1264     2.032558
1265     1.213571
1266     1.082172
1267     0.462877
1268     1.401214
1269    -0.246275
1270     0.605707
1271     0.535860
1272     0.056751
1273    -1.574308
1274     0.065180
1275     0.937442
1276    -1.646696
1277    -0.776473
1278     1.301471
1279    -0.339415
1280    -0.323067
1281    -0.203056
1282    -0.044581
1283    -0.313297
1284    -0.045840
1285     0.555180
1286    -0.621007
1287    -0.127063
1288    -0.044779
1289    -1.191688
1290    -0.470783
1291     0.776908
1292    -0.255946
1293    -0.079377
1294     0.233837
1295     0.248831
1296    -0.183938
1297     0.590781
1298    -1.229804
1299     0.292898
1300    -1.524513
1301    -1.178087
1302    -0.270641
1303     1.514467
1304    -0.931400
1305     0.971347
1306    -1.278862
1307    -0.197506
1308     1.484811
1309     0.273286
1310    -0.814378
1311    -0.283591
1312     0.427617
1313     1.242283
1314    -0.231647
1315    -1.216684
1316    -1.095638
1317    -0.869803
1318     0.659626
1319     1.311120
1320    -0.154176
1321     2.684246
1322    -0.911137
1323     0.536974
1324     2.097503
1325     0.163460
1326     0.969888
1327     2.050809
1328    -0.008061
1329     0.669025
1330    -1.629894
1331    -0.857696
1332    -0.556903
1333    -1.097794
1334    -0.621356
1335     0.658314
1336    -1.392486
1337    -0.309562
1338     0.772564
1339     1.181780
1340    -0.139213
1341     0.157763
1342    -1.071333
1343    -0.267652
1344    -0.662088
1345    -0.284762
1346     1.242751
1347    -0.535495
1348    -1.660263
1349     0.005913
1350    -1.091467
1351    -1.252115
1352    -0.310723
1353    -0.791936
1354    -1.231973
1355     0.237922
1356    -0.805310
1357    -0.079014
1358     0.489583
1359    -0.227686
1360    -1.104418
1361    -0.543343
1362    -0.473320
1363    -0.250791
1364     0.657683
1365     0.126673
1366     0.773894
1367     0.423518
1368     1.681732
1369    -0.798094
1370     1.609441
1371    -0.727503
1372     2.086720
1373     0.213076
1374     0.574901
1375    -0.979572
1376    -0.891182
1377    -0.918820
1378     1.957560
1379    -0.183422
1380     0.642693
1381     0.447802
1382     0.297254
1383    -1.323708
1384     0.053812
1385    -0.065316
1386     0.094177
1387     0.860007
1388    -1.018452
1389     1.526599
1390    -0.369684
1391    -0.623626
1392    -0.559980
1393     0.648187
1394    -0.867248
1395     1.629857
1396     1.027775
1397    -0.192586
1398     1.923518
1399    -1.337806
1400     2.464659
1401    -2.352961
1402     0.042528
1403     0.159433
1404    -0.897897
1405    -0.790449
1406     0.636115
1407    -0.697656
1408    -0.384877
1409     0.626219
1410    -1.451427
1411    -0.282312
1412     0.154162
1413    -1.200451
1414    -0.056037
1415     0.547233
1416    -0.952554
1417    -0.398648
1418    -0.346837
1419     0.259541
1420     0.457958
1421    -0.909998
1422     0.845050
1423    -0.705803
1424     0.426833
1425    -0.469134
1426    -0.229961
1427     1.589426
1428    -0.587682
1429    -1.150872
1430     1.024592
1431    -0.975238
1432     0.885204
1433    -1.104808
1434     2.118308
1435     0.398044
1436    -1.517862
1437     1.163127
1438     0.885133
1439    -1.279192
1440     1.908510
1441     1.153465
1442     0.940591
1443    -0.177906
1444    -0.491126
1445    -0.366825
1446    -0.615618
1447     0.947220
1448    -1.997232
1449     1.107212
1450     0.451546
1451    -0.042412
1452     0.141287
1453     0.814141
1454    -0.676780
1455     1.303597
1456    -0.376777
1457    -0.121857
1458     0.608532
1459     0.145043
1460     0.648348
1461    -0.898883
1462     0.805791
1463     0.857499
1464     0.055164
1465    -1.075476
1466     1.210019
1467    -0.861344
1468     0.785404
1469     0.964642
1470     0.068708
1471     0.704615
1472     0.791004
1473    -0.016739
1474     0.621664
1475     0.807348
1476    -0.190233
1477     0.662697
1478    -1.058025
1479     0.774098
1480    -0.481977
1481    -0.767372
1482    -0.096708
1483    -1.966643
1484     1.012525
1485    -1.197947
1486    -1.175902
1487     1.717517
1488    -1.132214
1489    -2.353665
1490     1.194746
1491    -1.692173
1492     0.718141
1493    -2.129997
1494     1.344030
1495    -0.639497
1496    -0.588874
1497     0.266199
1498     0.751335
1499    -2.394865
1500     1.210936
1501    -0.267165
1502    -0.554939
1503    -0.612992
1504    -0.390657
1505    -0.714725
1506     1.113357
1507     0.617059
1508    -2.357674
1509     0.259802
1510     0.064671
1511    -0.410667
1512    -0.494842
1513     0.596683
1514    -1.091068
1515     1.010061
1516    -0.289900
1517    -0.273596
1518     0.843818
1519    -0.478603
1520    -0.189091
1521    -1.232575
1522     0.502705
1523     0.503554
1524    -0.350610
1525    -0.797371
1526     1.417048
1527    -0.232665
1528     0.563935
1529     0.686338
1530    -0.261267
1531     0.581952
1532     0.626792
1533    -0.306862
1534     0.557912
1535     0.551321
1536    -0.074074
1537     1.227687
1538    -0.729806
1539     1.105737
1540     0.242455
1541    -0.017164
1542     0.623007
1543    -1.389432
1544     2.510403
1545    -1.060783
1546    -0.894212
1547     2.452933
1548    -1.155153
1549    -1.942261
1550     2.025865
1551    -1.257711
1552     0.913806
1553    -1.944320
1554     0.931502
1555    -0.371290
1556    -0.336126
1557     0.468004
1558     0.952027
1559    -2.155078
1560     0.684244
1561     0.427176
1562    -0.945621
1563    -0.366384
1564    -0.997315
1565    -0.209520
1566     0.552506
1567     0.236595
1568    -3.264546
1569    -0.406842
1570     0.073085
1571     1.819503
1572    -0.570873
1573    -0.078296
1574     0.413389
1575     0.403586
1576    -0.404453
1577     0.691801
1578     0.649049
1579     0.128777
1580     2.015105
1581    -0.805162
1582     1.231885
1583     0.299177
1584    -0.085722
1585    -1.225387
1586    -0.924415
1587     0.025570
1588     0.953409
1589     0.081227
1590    -0.267395
1591     1.342793
1592     0.411110
1593    -0.069940
1594     0.929645
1595     0.539941
1596    -0.143529
1597     0.216862
1598    -0.513932
1599     0.233676
1600     0.235184
1601     1.139550
1602     0.382110
1603    -1.373749
1604     1.463984
1605    -0.961160
1606    -0.693392
1607     2.255100
1608    -1.251782
1609    -2.106494
1610    -1.560457
1611     1.124710
1612     0.376133
1613    -1.061735
1614     0.327657
1615    -0.688039
1616    -1.942272
1617     0.375222
1618     1.415581
1619    -0.707390
1620     0.854702
1621     0.986761
1622     0.032269
1623    -0.712845
1624    -0.724293
1625     0.098073
1626    -0.160500
1627     0.935836
1628    -1.494004
1629    -1.323710
1630     0.439866
1631     2.340541
1632    -0.774505
1633    -0.183321
1634     0.081362
1635    -1.696163
1636    -0.762773
1637    -0.335406
1638     0.198038
1639    -0.159121
1640     1.082892
1641    -1.402894
1642     1.090189
1643    -0.108930
1644     0.443992
1645    -0.898728
1646    -0.225650
1647     0.474389
1648     1.095561
1649     0.326148
1650     0.435876
1651     1.153899
1652    -0.334918
1653    -0.478630
1654     0.778911
1655     0.024614
1656     0.352093
1657    -0.366208
1658    -1.190662
1659     1.796936
1660     0.512227
1661     1.197504
1662    -0.291124
1663    -2.190046
1664     0.227720
1665     0.332677
1666    -1.361869
1667     1.382682
1668     0.106150
1669    -1.866152
1670     0.032948
1671     2.592778
1672     0.337574
1673    -1.383768
1674    -1.697653
1675    -0.333121
1676    -0.953507
1677     0.849066
1678     1.514807
1679    -0.799907
1680     0.956029
1681     0.915030
1682     0.719181
1683    -0.397947
1684    -0.688858
1685     0.168484
1686    -0.340138
1687     0.829752
1688     0.102867
1689    -0.584520
1690     0.920190
1691     2.002360
1692    -0.251940
1693     0.693021
1694    -0.140535
1695    -0.720518
1696    -0.411379
1697    -1.053153
1698     0.079736
1699     1.065175
1700     0.820292
1701     0.062196
1702     1.137383
1703     0.036418
1704     0.434665
1705    -2.762585
1706    -0.148881
1707    -0.702067
1708     1.111991
1709     1.296179
1710     0.707394
1711     2.110521
1712    -0.465818
1713     0.687012
1714     0.457083
1715    -0.279630
1716    -0.119515
1717    -0.865039
1718    -0.845411
1719     0.831181
1720     0.839862
1721     0.925622
1722    -0.033635
1723    -1.697725
1724     0.066262
1725    -0.048636
1726    -1.765070
1727     1.513492
1728    -0.413711
1729    -2.486132
1730    -1.778221
1731     1.203935
1732     0.591742
1733    -0.709601
1734    -1.083315
1735    -0.964935
1736    -0.032679
1737     0.272272
1738     0.969973
1739    -2.197230
1740     0.417550
1741     0.666566
1742     1.325560
1743    -0.631174
1744    -0.112384
1745    -0.898822
1746    -0.385053
1747     1.108273
1748     0.009376
1749    -0.481992
1750     1.296015
1751     1.865606
1752    -0.160811
1753     1.237832
1754    -0.876089
1755    -0.165956
1756    -0.364399
1757    -1.097499
1758     0.235795
1759     1.356658
1760     0.652822
1761     0.249976
1762     1.028559
1763     0.533939
1764     0.447989
1765    -2.958420
1766     0.258870
1767    -1.152775
1768     0.942210
1769     1.961661
1770     1.087142
1771     1.089718
1772     1.002275
1773     1.238862
1774     0.556999
1775    -0.161775
1776    -0.440643
1777    -0.538909
1778    -1.450933
1779     0.135729
1780     1.262779
1781     0.529467
1782    -0.075232
1783    -1.133902
1784    -0.770073
1785     0.327017
1786    -1.058190
1787    -0.120042
1788    -0.556479
1789    -2.100238
1790    -2.724224
1791     0.583107
1792     0.241391
1793    -0.062880
1794    -0.920771
1795    -0.939749
1796     0.000451
1797     0.126869
1798    -1.580808
1799     0.022309
1800     0.538399
1801     0.627244
1802     1.740503
1803     0.788837
1804     1.600476
1805    -0.405905
1806    -0.432291
1807     0.064395
1808    -0.367217
1809    -0.012143
1810     0.462811
1811     1.505610
1812    -0.942931
1813     1.133634
1814    -0.988788
1815    -0.585130
1816    -0.128615
1817    -1.093841
1818    -0.381494
1819     2.029741
1820     1.127935
1821     0.510105
1822    -0.226579
1823     0.083286
1824     0.834869
1825    -2.089056
1826     0.574660
1827    -1.985053
1828    -0.435351
1829     1.411312
1830     0.977814
1831     0.949307
1832     0.633824
1833    -0.074491
1834    -0.319148
1835    -0.323706
1836     0.820197
1837    -0.704261
1838    -1.578148
1839    -0.249923
1840     0.647141
1841     0.500790
1842     1.119042
1843    -0.672447
1844    -0.492869
1845     0.331707
1846     1.022855
1847     0.571676
1848     0.391401
1849    -2.468589
1850    -2.922302
1851     0.394231
1852     0.435578
1853     0.324962
1854     0.083687
1855    -0.646958
1856     0.354377
1857     0.063591
1858    -1.282178
1859    -0.656159
1860    -1.652024
1861     0.707464
1862     0.065789
1863     0.433455
1864     1.649637
1865    -0.588373
1866    -1.156172
1867     0.089522
1868    -0.606765
1869     0.318364
1870     1.641854
1871     1.650074
1872     0.367802
1873     1.362280
1874    -0.197920
1875    -1.111791
1876    -0.216569
1877    -1.189345
1878     0.010028
1879     2.452325
1880     0.308023
1881     0.033816
1882    -0.728858
1883    -0.373106
1884     0.343949
1885    -1.428390
1886     1.739587
1887    -0.813914
1888    -0.357862
1889     0.826341
1890     1.749793
1891     1.253916
1892    -1.067430
1893    -0.248718
1894    -0.626491
1895     0.355517
1896     0.712497
1897    -0.887826
1898    -0.995526
1899    -0.148472
1900     0.364483
1901     0.881927
1902     0.550736
1903    -1.314661
1904     0.521170
1905    -0.862454
1906     0.824360
1907     1.826434
1908    -0.329363
1909    -2.830599
1910    -1.317932
1911     1.048907
1912     0.384248
1913    -0.414621
1914     0.108943
1915    -1.225046
1916    -0.197678
1917    -0.127739
1918    -1.113788
1919    -1.226167
1920    -0.879669
1921    -0.401538
1922    -0.680886
1923    -0.765364
1924     2.145583
1925    -0.482160
1926     0.347410
1927     0.810833
1928     0.333945
1929     0.109411
1930     0.279515
1931     0.352205
1932    -0.515367
1933     1.706056
1934    -0.223459
1935     0.226118
1936     1.523645
1937     0.315922
1938     0.461891
1939     0.899709
1940    -1.549692
1941    -0.365669
1942    -1.225793
1943    -0.424677
1944    -0.666871
1945    -2.060154
1946     0.760547
1947     0.790028
1948    -2.025815
1949    -1.079844
1950    -0.591604
1951    -0.174988
1952    -2.869123
1953    -0.083783
1954    -1.585805
1955    -0.078342
1956    -0.405491
1957    -0.734717
1958    -0.423135
1959    -0.049959
1960    -0.112263
1961     1.053505
1962     0.047901
1963    -1.721527
1964    -0.250977
1965     0.310076
1966     1.406526
1967     2.454596
1968     0.753925
1969    -1.268412
1970     0.564811
1971    -0.213019
1972     1.348398
1973     0.683820
1974     0.397944
1975    -0.114766
1976     1.204933
1977    -0.254235
1978     1.305512
1979     0.338009
1980     0.466657
1981     1.724060
1982    -0.201835
1983    -0.434629
1984     1.425443
1985     0.594462
1986     0.422462
1987     0.706058
1988    -0.137536
1989    -0.098084
1990     2.344016
1991    -0.126871
1992    -0.261509
1993     0.821162
1994     0.587395
1995     0.288001
1996     0.934394
1997    -0.269798
1998     0.146724
1999     0.617038
2000     0.151619
2001    -0.464405
2002     0.374577
2003    -0.164806
2004    -0.356666
2005    -2.203827
2006    -0.069269
2007     1.386037
2008     0.111650
2009    -0.014192
2010    -0.120607
2011     0.815465
2012     0.304094
2013     0.094803
2014     0.613901
2015    -0.414318
2016     0.115838
2017    -1.990475
2018    -1.138590
2019    -0.016439
2020    -1.184086
2021     0.190051
2022    -0.159978
2023    -2.808708
2024    -0.072807
2025     0.924794
2026     1.620302
2027     0.432077
2028     0.039853
2029    -3.771516
2030     0.190022
2031    -0.776332
2032     0.880864
2033     0.144781
2034     0.012803
2035    -1.545208
2036     0.195916
2037    -0.845707
2038     0.514890
2039    -0.180393
2040     0.103041
2041     1.803448
2042     0.287049
2043    -0.102272
2044     0.339288
2045    -0.060014
2046    -0.208112
2047    -0.260836
2048    -0.454268
2049    -0.757519
2050     1.998452
2051     0.509112
2052     0.500676
2053    -0.039245
2054     0.330014
2055     0.323772
2056     0.855804
2057    -0.123216
2058     0.332626
2059     0.062759
2060     0.124251
2061    -0.848309
2062     0.682994
2063     0.356174
2064     0.069121
2065    -1.717211
2066    -0.959412
2067     1.000287
2068    -0.109790
2069     0.530774
2070     0.268132
2071     0.165284
2072     0.063098
2073    -0.239472
2074     0.966569
2075    -0.299265
2076     0.866613
2077    -0.657655
2078    -0.433812
2079     1.144215
2080     0.238967
2081     0.507135
2082     0.133979
2083    -2.041575
2084    -0.688715
2085     0.769587
2086     1.500356
2087    -0.155008
2088    -0.903328
2089    -5.095275
2090     0.428464
2091    -0.823884
2092     0.626747
2093    -0.177015
2094    -0.674892
2095     0.167804
2096     0.518797
2097    -0.842195
2098     0.513115
2099    -0.304143
2100    -0.009023
2101    -0.305342
2102     0.567740
2103    -1.410027
2104     0.355542
2105     0.185435
2106     0.095443
2107     0.375051
2108    -0.190852
2109    -0.214558
2110    -0.481597
2111    -0.362651
2112    -0.903417
2113     0.112651
2114    -0.064952
2115     0.854172
2116    -0.494653
2117     2.035626
2118    -0.433718
2119     0.144359
2120    -0.031208
2121    -0.562946
2122    -0.611421
2123     0.135964
2124    -0.753218
2125     1.230535
2126    -0.721334
2127     2.378646
2128    -0.963361
2129     0.186744
2130    -0.378188
2131    -0.846792
2132     0.144951
2133    -0.890846
2134    -1.404547
2135     0.095777
2136    -0.477029
2137     1.536624
2138    -0.813847
2139     2.300255
2140    -0.410485
2141     0.135501
2142    -0.134039
2143     2.007531
2144    -1.070986
2145     2.514659
2146     2.279113
2147    -0.488699
2148    -0.340764
2149    -3.040161
2150    -0.240740
2151    -0.288645
2152     0.545300
2153     0.360191
2154    -0.528399
2155    -0.341862
2156     0.248487
2157    -0.781688
2158     0.313516
2159    -0.111147
2160    -0.045695
2161    -0.841215
2162     0.226861
2163    -0.956458
2164    -0.864599
2165     0.149063
2166     0.693428
2167    -1.232015
2168    -0.599383
2169     0.131900
2170    -0.752302
2171    -0.354628
2172    -0.466742
2173    -0.034372
2174     0.100404
2175     0.956191
2176     0.248990
2177     1.759133
2178    -0.407521
2179    -0.174782
2180    -0.278527
2181    -0.532657
2182    -1.048208
2183    -0.276118
2184    -0.772348
2185     2.273249
2186    -0.265338
2187     1.403539
2188    -0.419707
2189    -0.021541
2190    -0.720718
2191    -1.360168
2192    -0.157328
2193    -0.590242
2194    -0.117168
2195    -0.160459
2196    -0.598577
2197     1.953403
2198    -0.127568
2199     1.736806
2200     0.373440
2201     0.121017
2202    -0.363450
2203     3.485104
2204     0.246730
2205     1.711141
2206     2.919304
2207     0.034684
2208    -0.660084
2209    -2.105015
2210    -0.402702
2211    -0.563959
2212    -0.844918
2213     0.230683
2214     0.088247
2215    -0.572211
2216    -0.150797
2217    -0.665085
2218    -0.886812
2219    -0.074186
2220     0.576590
2221    -1.072403
2222    -0.201354
2223    -1.444763
2224    -1.069109
2225     1.113468
2226     0.616839
2227    -1.596938
2228     1.130662
2229     0.156955
2230     0.848384
2231    -0.585253
2232     0.917344
2233    -0.091323
2234    -0.555521
2235     0.360297
2236     0.472937
2237     0.542889
2238    -0.405067
2239    -0.376296
2240     0.815385
2241     0.065882
2242    -1.196710
2243    -0.122940
2244    -0.876672
2245     1.354996
2246    -0.148171
2247     1.092184
2248     2.015451
2249    -1.200026
2250     0.492683
2251    -1.763330
2252    -0.424393
2253    -1.530779
2254    -0.706013
2255     0.263103
2256    -0.429170
2257     1.416937
2258    -0.496024
2259     1.329637
2260     1.201074
2261    -1.289251
2262    -0.179807
2263     2.401880
2264    -1.421067
2265     0.100302
2266     1.749285
2267    -0.606957
2268    -1.011736
2269    -0.802655
2270    -0.368652
2271     0.343885
2272    -1.227060
2273     1.838966
2274     0.090546
2275    -0.148401
2276    -0.234841
2277    -0.004116
2278    -1.410707
2279     1.949978
2280     0.315554
2281    -1.089448
2282    -0.988399
2283    -1.182851
2284    -0.860453
2285     0.984440
2286     0.844775
2287    -1.199272
2288     0.597876
2289     0.270282
2290     2.256908
2291    -0.071239
2292    -0.208136
2293    -0.684856
2294     0.285644
2295     0.936355
2296     0.084832
2297     0.705234
2298     0.132489
2299     0.012867
2300    -0.915751
2301    -1.090712
2302    -1.071577
2303     0.301761
2304    -0.093056
2305     1.637202
2306    -0.966663
2307    -0.110655
2308     2.820268
2309    -0.214956
2310    -0.305973
2311    -2.348987
2312    -0.110512
2313    -0.479532
2314    -0.282051
2315    -0.088637
2316    -0.337172
2317     1.675036
2318    -0.437881
2319     0.610474
2320     1.470688
2321    -0.916731
2322    -0.301076
2323     1.567342
2324    -1.233164
2325     0.160421
2326    -0.504546
2327     0.933570
2328     0.251528
2329     0.199812
2330    -0.108804
2331     0.105286
2332    -1.867990
2333     1.063819
2334     0.423971
2335     0.936774
2336     0.069192
2337    -0.316216
2338    -2.752549
2339     1.111201
2340     0.689796
2341    -0.678040
2342    -1.689010
2343    -0.978990
2344    -0.142685
2345     0.643548
2346     1.228588
2347    -1.340521
2348     0.815949
2349     0.285720
2350     1.330213
2351     0.775946
2352    -0.060115
2353    -0.345521
2354     0.290498
2355     0.030080
2356     0.456112
2357     0.906981
2358    -0.503607
2359     0.258014
2360    -1.388886
2361    -0.640856
2362    -0.800829
2363     0.407638
2364    -1.769965
2365     1.904079
2366    -1.021050
2367     0.297700
2368     1.481813
2369     0.461067
2370     0.481718
2371    -3.231188
2372     0.250497
2373    -0.534959
2374    -0.755211
2375     0.150873
2376     0.033857
2377     2.045853
2378    -0.184558
2379    -0.182215
2380     1.149402
2381    -0.580905
2382    -0.412248
2383     0.752084
2384    -0.849913
2385     0.542501
2386    -1.902497
2387     1.540561
2388     1.696713
2389     0.672578
2390    -0.474559
2391     0.935118
2392    -1.115209
2393     0.440905
2394     0.434827
2395     1.578889
2396     0.079269
2397    -0.684357
2398    -1.317336
2399    -0.574851
2400    -0.199509
2401     0.074342
2402    -1.073664
2403     0.154785
2404    -0.378476
2405     0.316950
2406     0.182165
2407    -0.225224
2408     1.734975
2409     0.374096
2410    -0.229319
2411    -0.386339
2412     0.287031
2413     0.456996
2414     1.131580
2415     0.560203
2416     0.159979
2417     1.276822
2418     0.653024
2419     0.831831
2420    -0.900921
2421     0.146634
2422    -2.174277
2423     0.070732
2424    -1.799354
2425     2.383229
2426    -0.890311
2427     1.110257
2428     1.413006
2429     0.115281
2430    -0.353160
2431    -3.338935
2432     0.461364
2433    -1.813754
2434    -1.010783
2435     0.213434
2436    -0.259965
2437     2.067308
2438     0.011047
2439     0.803787
2440     0.849112
2441    -0.664392
2442     0.560111
2443     1.235776
2444    -0.688978
2445     0.714673
2446    -1.332230
2447     0.210663
2448    -1.565015
2449     0.160723
2450    -1.347473
2451    -0.083502
2452    -0.535567
2453     1.115789
2454     0.280285
2455     0.156875
2456    -0.997334
2457    -0.358299
2458    -0.564367
2459     0.290775
2460     0.406000
2461    -1.944231
2462     0.032871
2463    -0.370697
2464     0.537270
2465     0.157464
2466     0.941757
2467     0.968969
2468    -0.236573
2469     0.276148
2470    -1.748676
2471    -0.035516
2472    -0.449484
2473     1.485515
2474     0.036953
2475     0.424119
2476    -1.242224
2477     1.572827
2478    -0.324208
2479     0.355035
2480    -0.456116
2481    -0.478801
2482    -0.946848
2483    -0.256217
2484    -0.500835
2485     2.334949
2486    -0.420402
2487     0.922655
2488     2.206567
2489     0.217258
2490    -0.949069
2491    -2.687181
2492    -0.339679
2493    -0.538277
2494    -1.500277
2495    -0.080726
2496    -0.557015
2497     2.556618
2498     0.558288
2499     0.646539
2500    -1.095955
2501     0.094962
2502    -0.322234
2503     2.033769
2504    -0.126624
2505     1.210560
2506     1.012559
2507    -0.412054
2508     0.450966
2509    -1.220981
2510    -0.602090
2511    -0.599665
2512     0.127440
2513     0.353969
2514     0.444084
2515    -1.151954
2516     0.108129
2517    -0.865221
2518    -0.080365
2519    -0.166725
2520     0.638680
2521    -0.748689
2522     0.155285
2523    -0.718625
2524     1.386290
2525    -0.187695
2526     0.955002
2527     1.131712
2528    -0.390783
2529     0.195536
2530    -0.726464
2531     0.016637
2532    -1.173157
2533     1.028483
2534    -0.078409
2535     0.687392
2536    -0.588415
2537     0.730557
2538    -1.306907
2539    -0.501225
2540     0.378245
2541    -0.085339
2542    -1.315709
2543     0.800209
2544    -0.356069
2545     1.183384
2546    -0.727726
2547     2.120928
2548    -0.544162
2549     0.307165
2550    -0.589299
2551    -0.376645
2552     0.196743
2553    -0.535366
2554    -0.759668
2555     1.018597
2556    -0.253381
2557     0.991375
2558    -0.137747
2559     1.257070
2560    -0.872256
2561     0.296347
2562    -0.592294
2563     1.599375
2564    -0.692367
2565     2.087097
2566     0.959532
2567    -0.652127
2568     0.506390
2569    -3.368442
2570    -0.471502
2571    -0.575954
2572     1.122397
2573    -0.202021
2574    -0.072210
2575    -0.172458
2576     0.080670
2577    -2.000230
2578     0.571587
2579    -0.440079
2580     0.449416
2581    -0.794477
2582     1.369074
2583    -0.344748
2584     1.524772
2585    -1.443840
2586     0.814021
2587     0.792545
2588    -1.926622
2589    -0.275550
2590    -0.073913
2591     1.499168
2592    -0.425694
2593     1.112906
2594    -1.161553
2595     0.458215
2596     0.999490
2597    -1.625351
2598     0.693118
2599    -1.145752
2600     1.579161
2601    -0.442774
2602    -1.110072
2603     1.425898
2604     0.149709
2605    -1.120376
2606    -1.026023
2607    -0.340769
2608     0.442864
2609     1.539012
2610     0.581863
2611     0.155302
2612     1.126228
2613     0.030769
2614    -1.304621
2615     1.046180
2616    -0.669907
2617    -0.324586
2618    -0.849818
2619    -0.101882
2620    -0.038626
2621     1.652449
2622     0.255111
2623    -0.521638
2624    -1.038008
2625    -0.237812
2626     0.770602
2627    -0.577028
2628     0.192017
2629    -1.827144
2630    -1.302863
2631     0.212557
2632     0.830724
2633    -0.737775
2634    -0.537428
2635     0.727762
2636     1.814893
2637    -0.443188
2638     0.904239
2639    -1.363182
2640     0.432373
2641     0.384526
2642     1.363677
2643     0.219406
2644     1.917793
2645    -1.049675
2646     0.397372
2647     1.269555
2648    -0.800141
2649     0.223743
2650     1.526542
2651     1.123979
2652    -0.329736
2653     1.394880
2654    -1.068459
2655     0.006656
2656     1.530434
2657    -1.105358
2658     0.378626
2659    -0.119205
2660     1.062944
2661    -0.260785
2662     0.168348
2663     0.867635
2664    -0.027223
2665    -1.191696
2666    -1.483511
2667    -1.098640
2668    -0.417787
2669     0.778662
2670     0.385015
2671    -0.673636
2672     1.347299
2673     0.909442
2674    -1.563081
2675     1.426016
2676     0.521122
2677    -1.255281
2678    -1.534118
2679    -1.012835
2680    -1.075252
2681     1.235366
2682     0.264716
2683    -0.868879
2684    -1.534245
2685    -1.062860
2686    -1.193046
2687     0.328929
2688     0.827203
2689    -1.777470
2690    -1.631815
2691    -0.466306
2692     0.414622
2693     0.602764
2694     0.481125
2695     0.089459
2696     1.067402
2697    -0.514806
2698     1.439172
2699    -0.997352
2700     0.158766
2701     1.196655
2702     0.327298
2703     0.272974
2704     0.794880
2705     0.513315
2706     0.637601
2707     1.629138
2708    -0.561820
2709     0.581543
2710     1.851392
2711     0.328227
2712    -0.762559
2713     0.619343
2714     0.673714
2715     0.509843
2716     0.580284
2717     0.370554
2718     0.685702
2719     1.033852
2720     0.193953
2721     0.001863
2722     1.089399
2723     1.077088
2724     0.647749
2725    -0.914961
2726    -1.411319
2727    -0.854416
2728    -1.452595
2729     0.351055
2730    -0.292783
2731    -1.093119
2732     0.334703
2733     0.374416
2734    -1.336539
2735     0.104247
2736     0.043335
2737    -1.453994
2738    -1.778381
2739    -1.454226
2740     0.419530
2741     0.241717
2742     0.644785
2743    -0.839609
2744    -2.078425
2745    -1.414592
2746    -0.871749
2747     2.095626
2748     2.023161
2749    -1.910378
2750    -1.833524
2751    -0.806275
2752     0.612912
2753     0.585110
2754     0.584218
2755    -0.200347
2756     0.428733
2757    -1.425832
2758     0.245905
2759     0.038126
2760     0.003495
2761     1.952426
2762     0.251275
2763    -1.161690
2764    -1.044161
2765     0.395114
2766     0.101442
2767    -1.718488
2768    -0.901270
2769     0.099822
2770     0.863489
2771     0.378024
2772    -0.313188
2773    -1.342625
2774     0.460945
2775     0.451896
2776    -1.042444
2777     0.303516
2778     0.232699
2779     1.441390
2780     0.205184
2781    -1.294006
2782     0.894944
2783     1.091926
2784     0.112539
2785    -0.333099
2786    -1.333421
2787     2.883132
2788    -0.631126
2789     0.445092
2790    -0.012862
2791    -0.493027
2792     0.362462
2793     0.080513
2794    -0.111660
2795     0.161669
2796    -0.031565
2797     0.470495
2798    -1.106646
2799    -0.664887
2800     2.030573
2801     0.007563
2802    -1.468950
2803     0.844090
2804    -1.419981
2805    -0.625111
2806    -0.405014
2807     1.480164
2808     0.074718
2809    -1.081685
2810    -1.122135
2811     0.584062
2812     0.096077
2813     0.532219
2814    -0.108972
2815     1.626219
2816     0.352798
2817    -1.174190
2818    -2.016373
2819    -0.544496
2820     2.234600
2821     1.290824
2822    -1.015108
2823    -1.653186
2824    -1.130807
2825     0.814821
2826     0.433154
2827    -1.894195
2828     0.014417
2829     1.531484
2830    -0.006247
2831     0.253103
2832     0.398746
2833    -0.840914
2834     0.947645
2835     0.250996
2836    -1.168710
2837     0.539568
2838     0.560238
2839     0.722937
2840    -0.560588
2841    -1.477873
2842    -0.554223
2843    -0.260233
2844     0.321853
2845     1.964292
2846    -0.490326
2847     1.090841
2848    -1.217624
2849    -0.281593
2850     0.044850
2851    -1.268207
2852     0.160187
2853     0.504363
2854    -1.034744
2855    -0.288261
2856     0.316115
2857     1.768433
2858    -1.831654
2859    -2.374360
2860     1.621603
2861     1.027654
2862    -0.383828
2863     1.616931
2864    -0.185885
2865    -0.513531
2866    -1.466701
2867     0.198070
2868     0.410681
2869     0.447718
2870    -0.124707
2871    -0.047312
2872    -0.839371
2873     0.292070
2874     0.681377
2875     2.032028
2876     1.828980
2877    -0.294380
2878    -0.043022
2879    -1.038162
2880     0.199772
2881     0.373367
2882    -0.423636
2883     0.560409
2884    -1.328325
2885     0.762185
2886    -0.611809
2887    -0.432244
2888    -0.656687
2889    -0.940137
2890     0.839196
2891    -0.342722
2892    -1.066562
2893     0.950896
2894    -0.308345
2895     0.114536
2896     0.504156
2897    -0.628105
2898    -0.220981
2899     0.323259
2900    -0.322692
2901     1.411835
2902     0.295804
2903    -1.389248
2904     0.136403
2905    -0.306975
2906     2.013344
2907     0.212650
2908    -1.222480
2909    -1.005180
2910    -0.946674
2911    -1.191013
2912    -0.315544
2913    -0.185365
2914     0.443366
2915    -1.606778
2916    -0.381557
2917     0.213027
2918    -0.015356
2919     0.723423
2920     1.238903
2921     1.897884
2922     2.159477
2923     0.510994
2924     0.561000
2925     0.929789
2926    -2.619178
2927     0.781292
2928    -1.085123
2929     0.991374
2930    -0.691497
2931    -1.131454
2932    -0.149075
2933    -0.325038
2934    -0.312274
2935     1.568823
2936     2.506919
2937     1.625424
2938    -1.003874
2939    -0.491795
2940    -0.992010
2941    -1.436587
2942     1.236193
2943    -1.160539
2944    -0.189652
2945     0.301344
2946     0.331941
2947    -0.406970
2948     0.389162
2949    -0.173775
2950     0.664763
2951    -0.591250
2952    -1.649582
2953     0.854648
2954    -0.329739
2955    -0.174625
2956     0.962853
2957    -1.701690
2958    -0.112218
2959    -0.988045
2960    -0.419625
2961    -0.291925
2962    -0.241502
2963    -0.666925
2964     0.094634
2965    -0.095109
2966     0.964096
2967     0.009502
2968    -0.791549
2969    -0.588521
2970     0.109807
2971    -0.617612
2972    -0.341005
2973     0.644113
2974     1.215402
2975    -2.347004
2976    -0.045874
2977    -0.362854
2978     0.968362
2979     0.665834
2980     0.730187
2981     1.268928
2982     0.891305
2983     0.253333
2984     1.166210
2985     1.123332
2986    -2.847536
2987    -0.619555
2988    -1.216829
2989     3.037790
2990    -0.079137
2991     0.672480
2992    -0.169895
2993    -0.147407
2994    -0.101207
2995     1.245128
2996     2.363828
2997     0.666261
2998    -0.816793
2999    -0.826265
3000    -0.282636
3001    -0.545886
3002    -0.150726
3003    -2.025514
3004    -0.596280
3005    -0.999621
3006    -0.843752
3007    -0.717106
3008    -0.981962
3009    -1.231911
3010     0.629053
3011    -0.122510
3012    -1.293082
3013    -0.834972
3014    -0.222238
3015    -0.502679
3016    -1.709181
3017    -0.008658
3018     0.211765
3019    -1.934956
3020    -0.918693
3021    -0.732849
3022     0.355027
3023    -0.164925
3024     0.883502
3025     1.480279
3026     1.618314
3027     0.813321
3028    -0.131717
3029    -0.340185
3030     0.804019
3031     0.261727
3032    -0.826795
3033     0.759210
3034     0.424181
3035    -0.790272
3036     0.787495
3037     0.820849
3038     0.740034
3039     0.853992
3040     0.605653
3041     0.575344
3042     0.791144
3043     0.843766
3044     1.039727
3045     1.320589
3046     1.090691
3047     0.231531
3048    -0.163902
3049     2.567691
3050     1.392889
3051     1.483219
3052    -1.666257
3053     0.010554
3054    -0.456866
3055     1.040015
3056    -0.103807
3057    -1.733508
3058    -1.982576
3059     0.022000
3060     0.275805
3061    -1.040875
3062     0.416095
3063    -0.791767
3064    -1.312866
3065    -0.390059
3066     0.217931
3067    -1.414782
3068    -0.076666
3069     0.421211
3070     0.572438
3071    -0.544922
3072    -0.961800
3073    -1.476669
3074    -0.903821
3075     0.254048
3076    -0.562099
3077    -1.049971
3078    -0.740229
3079    -0.816161
3080     0.797419
3081    -0.149869
3082    -0.190397
3083    -0.667117
3084     0.392922
3085     2.053525
3086     1.312580
3087     0.941045
3088    -1.186375
3089    -0.302729
3090     0.106943
3091    -0.753464
3092    -0.252164
3093     0.660502
3094    -0.375125
3095    -0.909738
3096     0.354297
3097     0.388857
3098     1.136083
3099    -0.089844
3100     0.975459
3101    -1.050611
3102    -0.469821
3103     0.430395
3104     1.381243
3105     0.151282
3106     1.909958
3107    -1.447091
3108    -0.123672
3109     2.514174
3110     2.816312
3111     1.069739
3112    -0.341196
3113     0.731323
3114     0.422776
3115     1.381121
3116    -0.280763
3117    -0.747262
3118    -0.755917
3119    -0.715404
3120    -0.918434
3121    -0.091695
3122    -0.806839
3123    -0.772757
3124    -0.301669
3125    -0.429787
3126     0.622611
3127     0.072994
3128     0.226529
3129     1.034072
3130    -0.567445
3131    -1.021136
3132    -1.216203
3133    -0.256487
3134    -0.334030
3135     0.707407
3136     0.958779
3137    -0.893105
3138     0.263357
3139     0.336403
3140    -0.641833
3141     0.213122
3142    -0.199178
3143    -0.303914
3144     0.258070
3145     0.924567
3146     2.305535
3147     0.431255
3148    -1.088229
3149     0.310038
3150     0.157768
3151    -1.144294
3152    -0.156083
3153     0.577323
3154    -0.322217
3155     0.451323
3156     0.328076
3157     1.006101
3158     2.046059
3159     0.458265
3160    -0.128697
3161    -0.697237
3162    -0.700329
3163     1.016636
3164     1.395230
3165     0.635278
3166    -1.108219
3167    -3.154055
3168    -2.431817
3169     0.189273
3170     2.727799
3171    -0.004998
3172    -0.219112
3173     0.095476
3174     0.459196
3175     0.326842
3176    -0.228232
3177    -1.110008
3178     0.595646
3179    -0.891737
3180     0.090311
3181    -0.617885
3182    -0.011109
3183    -1.424915
3184    -0.097639
3185    -0.853572
3186    -0.784277
3187     0.517878
3188    -0.680751
3189    -0.450463
3190    -0.862798
3191    -0.665267
3192    -0.168686
3193     0.082818
3194    -0.979501
3195     0.485542
3196     0.388700
3197     0.001267
3198    -0.346747
3199     0.162959
3200    -0.369630
3201    -0.625169
3202    -0.118281
3203    -0.269111
3204    -0.071613
3205     0.940369
3206     2.244427
3207     1.848467
3208    -0.953025
3209     0.216032
3210    -1.221262
3211    -1.115253
3212    -0.863531
3213    -0.568681
3214    -0.448873
3215     0.841044
3216    -0.317291
3217     1.475771
3218     1.164288
3219     2.212339
3220    -0.243769
3221    -0.610486
3222     0.011438
3223     1.612712
3224     0.322646
3225     2.683348
3226    -1.244015
3227    -1.135039
3228    -1.199821
3229     0.110645
3230     2.517611
3231     1.373053
3232     0.112235
3233    -0.827544
3234     0.087525
3235     0.181602
3236     0.100734
3237    -0.629773
3238     0.115850
3239    -0.142509
3240    -0.893015
3241     0.091679
3242    -0.354686
3243    -0.436999
3244    -0.363386
3245    -0.741756
3246    -0.691285
3247     0.238062
3248    -0.368732
3249    -0.403382
3250    -0.829213
3251    -0.976141
3252     0.113382
3253    -0.629900
3254    -1.045133
3255     0.206360
3256     0.250550
3257    -0.030791
3258    -0.371270
3259    -0.613388
3260    -0.482117
3261    -0.772563
3262    -0.202915
3263     0.438822
3264    -0.243696
3265     0.463520
3266     3.692509
3267     0.109578
3268    -0.456983
3269    -1.834089
3270    -0.152036
3271     0.495436
3272     0.420197
3273     0.533965
3274     0.244681
3275    -0.823840
3276     0.711632
3277     0.541644
3278     2.460165
3279     0.322813
3280    -0.125033
3281    -1.851503
3282     0.509408
3283     0.769626
3284     1.992120
3285     0.873488
3286     0.031569
3287     0.581154
3288    -0.892579
3289    -0.378293
3290     2.455570
3291     0.478526
3292     0.074285
3293    -0.615133
3294     0.212414
3295     0.682610
3296    -2.570991
3297     0.632354
3298    -0.284550
3299    -0.345625
3300    -0.740110
3301     0.073852
3302    -0.427213
3303    -0.107609
3304    -0.390876
3305    -0.686275
3306    -0.900743
3307     0.426652
3308    -1.062099
3309    -0.951826
3310    -0.202391
3311    -0.601929
3312     1.016328
3313    -0.136980
3314    -1.643483
3315    -0.443197
3316    -0.050637
3317    -0.054985
3318    -0.880065
3319     0.474138
3320    -1.576072
3321    -0.464554
3322    -0.039787
3323    -0.512241
3324    -0.983308
3325     0.062338
3326     3.358427
3327     0.814511
3328    -0.894780
3329    -0.265380
3330    -0.168975
3331     0.113361
3332    -0.680831
3333    -1.287456
3334    -0.244224
3335    -1.378158
3336    -1.174197
3337     0.561347
3338     2.521090
3339     1.439857
3340    -0.388810
3341     0.144435
3342     1.178740
3343     0.228677
3344     2.312456
3345     1.418815
3346     0.502895
3347     0.564706
3348     0.619792
3349    -0.165233
3350     1.935165
3351     1.250404
3352     0.145735
3353    -1.069417
3354    -0.450286
3355     0.070967
3356    -0.069478
3357     1.361592
3358    -0.146246
3359    -0.808718
3360    -1.287822
3361     0.863040
3362     1.064772
3363    -0.444012
3364    -0.286643
3365    -1.338934
3366    -0.040557
3367     0.485148
3368    -1.897849
3369    -0.288547
3370    -0.397272
3371    -0.569878
3372     0.912294
3373     0.329804
3374    -0.788051
3375    -0.382607
3376     0.066958
3377    -0.974419
3378    -0.178085
3379     0.599498
3380    -1.930829
3381     0.338463
3382    -0.084801
3383    -1.065587
3384    -0.441619
3385    -0.226309
3386     3.272811
3387     0.350934
3388     0.229949
3389     1.369495
3390     0.025807
3391     0.810179
3392    -0.025164
3393    -0.599556
3394     0.504686
3395    -2.067272
3396     0.244914
3397    -0.137006
3398     2.810066
3399    -0.052155
3400    -0.682911
3401     0.046061
3402     0.580708
3403    -0.391535
3404     2.173901
3405     0.827774
3406    -0.365753
3407     0.006999
3408    -0.437266
3409    -1.466982
3410     2.234153
3411    -0.454133
3412     0.217682
3413    -1.094900
3414    -0.142425
3415    -0.136027
3416    -0.350226
3417     1.008093
3418     0.068293
3419    -0.875148
3420    -0.828025
3421     0.338737
3422     1.624674
3423     0.084965
3424     1.620965
3425    -1.309320
3426     1.193317
3427     1.259369
3428    -1.938180
3429    -0.025526
3430     0.409841
3431    -0.221730
3432     1.666238
3433     0.393054
3434    -0.042780
3435     0.348039
3436     0.902826
3437    -0.742740
3438     0.504319
3439    -0.634458
3440    -1.778356
3441    -0.779998
3442    -1.430256
3443     0.299528
3444    -0.609693
3445    -0.885493
3446     1.500470
3447    -1.334351
3448     0.202263
3449     1.434293
3450     0.551079
3451     0.302486
3452    -0.978325
3453    -1.375977
3454    -0.032393
3455    -1.773337
3456    -0.227350
3457    -0.972619
3458     2.415249
3459    -0.540332
3460    -0.248676
3461     0.768277
3462     1.197351
3463    -0.885058
3464     0.202685
3465    -1.273328
3466     0.231160
3467    -0.157025
3468    -0.083763
3469    -1.817835
3470     2.288360
3471    -0.538637
3472     0.158385
3473    -0.306085
3474     0.414480
3475     0.377477
3476    -0.980228
3477     0.653469
3478     0.710227
3479    -0.305431
3480     0.175697
3481    -0.316318
3482     0.744499
3483     0.058109
3484     1.450561
3485    -0.569142
3486     0.662005
3487     2.090831
3488    -0.265151
3489    -0.056577
3490     0.583006
3491     0.523860
3492     0.956969
3493    -0.458075
3494    -0.835519
3495     0.603499
3496    -0.420897
3497    -2.015026
3498    -0.181228
3499     0.693894
3500     0.120699
3501    -1.271062
3502    -0.012711
3503     1.578975
3504    -0.434409
3505    -1.701967
3506    -0.127283
3507    -1.041321
3508     0.809629
3509     2.273052
3510    -0.033860
3511     1.579414
3512     0.551064
3513    -0.677124
3514     1.401741
3515    -0.127112
3516     0.541704
3517    -1.696755
3518     1.141710
3519    -1.385583
3520    -0.139207
3521     0.754958
3522     1.172934
3523    -1.070462
3524    -0.138020
3525    -0.832070
3526    -0.151350
3527    -0.542856
3528    -0.070989
3529    -1.919086
3530     1.031845
3531     0.306987
3532    -1.127243
3533    -2.513465
3534     0.895754
3535     0.812466
3536    -0.137477
3537     0.736157
3538    -0.407469
3539    -1.449610
3540     0.050106
3541     1.064510
3542     1.078383
3543     0.106857
3544     1.516084
3545    -0.040378
3546     1.032867
3547     0.300792
3548    -0.688789
3549    -0.225626
3550     0.116930
3551     0.182882
3552     0.524385
3553     0.235422
3554    -2.012453
3555    -0.766106
3556     0.865748
3557    -1.342716
3558     0.249036
3559    -0.769820
3560    -0.389065
3561    -1.654566
3562     0.497653
3563     0.035509
3564    -1.968617
3565    -0.665550
3566     1.306404
3567     1.035326
3568     0.165081
3569     1.573896
3570    -0.758169
3571     0.478353
3572     1.112206
3573     0.128233
3574     0.308826
3575    -0.490602
3576     0.205076
3577    -0.883929
3578     0.506626
3579    -2.205070
3580     0.529557
3581    -0.126942
3582     0.054532
3583    -2.881715
3584    -0.036281
3585    -0.284030
3586     0.397580
3587    -0.378004
3588    -0.131221
3589    -1.578265
3590     2.174170
3591     1.580816
3592    -0.630953
3593    -1.658263
3594     1.710911
3595     0.348142
3596    -0.316531
3597     0.494500
3598     0.585555
3599    -0.490052
3600     0.870864
3601     1.092990
3602    -0.002702
3603    -0.566387
3604     1.410868
3605     0.189903
3606     0.641416
3607     0.166616
3608    -0.965130
3609     0.729284
3610     0.036464
3611     0.277794
3612    -0.663669
3613    -5.218078
3614    -0.600707
3615     0.331006
3616     0.752943
3617    -0.628741
3618    -0.003492
3619     0.098656
3620    -0.302187
3621    -0.835533
3622     0.368595
3623     0.359609
3624    -0.925330
3625     0.357199
3626     0.691016
3627     0.518894
3628     0.160044
3629     1.490459
3630    -0.785407
3631     0.189392
3632     1.293764
3633    -0.038816
3634     0.762042
3635    -0.438964
3636    -0.302256
3637    -1.445560
3638     1.082515
3639    -0.479531
3640     1.078723
3641    -0.342958
3642    -0.604625
3643    -1.173648
3644    -0.587971
3645    -1.047148
3646     0.127126
3647     0.259795
3648     1.149575
3649     0.089716
3650     0.863886
3651     2.108546
3652    -0.204278
3653    -1.270500
3654     0.516514
3655     1.148915
3656    -0.694593
3657    -0.529240
3658     0.201275
3659    -0.674288
3660     0.786198
3661    -0.294509
3662    -0.250225
3663    -1.689770
3664     0.293742
3665     0.232259
3666     1.125710
3667    -0.751334
3668    -0.592245
3669     0.762936
3670     0.516871
3671     0.584914
3672     0.383182
3673    -0.075927
3674    -0.334074
3675    -0.368206
3676    -0.206128
3677    -0.300950
3678     0.210954
3679     1.565769
3680    -0.766891
3681    -2.163106
3682     0.369036
3683     0.338693
3684     0.697181
3685     0.653047
3686    -0.054031
3687     2.241700
3688     0.471183
3689     1.153961
3690     0.801022
3691    -0.651712
3692     0.882535
3693     0.343650
3694     0.033429
3695    -0.015947
3696    -0.799646
3697    -0.851398
3698     0.968879
3699     0.810673
3700     0.183302
3701    -0.627126
3702    -2.518308
3703    -0.950351
3704    -0.108641
3705    -1.994314
3706    -1.231131
3707    -0.376842
3708    -0.447718
3709     1.383241
3710     0.735464
3711     3.189313
3712    -0.058324
3713    -0.358684
3714     1.079973
3715     0.336129
3716    -0.733093
3717    -2.438807
3718    -0.734935
3719    -0.377958
3720     0.773583
3721    -0.117026
3722    -0.329270
3723     0.810766
3724    -0.262929
3725    -0.041434
3726     0.026608
3727     0.208523
3728    -0.833189
3729    -0.811032
3730    -0.414915
3731     0.788605
3732     0.709411
3733    -0.310608
3734     0.375941
3735     1.451885
3736     0.288177
3737    -0.924176
3738    -1.492879
3739     1.866861
3740    -0.700769
3741    -2.517661
3742    -0.490332
3743     0.595701
3744     1.067682
3745     0.532545
3746     0.559203
3747     1.699822
3748    -0.533615
3749     1.241529
3750     1.320786
3751    -0.190557
3752     0.260378
3753    -1.219950
3754    -0.323222
3755     0.034011
3756     0.897307
3757    -1.043194
3758     0.965309
3759    -0.071160
3760     0.209861
3761    -0.752252
3762    -2.377603
3763    -0.381514
3764     0.175327
3765    -1.318546
3766     0.562044
3767     0.478224
3768     1.873419
3769     0.691491
3770     1.160863
3771     2.920636
3772     0.081695
3773    -1.504666
3774    -0.370275
3775    -0.174548
3776    -0.841842
3777    -1.804535
3778    -0.198737
3779    -0.707493
3780    -0.794680
3781     0.441501
3782    -1.055600
3783     0.036957
3784    -0.220679
3785     0.329856
3786    -0.300164
3787     0.365664
3788    -0.755461
3789    -0.308994
3790     0.074294
3791     0.956452
3792     0.445034
3793    -0.429607
3794    -1.494144
3795    -0.734787
3796    -0.194525
3797    -0.913049
3798    -0.110908
3799    -0.106961
3800    -0.125092
3801    -0.523167
3802    -0.145514
3803     0.804439
3804     1.600643
3805     0.696281
3806     1.974785
3807     2.142220
3808    -0.117076
3809     1.552308
3810     1.345641
3811    -0.417893
3812     0.916618
3813     0.098540
3814     0.094738
3815    -0.239708
3816     0.802357
3817    -0.622121
3818     0.081902
3819    -1.176898
3820     0.024795
3821    -0.782373
3822    -2.221120
3823     0.381656
3824    -0.463021
3825    -2.102916
3826    -0.194398
3827     1.082437
3828     0.170944
3829     0.821494
3830     2.105009
3831     2.622460
3832    -0.257833
3833    -1.684834
3834     0.154555
3835     0.153347
3836    -1.423150
3837    -2.312121
3838    -0.347163
3839    -0.867373
3840     0.371721
3841     0.793266
3842    -1.520164
3843     1.499269
3844    -0.181386
3845     0.493410
3846    -0.467280
3847     0.483217
3848    -2.218413
3849     0.061848
3850    -0.202430
3851     0.786260
3852     0.088072
3853     0.156842
3854    -0.584289
3855    -0.143268
3856     0.186784
3857    -0.986788
3858     0.638875
3859    -0.044017
3860     0.393688
3861     0.950123
3862    -0.098943
3863     1.072440
3864     0.198497
3865    -1.002680
3866     0.522438
3867    -0.144918
3868    -0.430557
3869     1.847178
3870    -0.390035
3871    -0.545228
3872     1.427662
3873     0.098054
3874     0.437039
3875    -0.357767
3876     0.494274
3877    -0.895652
3878     0.849025
3879    -1.057634
3880     0.088300
3881    -0.546924
3882    -2.092194
3883     0.108383
3884    -0.866548
3885    -1.738309
3886    -0.669508
3887     1.211347
3888    -0.125214
3889     0.684061
3890     2.142462
3891     3.313546
3892     0.356603
3893    -2.163567
3894     0.049665
3895     0.532664
3896    -0.803060
3897    -1.480274
3898     0.243243
3899    -0.698390
3900     0.246903
3901     0.414777
3902    -0.524503
3903     2.260770
3904    -0.058220
3905     0.596732
3906    -1.533391
3907    -0.997019
3908    -0.285813
3909    -0.822530
3910     0.181061
3911     0.024525
3912    -0.192017
3913    -0.060905
3914    -0.115871
3915    -1.475962
3916    -0.145847
3917    -0.798702
3918    -0.235460
3919     0.113109
3920    -0.013789
3921     0.415255
3922     0.766267
3923     0.261495
3924     0.175978
3925    -0.591069
3926    -1.854516
3927     0.244414
3928     0.472458
3929     0.797423
3930    -0.355654
3931     0.071849
3932     0.184722
3933    -0.102348
3934     0.282666
3935     0.645271
3936    -0.677683
3937    -0.943480
3938     2.287416
3939     0.851018
3940     0.617219
3941    -1.804230
3942    -0.288028
3943    -0.544606
3944     1.996602
3945     1.714864
3946    -0.499813
3947     0.084137
3948    -1.707684
3949     1.318369
3950    -1.747008
3951     0.470803
3952    -0.938622
3953    -1.008125
3954     0.228608
3955     0.342972
3956     1.250814
3957     0.652723
3958     0.198835
3959     0.023420
3960     0.376324
3961     1.040634
3962     0.426857
3963     1.341814
3964    -0.091971
3965     0.347387
3966    -1.407214
3967     0.131649
3968     0.806998
3969    -1.215439
3970     0.987810
3971     0.991201
3972    -0.229248
3973     0.040312
3974    -0.056964
3975    -0.627933
3976     0.025237
3977    -0.377451
3978     0.079369
3979     0.262147
3980     0.129227
3981     0.304640
3982     1.243766
3983     0.940136
3984     0.221936
3985    -1.454108
3986    -2.741146
3987     0.803613
3988     0.851849
3989     1.334055
3990    -0.087498
3991     0.021444
3992     0.278571
3993    -0.506476
3994     0.200506
3995     0.648073
3996    -0.646532
3997    -2.073076
3998    -0.704138
3999     0.980844
4000     0.760367
4001    -0.123859
4002    -0.444447
4003    -2.499125
4004    -1.350087
4005     0.509905
4006     0.306346
4007     0.584905
4008    -0.556617
4009    -0.977569
4010    -3.099217
4011     1.137689
4012     0.255064
4013     0.467078
4014     0.036623
4015     0.773071
4016     1.319386
4017     0.423719
4018     0.195644
4019     0.178988
4020    -0.118748
4021     0.530881
4022     1.304478
4023     1.929285
4024    -0.375310
4025    -0.379814
4026    -0.244884
4027     0.146164
4028     0.102703
4029    -1.045140
4030    -0.203269
4031     1.160011
4032     2.262803
4033    -0.067250
4034    -0.026083
4035    -0.738165
4036     0.041307
4037    -0.629566
4038    -0.333184
4039     0.305830
4040    -0.249655
4041     0.012280
4042     0.310538
4043     1.800389
4044     1.695059
4045    -0.448347
4046    -1.867585
4047    -1.258175
4048     0.091705
4049     1.842272
4050     1.447418
4051    -0.034185
4052    -0.178856
4053    -0.451227
4054     0.379565
4055     0.148263
4056    -1.149238
4057    -0.348377
4058    -2.284626
4059    -0.620761
4060     0.351155
4061     0.497658
4062    -0.621031
4063    -1.399128
4064    -1.509805
4065    -0.789014
4066     0.097225
4067     0.329059
4068    -0.140527
4069     0.016738
4070    -2.459327
4071    -0.511866
4072    -0.033170
4073     1.025214
4074    -0.315556
4075     0.372371
4076     1.489964
4077     1.472826
4078     0.265556
4079    -0.114692
4080    -0.600903
4081    -0.142905
4082     0.239498
4083     0.651393
4084     0.023287
4085     0.550580
4086    -0.188697
4087     0.435886
4088     0.576309
4089     0.009553
4090    -0.573455
4091     1.186376
4092     0.883327
4093     0.181561
4094     0.288790
4095     0.451470
4096     0.223421
4097    -0.154739
4098    -0.099848
4099     0.548400
4100     0.349919
4101     0.461508
4102    -0.395004
4103     0.645697
4104     0.434070
4105    -1.098772
4106    -3.645069
4107    -2.088694
4108    -0.379811
4109     1.276852
4110     0.249515
4111     0.269051
4112     0.601377
4113     0.241225
4114     0.560638
4115     0.243342
4116    -0.317097
4117     1.338600
4118    -0.417668
4119     0.813080
4120     0.459212
4121     0.610876
4122    -0.281248
4123    -1.247230
4124    -1.134546
4125     0.408888
4126     0.148554
4127     0.440207
4128     0.170820
4129    -0.376726
4130    -3.696789
4131    -2.148794
4132    -0.410928
4133     0.631940
4134     0.042308
4135    -0.053314
4136     1.060649
4137     0.335366
4138     0.489534
4139     0.346399
4140    -0.028146
4141     0.488770
4142    -0.211254
4143    -0.134153
4144     0.435146
4145    -0.415655
4146    -0.121643
4147     0.865205
4148     0.496272
4149    -0.460782
4150     0.335476
4151    -0.014015
4152    -0.286460
4153     0.542235
4154     0.064449
4155     0.109768
4156     0.291881
4157    -0.007276
4158    -0.182759
4159     0.801120
4160    -0.165344
4161     0.374072
4162     0.385783
4163    -0.534621
4164    -0.128586
4165    -3.448450
4166    -0.393743
4167     0.797995
4168     0.354681
4169     0.195544
4170    -0.365173
4171     0.574886
4172     0.091762
4173    -0.133099
4174     0.922257
4175    -0.036287
4176    -0.424062
4177    -0.164616
4178     0.722432
4179     1.805061
4180     0.591675
4181     0.342791
4182    -0.428808
4183    -2.623685
4184     0.039399
4185     1.685466
4186     0.397976
4187     0.245151
4188    -0.051784
4189    -2.918924
4190    -0.942110
4191     1.173240
4192     1.048161
4193     0.529841
4194    -3.239406
4195     0.667937
4196     0.205222
4197    -0.370004
4198     0.452485
4199    -0.212557
4200     0.381118
4201     0.263389
4202    -0.491195
4203    -0.481988
4204     0.648944
4205    -0.439059
4206    -0.074646
4207     0.407439
4208    -0.634144
4209    -0.625680
4210     0.125234
4211    -0.462098
4212    -0.469949
4213     0.302584
4214    -0.195358
4215    -0.429791
4216     0.194149
4217     0.059511
4218    -0.704254
4219     0.495951
4220    -0.236727
4221    -0.270444
4222     0.216243
4223    -0.376936
4224    -0.722108
4225    -2.752843
4226    -0.031477
4227     1.489425
4228     0.523652
4229    -0.040287
4230    -0.259208
4231     0.287422
4232     0.204569
4233    -0.852285
4234     0.706417
4235    -0.696591
4236    -0.700844
4237     0.367867
4238     2.586682
4239     3.803601
4240     0.332442
4241     0.035835
4242    -0.783585
4243    -2.384298
4244     0.109372
4245     1.401834
4246     0.242108
4247    -0.069766
4248    -0.340216
4249    -2.001864
4250     1.408209
4251     1.516086
4252     1.282856
4253    -0.255495
4254    -0.709051
4255     0.447811
4256    -0.475986
4257    -0.455695
4258     0.294495
4259     0.000939
4260    -0.331201
4261    -0.097146
4262     0.659201
4263    -0.007741
4264    -0.378540
4265     0.701507
4266     1.559202
4267    -0.481910
4268    -0.586637
4269     0.011795
4270    -0.175800
4271    -0.007528
4272    -0.076558
4273     0.193125
4274     0.428021
4275    -0.143123
4276     0.102097
4277     0.700263
4278    -0.530655
4279     0.733060
4280     0.241804
4281     0.069563
4282    -0.277794
4283    -0.555550
4284    -0.465208
4285     0.421362
4286     0.741248
4287    -1.829122
4288    -1.093126
4289    -0.910614
4290     1.356768
4291    -0.594581
4292     0.245209
4293    -0.412456
4294    -0.757969
4295     1.144389
4296     0.693843
4297     3.508214
4298     1.472142
4299     2.107163
4300    -0.375414
4301    -1.008705
4302    -0.599774
4303     0.035050
4304    -1.108067
4305    -1.299696
4306    -0.475936
4307     0.003363
4308     0.240396
4309     0.916544
4310    -0.976605
4311    -2.267212
4312    -0.811038
4313    -0.402826
4314     1.217091
4315    -0.654571
4316    -0.822759
4317     0.562826
4318     0.264373
4319     0.042146
4320    -0.187102
4321    -0.388464
4322    -0.022747
4323    -0.782334
4324    -0.543498
4325     0.333206
4326    -0.628625
4327     0.117585
4328     1.068437
4329     0.372881
4330    -0.108737
4331     0.382386
4332    -0.415733
4333     0.385342
4334     1.049344
4335    -0.059454
4336     0.277858
4337     0.648267
4338     0.136769
4339    -0.236829
4340    -1.034159
4341    -1.328688
4342     0.266731
4343     1.051271
4344     0.226847
4345    -0.003997
4346    -1.703766
4347     0.333997
4348    -0.833201
4349     1.279724
4350    -1.377314
4351    -0.156888
4352     1.715687
4353    -0.112252
4354    -0.797871
4355    -0.195929
4356    -0.469179
4357     1.493214
4358    -2.171845
4359     2.026452
4360     0.334273
4361     1.077365
4362     0.497586
4363    -0.175909
4364    -2.408812
4365     0.514639
4366    -0.283522
4367     0.448977
4368     0.084239
4369     0.494595
4370    -3.492162
4371     0.538673
4372    -0.406712
4373     0.468298
4374    -0.087960
4375    -0.107505
4376     0.561736
4377     0.284568
4378     0.673532
4379     0.944724
4380     0.244887
4381    -0.150633
4382     0.991875
4383     0.422728
4384     0.489218
4385     0.427027
4386    -1.169655
4387    -0.038219
4388     0.136038
4389    -0.616667
4390     0.520001
4391     0.187864
4392    -0.932245
4393    -0.137841
4394     0.984090
4395     0.065821
4396    -0.644831
4397     0.193626
4398    -0.323569
4399     0.324472
4400     0.320389
4401     0.374818
4402     0.542839
4403     0.838828
4404    -0.172201
4405    -0.618982
4406    -1.720782
4407     0.330749
4408    -1.042254
4409     1.599632
4410    -0.331628
4411    -0.486626
4412     1.187638
4413    -0.783823
4414     0.094145
4415     0.007085
4416    -0.164142
4417    -0.025703
4418    -3.155438
4419     0.431343
4420    -0.502591
4421     0.243485
4422    -0.639652
4423     0.954291
4424    -1.955789
4425     0.613025
4426    -0.511622
4427     0.606571
4428     0.498889
4429     1.001247
4430    -0.736070
4431     4.165783
4432    -0.174494
4433    -0.353744
4434    -1.109805
4435     0.464321
4436    -0.100985
4437    -0.471280
4438    -0.056737
4439     0.298661
4440    -0.188490
4441    -0.347511
4442    -0.461219
4443     1.393811
4444     0.297668
4445    -0.677210
4446    -0.359592
4447    -0.250227
4448     2.382120
4449     0.580572
4450    -0.060458
4451     1.425890
4452     0.876678
4453     0.111812
4454    -0.408825
4455    -0.923238
4456    -0.233303
4457    -0.218008
4458    -0.525591
4459     0.419875
4460    -0.171940
4461    -1.235510
4462    -0.134672
4463     1.648656
4464     1.353816
4465    -0.135603
4466    -2.099545
4467    -1.036295
4468    -0.304200
4469    -0.426346
4470    -1.333257
4471    -0.168726
4472    -0.089103
4473    -0.746229
4474     0.243480
4475    -0.292815
4476    -0.476166
4477     0.103108
4478    -2.038669
4479     0.334560
4480    -0.111317
4481    -1.597972
4482    -0.852860
4483     0.705881
4484    -0.771026
4485    -0.504266
4486    -0.057815
4487    -0.945609
4488    -0.614662
4489     0.203366
4490     1.841213
4491     3.281531
4492    -0.675241
4493     1.764244
4494     1.348823
4495     0.367116
4496    -0.207618
4497    -0.676481
4498     0.026767
4499     1.343780
4500     0.114356
4501    -0.842585
4502    -0.562302
4503     0.832863
4504     1.094967
4505    -0.098045
4506    -0.366594
4507    -1.333129
4508     2.253729
4509     0.875835
4510    -0.314636
4511     0.872567
4512     0.660538
4513    -0.133690
4514    -1.669995
4515    -0.678329
4516    -0.135240
4517    -0.674592
4518    -0.199774
4519     0.745726
4520    -0.640037
4521    -0.771773
4522    -1.406917
4523     0.306107
4524     0.951944
4525     0.639372
4526    -1.298405
4527    -0.739453
4528     1.303792
4529    -0.648885
4530    -1.414508
4531    -0.069591
4532    -1.066361
4533    -0.511129
4534     0.787837
4535    -0.291695
4536    -0.352220
4537     0.089281
4538    -0.545974
4539     0.364645
4540     0.425336
4541    -1.425171
4542    -0.579681
4543     1.563467
4544    -0.268797
4545    -0.704648
4546     0.707536
4547    -0.228269
4548    -0.490987
4549    -0.401319
4550     2.594241
4551     1.766669
4552    -2.135700
4553     1.696317
4554     1.194775
4555     0.046382
4556    -0.797266
4557    -0.285712
4558    -0.630889
4559     2.492834
4560     0.447541
4561    -1.972602
4562    -0.109535
4563     0.420552
4564     0.826137
4565     0.276774
4566    -1.267967
4567    -0.382169
4568     2.005472
4569     0.909202
4570     0.505144
4571     0.763033
4572    -0.289962
4573     0.003457
4574    -1.703264
4575    -0.346500
4576     0.005166
4577    -0.574254
4578    -0.158786
4579    -0.057509
4580    -0.155754
4581    -1.517115
4582     0.225978
4583    -0.577343
4584     0.828213
4585    -0.289164
4586    -1.063010
4587    -0.040969
4588     0.641862
4589    -0.869657
4590     0.175128
4591     0.465573
4592    -1.254024
4593    -0.228415
4594     0.614792
4595     0.018329
4596    -0.657672
4597     0.262029
4598    -0.387838
4599    -0.925290
4600    -0.355680
4601    -1.067947
4602    -0.491475
4603     1.774954
4604    -0.085640
4605    -1.706303
4606    -0.148454
4607    -0.225671
4608     0.850958
4609    -1.921913
4610     2.881791
4611     2.899374
4612    -0.162719
4613     0.633750
4614     0.331623
4615     0.186804
4616    -0.627382
4617    -0.432790
4618    -0.221685
4619     2.122171
4620     1.648196
4621    -1.802008
4622     0.602345
4623    -0.455681
4624     0.209894
4625    -0.027931
4626    -0.212540
4627    -0.366737
4628     2.573515
4629     0.374108
4630    -0.014765
4631     0.769868
4632     0.406883
4633     0.099522
4634    -1.656732
4635     0.204945
4636    -0.260484
4637    -0.700885
4638     0.387268
4639    -1.320126
4640    -0.991762
4641    -0.895414
4642     0.637101
4643     0.057764
4644     1.555245
4645     0.069932
4646    -1.680114
4647    -1.147387
4648     0.885700
4649    -1.793338
4650    -0.608779
4651     0.997443
4652    -0.747655
4653     0.428966
4654     0.013081
4655    -0.969630
4656    -0.987309
4657     1.350178
4658     1.054260
4659    -1.066281
4660     0.363808
4661    -0.195712
4662    -1.097436
4663     1.460186
4664    -0.827529
4665    -1.025843
4666    -0.176388
4667    -0.503335
4668     0.455149
4669    -1.274295
4670     1.855302
4671     0.729857
4672     0.018936
4673     1.753804
4674     0.772818
4675    -0.407774
4676    -0.866115
4677     0.677965
4678    -0.483204
4679     2.293879
4680     1.503467
4681    -2.224505
4682    -0.773097
4683    -1.465745
4684     0.391590
4685    -0.638434
4686    -0.202647
4687     0.284860
4688     0.775777
4689    -0.310139
4690     0.208983
4691     1.276465
4692     1.419314
4693    -0.206730
4694    -2.054115
4695    -0.040469
4696    -0.919703
4697     0.270465
4698    -0.162884
4699    -1.975322
4700    -0.346960
4701    -0.497155
4702     0.333408
4703    -0.513398
4704     0.729323
4705    -0.511902
4706     0.859823
4707    -1.213065
4708     1.087910
4709     0.159825
4710     0.391057
4711     1.491551
4712    -1.707905
4713     0.416925
4714     0.192408
4715    -0.164153
4716     0.154700
4717     1.976567
4718     0.266912
4719    -1.659179
4720     0.964485
4721    -0.336443
4722     0.319488
4723     1.442647
4724    -0.108186
4725    -1.799438
4726    -0.634003
4727    -0.339449
4728     0.442688
4729    -1.819290
4730     1.448418
4731    -0.297961
4732     0.059444
4733     0.802564
4734    -0.032546
4735    -0.413082
4736     0.201163
4737     1.980230
4738     0.270686
4739     0.920729
4740     1.827502
4741    -2.945401
4742    -1.252334
4743    -1.020952
4744     1.416849
4745    -0.377038
4746     0.315853
4747    -1.660657
4748    -0.216142
4749    -0.383146
4750     0.044731
4751     1.319188
4752     0.836842
4753     0.250688
4754    -1.485018
4755    -0.292385
4756    -0.212776
4757     0.603970
4758     0.020621
4759     0.877977
4760     0.179318
4761     0.207888
4762    -0.393554
4763    -0.309070
4764    -0.180353
4765     1.023984
4766     1.424270
4767    -1.267829
4768     1.461529
4769     0.412130
4770     0.319329
4771     1.472200
4772    -1.221714
4773    -0.351935
4774     0.205737
4775    -0.237261
4776     0.553400
4777     1.864457
4778     0.359039
4779    -1.426086
4780     1.606286
4781     0.224063
4782     0.376359
4783     0.714109
4784    -1.004188
4785    -0.665647
4786    -0.335535
4787     0.209117
4788    -0.085804
4789    -1.294888
4790     0.863351
4791     1.163476
4792    -2.555140
4793    -0.426311
4794    -0.307213
4795    -0.116971
4796     0.408090
4797     1.749861
4798    -1.423626
4799     0.526540
4800     0.437723
4801    -0.934894
4802    -0.065608
4803    -0.044319
4804    -0.204754
4805    -0.270567
4806     0.254259
4807     0.058394
4808     0.386947
4809    -0.046456
4810    -1.412058
4811    -1.787216
4812     0.013728
4813     0.235757
4814     0.150700
4815     0.089721
4816     0.203351
4817    -0.110199
4818    -0.370720
4819    -0.052463
4820    -0.048358
4821     0.106504
4822     0.025903
4823    -0.320341
4824    -0.255343
4825     2.701551
4826     1.719796
4827    -1.168076
4828     0.791407
4829    -0.028252
4830    -0.095176
4831     0.812063
4832    -1.710939
4833    -0.717657
4834    -0.782633
4835    -0.952050
4836     0.215073
4837     1.427159
4838     0.704883
4839    -1.617971
4840    -2.298782
4841    -2.395121
4842    -0.037443
4843     1.079462
4844     0.763755
4845    -0.030753
4846     0.366580
4847     0.007882
4848    -0.264688
4849    -0.510496
4850     3.224305
4851     1.936835
4852    -0.265752
4853     0.552914
4854     0.285838
4855    -0.643797
4856     0.161603
4857     1.486225
4858    -0.596000
4859     0.015867
4860     0.260420
4861     0.165278
4862     1.858185
4863    -0.678091
4864     0.051739
4865    -0.107826
4866     0.174990
4867    -0.794506
4868    -1.165283
4869    -0.502233
4870     0.630850
4871     1.422397
4872     0.214134
4873    -0.663153
4874    -1.162300
4875     0.043180
4876    -0.443217
4877     0.084606
4878    -0.181439
4879     0.471014
4880     0.194622
4881    -0.314994
4882    -0.305637
4883    -0.956731
4884    -0.761232
4885     0.648304
4886     0.305988
4887     1.085754
4888     0.682600
4889    -0.081211
4890    -0.110886
4891     0.634975
4892    -0.435058
4893     0.132943
4894    -0.144329
4895    -0.641863
4896    -0.427572
4897    -1.545175
4898    -0.369308
4899     0.244267
4900     3.049315
4901     2.786923
4902    -0.278564
4903    -0.447091
4904    -0.105053
4905     0.805281
4906    -0.823000
4907    -0.956688
4908    -0.087377
4909    -0.266413
4910     2.457213
4911     1.194397
4912    -0.953588
4913    -1.139191
4914    -0.305092
4915     0.320033
4916    -1.628071
4917     0.205378
4918    -0.267998
4919    -0.361352
4920    -0.452846
4921    -1.364204
4922    -0.205073
4923    -0.751146
4924    -0.017077
4925    -0.618782
4926     0.111216
4927     0.322014
4928    -0.657967
4929    -0.311187
4930    -2.250396
4931    -0.476680
4932    -0.723658
4933     1.435856
4934     0.424238
4935     0.689214
4936    -2.473698
4937    -0.070477
4938    -0.867570
4939    -0.897016
4940    -0.751233
4941    -0.708980
4942     1.103471
4943     0.147187
4944    -0.319051
4945    -2.073410
4946    -0.216619
4947     0.304827
4948    -0.247967
4949    -0.061757
4950    -0.337511
4951     1.169305
4952     1.091766
4953     0.293357
4954     0.646847
4955    -0.496042
4956     0.008564
4957    -0.614935
4958     0.575634
4959     0.699972
4960    -1.222882
4961    -0.867646
4962    -1.059236
4963     0.664356
4964     1.392312
4965     1.118084
4966     0.359312
4967    -0.408148
4968     0.298861
4969     1.674507
4970     1.303625
4971     1.197329
4972     0.419828
4973    -0.508378
4974    -0.080990
4975     2.047950
4976     0.351650
4977     0.443375
4978     1.318140
4979     0.052389
4980    -0.005470
4981     0.396350
4982    -0.437207
4983    -0.552335
4984     0.682277
4985     0.420984
4986     1.001774
4987    -0.016524
4988    -0.057742
4989    -0.425467
4990     1.325468
4991    -0.880552
4992    -0.009272
4993    -0.981616
4994    -0.475281
4995     0.063781
4996     1.324387
4997     0.299469
4998     0.471246
4999     0.765022
5000    -0.235578
5001    -0.107660
5002    -0.019987
5003    -0.022652
5004    -0.903690
5005    -0.623221
5006     0.093209
5007     1.085679
5008     0.538153
5009     0.331405
5010     0.061925
5011    -1.485776
5012    -0.158741
5013    -0.692335
5014     1.149199
5015     0.384549
5016     0.618823
5017    -2.503294
5018     0.406460
5019     0.152191
5020     1.069803
5021    -0.940442
5022    -0.621116
5023    -1.701990
5024     1.015126
5025     0.421806
5026     0.622902
5027    -0.396918
5028     0.428861
5029    -0.183519
5030     3.083960
5031     1.011280
5032    -0.180675
5033    -1.167141
5034    -0.603976
5035    -0.529188
5036    -0.919782
5037    -0.832798
5038     0.352228
5039    -0.343127
5040    -0.568717
5041    -0.677068
5042    -1.206471
5043    -0.650455
5044    -0.284096
5045     0.697301
5046     0.601333
5047    -0.430221
5048    -1.211909
5049    -0.308478
5050    -0.166702
5051    -1.011260
5052    -0.310971
5053    -0.696637
5054     2.345464
5055    -0.264909
5056    -0.366448
5057     0.617205
5058    -0.304880
5059    -0.584890
5060     0.183161
5061    -0.413708
5062    -0.432605
5063    -0.353781
5064    -1.179981
5065     1.083670
5066     1.509452
5067     1.413936
5068     0.134415
5069     0.090358
5070    -0.077040
5071    -1.417522
5072     1.053449
5073    -0.749230
5074     0.732857
5075    -0.758994
5076     0.621097
5077    -0.387969
5078     1.316086
5079     0.633087
5080     0.064326
5081    -0.764493
5082    -0.804512
5083    -0.231092
5084     0.241876
5085     1.033155
5086     0.172876
5087    -0.514203
5088     0.305518
5089     2.975668
5090     0.118327
5091     2.236650
5092     0.376403
5093    -0.562929
5094    -0.474255
5095     0.077361
5096    -0.951622
5097    -0.693334
5098     0.057675
5099    -0.837016
5100    -0.613024
5101    -0.290211
5102     0.526117
5103    -0.632818
5104    -0.316045
5105     0.409102
5106    -0.506757
5107     0.058303
5108     0.134296
5109     0.103550
5110    -0.337634
5111     0.159777
5112    -1.109150
5113    -0.480482
5114     0.711927
5115    -0.695475
5116    -0.394108
5117     0.467558
5118    -0.833166
5119    -0.540377
5120     0.337546
5121    -1.071531
5122    -0.308786
5123     0.478058
5124    -1.242178
5125     0.560111
5126    -1.909615
5127     1.424267
5128    -0.059485
5129     0.447762
5130    -0.537423
5131    -0.759754
5132     0.692030
5133    -0.935088
5134    -0.019343
5135     0.413049
5136    -0.844609
5137     0.529232
5138    -1.537533
5139     2.963492
5140    -0.148247
5141     0.314994
5142    -0.877656
5143     0.635343
5144    -1.587320
5145     3.401807
5146    -0.204338
5147    -0.055245
5148    -0.779575
5149     1.937202
5150    -0.375274
5151     3.391709
5152     0.108943
5153     0.183398
5154    -0.284869
5155    -0.011649
5156     0.147588
5157    -0.615327
5158     0.041322
5159     0.041785
5160    -0.319203
5161    -0.530159
5162     0.153969
5163    -0.833626
5164    -0.532516
5165     0.410012
5166    -0.481174
5167    -0.329711
5168     2.079483
5169     2.045556
5170    -1.078030
5171     0.949970
5172    -0.567015
5173    -0.495155
5174    -0.140582
5175    -1.073330
5176    -0.317092
5177     0.500971
5178    -0.526142
5179    -0.236311
5180    -0.472573
5181    -1.215527
5182    -0.182458
5183     0.298450
5184    -0.932837
5185     0.005990
5186    -1.466893
5187     1.708756
5188    -0.276032
5189     0.143849
5190    -0.829650
5191    -0.838182
5192    -0.365040
5193    -1.390179
5194    -0.655321
5195     0.355758
5196    -0.947082
5197     1.603944
5198    -1.282530
5199     2.104836
5200    -0.222004
5201    -0.316641
5202    -1.132813
5203     0.780459
5204    -0.659394
5205     2.346673
5206    -0.304998
5207     0.325886
5208    -0.519656
5209     1.707941
5210     0.714534
5211     3.278183
5212     1.079785
5213    -0.939626
5214    -0.346328
5215    -0.079022
5216     0.021080
5217    -0.690323
5218     0.898872
5219    -0.310685
5220     0.001679
5221    -0.504963
5222    -0.908113
5223    -0.040801
5224    -0.627149
5225    -0.043004
5226    -0.281574
5227     1.282180
5228     2.728774
5229     1.027652
5230    -0.252424
5231    -0.125804
5232     0.015272
5233    -0.834772
5234    -0.945658
5235    -0.335599
5236    -0.681403
5237     0.576883
5238    -0.641201
5239    -0.598212
5240    -1.183970
5241    -0.511916
5242    -0.916588
5243     1.038066
5244    -1.182475
5245     0.168453
5246    -1.271950
5247     1.207172
5248    -0.475207
5249    -1.075392
5250     0.179484
5251    -1.478767
5252    -1.079409
5253    -0.562272
5254    -0.435968
5255     1.081194
5256    -1.353446
5257     1.484014
5258    -1.059026
5259     1.496792
5260    -0.703066
5261    -0.871666
5262    -0.538120
5263     1.272553
5264     0.991827
5265     1.081163
5266     0.171732
5267    -1.340362
5268     0.878049
5269     2.466097
5270     1.982649
5271     1.907343
5272     0.333302
5273    -0.212984
5274    -0.660691
5275    -0.149353
5276     0.453758
5277    -0.937187
5278     0.479541
5279     1.264187
5280    -0.747646
5281    -0.769336
5282    -2.264513
5283    -0.763918
5284    -0.719594
5285    -0.135368
5286     0.325764
5287     1.734395
5288     1.843662
5289    -0.167632
5290    -0.562548
5291    -1.092520
5292    -0.427563
5293    -1.124016
5294    -0.380075
5295     0.239486
5296    -0.763062
5297     0.906691
5298    -0.114000
5299    -0.765394
5300    -0.010938
5301    -0.195992
5302    -0.668634
5303     0.930111
5304    -0.327832
5305     0.006105
5306    -0.223716
5307     1.334821
5308    -0.727535
5309    -1.829209
5310    -0.233261
5311    -1.905967
5312    -0.642361
5313     0.029205
5314    -0.453492
5315     0.452342
5316    -1.421197
5317     1.590307
5318    -0.193082
5319     1.167347
5320    -0.774396
5321    -0.366493
5322     0.017090
5323     1.812475
5324    -0.314477
5325     0.805536
5326    -0.173144
5327    -0.516267
5328     0.439912
5329     3.093635
5330     1.667228
5331     1.070536
5332     0.452604
5333     1.118192
5334    -0.412129
5335     0.195388
5336    -0.870477
5337    -0.547365
5338     0.522210
5339     1.921270
5340    -0.818807
5341    -0.035165
5342    -1.388669
5343    -0.906050
5344    -1.264025
5345    -0.234131
5346    -0.118478
5347    -0.653014
5348     0.272711
5349     0.649143
5350    -0.907532
5351    -0.894125
5352    -1.498808
5353    -1.237661
5354    -0.248037
5355    -1.105682
5356    -0.866801
5357     0.832033
5358    -0.379940
5359    -1.374967
5360    -0.176685
5361    -1.370432
5362    -0.422769
5363     0.802316
5364     0.609681
5365     1.057928
5366     0.305920
5367     0.813309
5368     0.003481
5369    -1.088459
5370    -1.089479
5371    -0.828033
5372    -0.149178
5373    -0.330205
5374    -0.019220
5375     0.247295
5376     0.630702
5377     1.267316
5378    -0.014485
5379     0.002240
5380    -1.082066
5381    -0.280247
5382    -0.314397
5383     2.371179
5384    -0.110236
5385     2.225901
5386     0.284494
5387    -0.178560
5388    -1.445790
5389     1.613112
5390     0.816578
5391     2.172499
5392     1.023105
5393     0.949942
5394     1.162730
5395    -0.791059
5396    -1.017434
5397    -1.226562
5398     1.861697
5399     1.553454
5400     1.519617
5401     0.230372
5402    -0.921720
5403    -0.637658
5404    -0.740373
5405    -0.537261
5406    -0.223910
5407     0.056702
5408     1.514413
5409     0.887511
5410    -0.277233
5411    -1.121187
5412    -0.947683
5413    -0.837450
5414    -1.189544
5415    -0.737386
5416    -0.633841
5417     0.162585
5418    -0.442244
5419    -1.246504
5420    -1.179667
5421    -1.065237
5422    -1.266904
5423     0.500331
5424    -0.000407
5425     0.680101
5426    -0.078444
5427     0.386089
5428    -0.097740
5429    -0.663961
5430    -0.833261
5431    -0.604232
5432    -0.747183
5433    -0.390156
5434    -0.629341
5435     1.308109
5436     0.336469
5437     1.652021
5438    -0.346231
5439     0.297983
5440    -0.900745
5441    -0.740050
5442    -0.430728
5443     1.292659
5444     1.426304
5445     1.581220
5446     0.194904
5447    -1.461641
5448    -0.860679
5449     1.517322
5450     2.025363
5451     1.878649
5452     1.005468
5453     1.155262
5454     0.860268
5455    -0.905306
5456    -1.582637
5457    -0.970504
5458     1.510121
5459     2.477158
5460     1.311665
5461     0.242935
5462    -1.018181
5463    -0.650207
5464    -0.766126
5465    -0.672397
5466     0.120924
5467     1.091895
5468     1.089451
5469     0.067119
5470     0.102089
5471    -1.468069
5472    -0.914710
5473    -0.809181
5474    -1.396578
5475     0.059947
5476    -0.839805
5477     0.152956
5478    -0.059574
5479    -0.962725
5480    -1.501369
5481     0.101198
5482    -1.216626
5483     0.215699
5484     0.198779
5485     0.459137
5486    -0.107249
5487     0.511723
5488     0.245141
5489    -1.070632
5490    -0.484606
5491    -0.839716
5492    -0.791267
5493    -0.035490
5494    -1.166139
5495     1.567044
5496     0.265951
5497     1.161075
5498     0.239384
5499    -0.442076
5500    -0.847562
5501    -0.972385
5502    -0.015522
5503     1.260446
5504     1.659689
5505     0.539586
5506    -0.201742
5507    -1.379468
5508     0.193342
5509     1.838985
5510     2.295372
5511     0.481885
5512     0.431215
5513     2.036655
5514    -0.067973
5515    -0.223174
5516    -2.153979
5517    -0.051029
5518     1.039878
5519     3.275325
5520     0.180732
5521     0.275605
5522    -0.781979
5523     0.763468
5524    -0.794965
5525    -0.167383
5526    -0.268580
5527     0.668315
5528     0.998444
5529     0.037027
5530     0.125124
5531    -0.754042
5532    -0.026058
5533    -0.301236
5534    -0.108066
5535     0.325025
5536    -0.659686
5537     0.771296
5538     0.376591
5539    -0.769083
5540    -0.705758
5541     0.767483
5542    -1.494244
5543    -1.010047
5544    -0.469166
5545    -0.012554
5546    -0.485142
5547     0.773880
5548    -0.045365
5549    -0.896658
5550    -0.301671
5551    -0.659743
5552     0.089344
5553    -0.219737
5554    -1.266037
5555     1.123010
5556     1.047922
5557     0.716887
5558    -0.013133
5559     0.364434
5560    -0.593550
5561    -0.035601
5562    -0.292166
5563     0.675770
5564    -0.069249
5565     0.735614
5566    -0.576422
5567    -1.691029
5568    -0.465903
5569     1.250402
5570     0.656203
5571     1.122658
5572     2.538318
5573     1.206357
5574    -2.966688
5575    -0.494930
5576    -1.824576
5577    -0.119643
5578     1.417392
5579     3.698010
5580    -1.184492
5581    -0.663538
5582    -1.982818
5583    -0.201246
5584     1.099329
5585     0.999616
5586    -0.046886
5587     0.376777
5588     1.827735
5589     0.926521
5590     1.404911
5591     0.451009
5592    -0.656195
5593     0.522229
5594     0.994347
5595    -0.343074
5596     1.245538
5597     1.517367
5598     0.005494
5599    -1.000589
5600    -1.077405
5601    -0.739556
5602    -1.739131
5603     0.001721
5604     0.567081
5605    -0.674756
5606    -2.393979
5607     0.052102
5608    -0.291461
5609     0.254157
5610     0.968177
5611     0.281068
5612     1.395193
5613     0.197662
5614    -2.173193
5615     0.668043
5616     1.043342
5617     0.109302
5618    -1.913369
5619    -0.635551
5620     0.823647
5621     1.066900
5622    -0.640782
5623     0.031037
5624    -2.263575
5625    -0.016569
5626    -0.586177
5627    -0.121204
5628     0.373558
5629     0.584942
5630    -1.826003
5631     0.307894
5632     0.583932
5633     0.746260
5634    -1.683823
5635     0.290959
5636    -0.009691
5637     0.263558
5638    -0.224825
5639     1.665696
5640     0.258292
5641    -0.386384
5642    -0.716584
5643     0.240789
5644     0.689751
5645     1.766255
5646    -0.069670
5647    -0.041284
5648     0.734800
5649    -0.036728
5650     1.493652
5651     1.380317
5652     0.110096
5653     2.282301
5654     1.995024
5655     1.119575
5656     0.737872
5657     2.130682
5658    -0.009704
5659    -0.405445
5660     0.499311
5661    -0.338482
5662    -2.011326
5663    -1.662124
5664    -0.213803
5665    -0.797859
5666    -1.194367
5667    -0.159647
5668    -0.708870
5669    -1.055532
5670     0.024649
5671    -0.262010
5672     1.824479
5673     0.439587
5674    -1.663235
5675    -1.548357
5676     0.169162
5677    -0.142087
5678    -1.538958
5679     0.124213
5680     0.646003
5681     1.895132
5682    -0.152303
5683    -0.467161
5684    -1.797344
5685    -0.045244
5686    -1.147162
5687    -1.340701
5688    -0.219380
5689     0.184089
5690    -1.060462
5691    -0.081740
5692     1.055849
5693    -0.490545
5694    -0.541377
5695    -0.124155
5696     0.852666
5697     0.177024
5698     1.067462
5699    -0.673694
5700    -0.537017
5701    -0.491438
5702     0.170095
5703    -0.072655
5704     0.848945
5705     1.888255
5706     0.210860
5707    -0.327718
5708     0.661394
5709     0.400151
5710     1.554805
5711     1.454874
5712     0.670447
5713     0.665777
5714     0.878264
5715     0.412371
5716     1.357456
5717     1.766328
5718     0.703360
5719     1.143271
5720     0.797196
5721     0.190936
5722    -1.693327
5723    -0.678566
5724    -0.136767
5725    -1.092574
5726    -1.663318
5727    -0.535717
5728    -0.966020
5729    -0.420033
5730     0.006875
5731     0.620084
5732     1.487922
5733     1.066353
5734    -1.637767
5735    -0.899441
5736     0.066949
5737    -0.692658
5738    -1.808197
5739    -0.499221
5740     0.703558
5741     1.734123
5742     0.467905
5743    -0.887287
5744    -1.502237
5745    -0.890417
5746    -1.010696
5747    -0.290049
5748    -0.124168
5749    -0.446572
5750    -1.607274
5751    -0.685400
5752     1.479963
5753    -2.039308
5754    -0.604710
5755     0.802152
5756     1.364352
5757     0.340735
5758     0.070046
5759    -1.294378
5760    -0.987888
5761     0.627685
5762     0.783983
5763     0.020148
5764     0.427627
5765     1.396227
5766     0.514604
5767     0.387818
5768     1.138985
5769     0.843319
5770     0.951575
5771     0.901095
5772     0.606967
5773     1.104590
5774     1.148976
5775     1.024910
5776     0.753968
5777     1.532472
5778     0.596135
5779     1.265819
5780     1.208151
5781     0.477491
5782    -0.984632
5783     0.028547
5784    -0.150127
5785    -1.277681
5786    -1.296598
5787    -0.562417
5788    -0.254979
5789     0.315148
5790    -0.071754
5791    -0.027534
5792     1.104365
5793     0.983375
5794    -0.953690
5795    -0.103702
5796    -0.279217
5797    -1.060306
5798    -1.512546
5799    -0.755027
5800     0.175197
5801     1.333036
5802     0.598068
5803    -1.354026
5804    -1.586776
5805    -0.764539
5806     0.004983
5807     0.484602
5808    -0.602858
5809    -1.026567
5810    -1.631339
5811    -0.966086
5812     0.844069
5813    -3.001531
5814    -0.902912
5815     0.153707
5816     0.757326
5817     0.183633
5818     0.242375
5819    -3.000421
5820    -0.793713
5821     0.174746
5822     1.287174
5823     0.455032
5824     0.265367
5825     0.862922
5826     0.409290
5827    -0.103429
5828     0.931406
5829     1.372841
5830     0.279430
5831     1.321341
5832     1.064474
5833     0.362848
5834     0.712744
5835     0.612119
5836     0.576632
5837     0.890738
5838    -0.064523
5839     0.612235
5840     1.071065
5841     0.110791
5842     0.114556
5843     0.962772
5844    -0.235149
5845    -1.214008
5846    -0.490646
5847    -0.665850
5848     0.901999
5849     0.921560
5850     0.247877
5851    -0.429208
5852     0.095686
5853     0.457222
5854    -0.888349
5855     0.693235
5856     0.136712
5857    -0.680105
5858    -1.813612
5859    -0.732534
5860    -0.030598
5861     0.934340
5862     0.811275
5863    -0.973102
5864    -2.278908
5865    -0.823646
5866     0.258807
5867     0.727289
5868    -0.384628
5869    -1.134920
5870    -1.035033
5871    -1.224167
5872     1.208766
5873    -3.246760
5874    -1.107872
5875    -0.402409
5876     0.675719
5877     0.584483
5878     1.100741
5879    -3.223032
5880    -1.023746
5881     0.400590
5882     0.385990
5883     1.007036
5884     1.102511
5885    -0.352149
5886    -0.614199
5887    -0.755652
5888    -0.354340
5889     1.423518
5890    -0.371008
5891     0.368494
5892     0.823240
5893     0.619126
5894    -1.084780
5895     0.877881
5896     1.660043
5897    -0.468096
5898     0.031930
5899    -0.964502
5900    -0.517655
5901    -0.030363
5902    -0.560561
5903    -0.586336
5904     0.278383
5905     0.345701
5906     3.198499
5907    -1.022816
5908    -0.988416
5909    -0.620424
5910     1.679055
5911     0.310709
5912    -1.043617
5913    -1.904536
5914    -1.232187
5915    -0.519360
5916     0.831180
5917     0.609225
5918     1.341056
5919     0.033243
5920     1.587273
5921     0.603336
5922     0.480032
5923    -0.389910
5924     0.848586
5925    -0.715972
5926    -0.770976
5927    -0.946796
5928     0.877312
5929     0.756360
5930     1.283229
5931    -2.209318
5932    -0.671005
5933    -0.208205
5934    -1.574020
5935    -1.648752
5936    -1.271534
5937     0.701355
5938     0.961433
5939    -0.055896
5940    -0.972942
5941    -0.228833
5942    -0.436805
5943    -0.048503
5944     1.377348
5945    -1.041744
5946     0.089324
5947     0.255880
5948    -0.391918
5949    -0.693547
5950    -0.509976
5951    -0.058463
5952    -0.829068
5953     0.364457
5954    -1.449934
5955    -0.062673
5956     1.095786
5957    -0.852842
5958    -0.437677
5959    -0.701313
5960    -1.557517
5961     0.864878
5962    -0.919000
5963    -1.028830
5964    -0.192836
5965     0.007977
5966     0.857374
5967    -0.951832
5968    -0.156713
5969    -1.411291
5970     0.067818
5971    -0.739167
5972    -0.054789
5973     0.353968
5974    -1.385595
5975    -0.973233
5976     0.648857
5977    -0.357708
5978     0.029889
5979     0.669496
5980     1.314296
5981     0.674820
5982    -0.045224
5983    -0.381288
5984     0.156892
5985     1.026308
5986     0.069795
5987    -1.347286
5988     0.104016
5989    -0.320096
5990     4.592811
5991    -0.440697
5992    -0.299927
5993     2.299279
5994     0.398844
5995    -0.264142
5996     0.037860
5997     0.091790
5998     1.778215
5999     1.955726
6000    -0.613243
6001     0.112742
6002    -0.198914
6003    -1.136150
6004     0.379565
6005     0.585867
6006     0.933585
6007     0.346987
6008     0.498009
6009    -0.306991
6010    -1.406837
6011     0.439855
6012     1.437917
6013    -0.016809
6014    -0.793260
6015     0.627778
6016     0.318400
6017     0.900170
6018     0.375822
6019    -0.760290
6020    -1.980478
6021    -0.455188
6022    -0.960561
6023    -0.972824
6024    -0.351103
6025     1.113113
6026     0.617775
6027    -1.073012
6028    -0.391627
6029    -1.149352
6030    -0.059715
6031    -0.099451
6032    -0.955706
6033    -0.116549
6034    -1.223780
6035    -1.477344
6036     0.962378
6037    -0.218758
6038    -0.380771
6039    -0.259067
6040     0.155995
6041     2.080582
6042    -0.116733
6043    -0.135170
6044     0.223477
6045    -0.191305
6046    -0.315232
6047    -2.557746
6048    -1.053705
6049     1.211637
6050     2.525682
6051    -1.437435
6052     0.706208
6053     1.857285
6054     0.871111
6055    -0.513289
6056    -1.132043
6057     0.285311
6058     1.697154
6059     1.869736
6060     1.063049
6061    -0.284717
6062     0.467561
6063    -1.296746
6064     0.459233
6065     0.421286
6066     1.664313
6067    -0.197282
6068     0.620522
6069     0.239420
6070    -0.112498
6071    -0.055116
6072     0.894755
6073     0.408920
6074    -0.727387
6075     0.991979
6076     0.407093
6077     0.385167
6078     0.921857
6079    -0.023520
6080    -1.403381
6081    -1.319898
6082    -0.814915
6083    -0.188413
6084    -0.895286
6085     0.113252
6086     0.089982
6087    -0.970422
6088     0.491890
6089     0.106187
6090    -0.559686
6091    -0.001074
6092     0.060390
6093     0.057329
6094    -2.830423
6095     1.715642
6096     1.300293
6097     0.874636
6098    -0.749465
6099    -0.873544
6100    -2.016296
6101     1.334761
6102     0.678744
6103     0.902599
6104    -0.911425
6105    -0.790412
6106    -1.289682
6107    -0.969864
6108    -1.561806
6109     0.490785
6110     0.812422
6111    -1.941090
6112     1.139810
6113     0.401687
6114     1.480577
6115     0.522286
6116    -1.114846
6117     0.118579
6118     1.759905
6119    -0.295713
6120     1.861043
6121    -0.233223
6122     0.217302
6123    -0.101675
6124    -0.115416
6125     0.117432
6126     0.233392
6127     0.465496
6128     0.047696
6129     0.627616
6130    -0.479550
6131     0.127297
6132     1.090463
6133    -0.449521
6134    -0.274907
6135     0.675528
6136    -0.074082
6137     0.060633
6138    -0.279699
6139    -0.146358
6140    -0.253548
6141     1.078740
6142    -0.354397
6143    -0.238238
6144     0.122764
6145    -0.284970
6146     0.118364
6147    -0.764440
6148     0.042544
6149     0.382058
6150     0.132782
6151    -0.225158
6152    -0.008910
6153     0.280090
6154    -0.068440
6155    -0.281896
6156     1.099546
6157     0.778060
6158    -0.138263
6159     0.900403
6160     0.084499
6161     0.002414
6162     0.018178
6163     0.937622
6164    -0.331127
6165     0.886274
6166    -0.867490
6167    -0.237264
6168     0.533078
6169     1.586078
6170    -0.118408
6171    -6.766194
6172     0.285639
6173     0.219425
6174    -0.110330
6175    -0.909779
6176     0.216756
6177     0.700454
6178     0.028446
6179     0.373185
6180    -0.356970
6181     0.143211
6182     0.565578
6183    -0.757089
6184     0.233079
6185    -0.236217
6186     1.962434
6187     0.471423
6188    -0.003205
6189    -0.239886
6190    -0.338234
6191     0.651448
6192     0.809550
6193    -0.113738
6194    -0.372640
6195     0.493914
6196     0.279431
6197    -0.290892
6198     1.176121
6199    -0.010946
6200    -0.075149
6201    -0.649355
6202     0.542307
6203    -0.414254
6204     0.460274
6205    -1.754473
6206    -0.381284
6207    -0.767089
6208    -0.704528
6209     0.854461
6210    -0.164393
6211     0.088523
6212    -0.141929
6213     0.291139
6214     1.074434
6215    -0.484237
6216     0.695795
6217    -0.734291
6218    -1.028088
6219     0.914685
6220    -0.870175
6221    -0.087190
6222     0.307511
6223    -0.052058
6224    -1.241840
6225     0.458826
6226     1.145817
6227     0.080217
6228    -0.038165
6229    -1.467141
6230     0.454411
6231    -4.106802
6232     0.883061
6233     0.530511
6234    -1.058210
6235     0.951420
6236     1.269266
6237    -0.622183
6238     0.232878
6239     0.351034
6240     0.832923
6241     0.366015
6242     0.093762
6243     0.351784
6244     0.072455
6245     0.022255
6246     1.165839
6247     0.374143
6248     0.152795
6249     0.105808
6250     0.138283
6251     0.263722
6252    -0.408753
6253     0.198279
6254    -0.688476
6255     0.915774
6256     0.060393
6257     0.268773
6258    -0.768183
6259     0.384989
6260    -0.512773
6261     1.161482
6262     0.611854
6263    -0.385712
6264     0.958852
6265    -2.874048
6266    -0.166819
6267    -0.326527
6268     0.967358
6269    -1.620211
6270    -0.273468
6271     0.104272
6272     0.071385
6273     0.318027
6274     1.017750
6275     0.356079
6276    -1.037045
6277    -1.751929
6278     0.908993
6279    -2.158648
6280     0.269339
6281    -1.704451
6282    -0.496729
6283    -1.334053
6284     0.556740
6285    -0.185513
6286     0.671804
6287     0.789735
6288     1.776087
6289    -0.997514
6290    -0.447841
6291    -1.082605
6292     1.011626
6293    -0.018802
6294    -0.137328
6295     0.341957
6296     1.856329
6297     0.514321
6298     0.367026
6299     0.204516
6300    -0.393174
6301    -0.253289
6302    -0.928240
6303     0.759759
6304    -0.132225
6305    -0.678954
6306     0.492626
6307    -0.172274
6308    -0.330903
6309     0.473638
6310    -0.497869
6311    -0.381362
6312     0.694517
6313    -0.266636
6314    -0.814534
6315     0.673104
6316    -0.391077
6317    -0.626042
6318     0.314679
6319    -0.204089
6320    -0.666773
6321     0.889853
6322    -0.097760
6323    -0.591804
6324     0.877162
6325     0.986216
6326     2.858975
6327    -2.689192
6328    -0.183281
6329    -0.640359
6330     0.761081
6331    -0.302645
6332    -0.932263
6333     0.549810
6334    -0.117537
6335    -0.456218
6336     0.287097
6337     0.355416
6338     2.317451
6339    -2.343578
6340    -0.197235
6341    -0.331635
6342     0.253725
6343     0.925008
6344     1.751827
6345    -2.309518
6346     0.215725
6347    -0.697273
6348     0.637900
6349     0.876598
6350     2.238832
6351    -2.151243
6352    -0.161366
6353    -0.012507
6354     0.960641
6355    -0.027544
6356    -0.744613
6357     0.133268
6358    -0.354136
6359    -0.333606
6360     0.734670
6361    -0.203030
6362    -0.954714
6363    -0.881442
6364     0.039992
6365    -0.930704
6366     0.377652
6367     0.439000
6368    -0.945484
6369     1.655309
6370    -0.372801
6371    -0.649641
6372    -0.192715
6373     0.009896
6374    -0.796125
6375     2.133682
6376    -0.085284
6377    -0.757812
6378     1.476367
6379    -0.183569
6380    -0.797097
6381    -0.046701
6382    -0.194841
6383    -0.641725
6384    -0.422686
6385     0.817781
6386     2.377875
6387    -2.177246
6388    -0.342780
6389    -0.518906
6390    -0.412127
6391    -0.483793
6392    -0.530991
6393     0.916632
6394    -0.124997
6395    -0.608826
6396    -0.378134
6397     0.390169
6398     2.108695
6399    -1.383726
6400    -0.234979
6401    -0.415708
6402    -0.641653
6403     0.521371
6404     2.204986
6405    -1.472766
6406    -0.379965
6407     0.630034
6408    -0.490355
6409     0.529445
6410     2.584475
6411    -1.275952
6412     0.194179
6413    -0.549202
6414     1.473858
6415    -0.397732
6416    -0.182833
6417    -0.306294
6418     0.061938
6419    -0.626298
6420     2.048299
6421     0.914335
6422    -0.608414
6423    -1.480890
6424    -0.734258
6425    -0.553748
6426     0.975274
6427    -0.929822
6428    -0.525572
6429     2.358248
6430     0.755413
6431     0.351410
6432    -0.933749
6433    -0.818740
6434    -0.813737
6435     2.324876
6436     0.768393
6437    -1.010381
6438     0.498149
6439    -0.223517
6440    -0.176124
6441    -0.005870
6442     0.013644
6443    -0.846240
6444    -0.564234
6445     1.334345
6446     1.604093
6447    -2.385038
6448    -0.238073
6449    -0.212386
6450    -0.456985
6451     0.712304
6452    -0.436628
6453    -0.165707
6454     0.143145
6455    -0.559807
6456    -0.605175
6457    -0.804027
6458     1.712293
6459    -0.151663
6460     0.874437
6461     0.354006
6462    -1.289517
6463    -0.555808
6464     0.302461
6465    -0.256609
6466     1.237712
6467     0.577150
6468    -1.328788
6469    -0.583952
6470     2.415500
6471    -0.081388
6472    -0.562721
6473    -0.580705
6474     1.503911
6475    -0.248836
6476    -0.501302
6477    -0.366260
6478    -1.053973
6479    -0.491870
6480     2.411413
6481     0.425474
6482    -0.381221
6483    -1.720252
6484    -0.697220
6485     0.522533
6486     1.813739
6487    -0.656890
6488     0.386655
6489     2.709810
6490     0.499815
6491    -0.236558
6492    -1.514697
6493    -0.709793
6494     0.647732
6495     2.483066
6496    -0.193064
6497     0.226029
6498     0.993858
6499     0.223240
6500     0.047744
6501    -1.691098
6502     0.386544
6503    -1.055646
6504    -1.226185
6505     0.688934
6506     0.132222
6507    -1.698919
6508     0.317446
6509    -0.314680
6510    -1.781476
6511    -0.028640
6512     0.232985
6513    -0.623838
6514     0.414223
6515    -0.718362
6516    -1.480677
6517     0.037968
6518    -0.042222
6519     1.442580
6520     0.662716
6521    -0.409360
6522    -1.658142
6523    -0.080436
6524    -0.348303
6525     1.297875
6526     0.290633
6527     0.122987
6528    -0.075424
6529    -0.446496
6530     0.873968
6531     0.462468
6532    -0.753736
6533     0.643950
6534     1.162666
6535     0.466585
6536    -1.032083
6537    -1.324795
6538    -0.847304
6539     0.701631
6540     2.429442
6541     0.480807
6542    -0.704917
6543     0.877491
6544    -1.318644
6545     0.642062
6546     0.194606
6547    -0.783870
6548     0.998139
6549     0.826979
6550     0.425203
6551    -0.887367
6552     1.065838
6553    -0.878866
6554     0.964531
6555     0.403971
6556    -0.774396
6557     0.907049
6558     0.419156
6559     0.056178
6560    -1.112988
6561     0.846511
6562     0.444607
6563    -0.677575
6564     0.923176
6565    -0.590638
6566    -0.562486
6567    -1.002445
6568     0.463559
6569    -0.716734
6570     0.874154
6571     0.466326
6572     0.304718
6573    -3.468993
6574     0.431479
6575    -0.789240
6576     0.870348
6577    -0.745134
6578    -0.691399
6579    -0.599925
6580     0.761658
6581    -0.869267
6582     0.994332
6583    -1.071762
6584    -0.625927
6585    -0.011759
6586    -0.317714
6587     0.175016
6588    -1.697071
6589     1.590521
6590     1.877261
6591    -2.066751
6592     1.928978
6593     2.228268
6594    -0.304801
6595     0.628600
6596    -0.746713
6597     0.942185
6598    -1.196892
6599     0.287569
6600    -0.087004
6601    -1.113677
6602    -0.500174
6603     1.413406
6604     1.912667
6605     0.258551
6606    -0.347538
6607     1.950761
6608     1.167128
6609    -0.114858
6610    -0.972633
6611    -0.655743
6612     0.947754
6613     1.885375
6614     1.224632
6615    -0.171823
6616     2.083492
6617     1.009341
6618     0.107280
6619    -0.602324
6620    -0.680094
6621     1.363023
6622    -1.768895
6623    -0.768345
6624     0.657250
6625     0.948447
6626    -0.386827
6627     0.011171
6628    -1.392431
6629    -0.678519
6630     0.680437
6631    -0.477697
6632    -0.618716
6633    -1.239149
6634    -0.850195
6635    -0.494553
6636     0.896725
6637    -0.013754
6638    -0.281065
6639     0.081975
6640    -0.939037
6641    -0.825433
6642     0.880177
6643     1.059107
6644    -0.432181
6645    -0.715028
6646     0.614741
6647     0.492077
6648    -0.385555
6649    -1.558735
6650     0.933244
6651    -2.070497
6652    -1.032308
6653     1.221483
6654    -1.857444
6655    -0.878073
6656    -0.498755
6657     0.823714
6658     1.145169
6659     0.513952
6660    -0.961020
6661    -0.538814
6662    -0.557923
6663     0.344729
6664     0.274259
6665     1.204834
6666    -0.467850
6667    -1.190505
6668     1.971259
6669     0.952490
6670     0.491943
6671    -1.109562
6672     0.335329
6673    -0.682179
6674     2.432247
6675     0.323860
6676     0.931639
6677     2.298434
6678     0.788486
6679    -0.490708
6680    -0.630504
6681     0.432784
6682     0.187546
6683    -2.054591
6684     0.666711
6685    -0.529329
6686     0.210811
6687    -0.945260
6688     1.241081
6689    -2.399103
6690     0.250151
6691     2.313145
6692    -2.563341
6693    -0.686016
6694    -0.348263
6695    -0.421168
6696    -0.443101
6697    -0.396531
6698     0.247095
6699    -0.961942
6700     0.186900
6701    -1.239827
6702     0.452224
6703    -1.004275
6704     0.046124
6705    -0.243981
6706     0.519389
6707     1.525253
6708    -0.839761
6709    -0.169671
6710    -0.763167
6711     0.072138
6712    -0.558228
6713     1.106359
6714    -0.032987
6715     0.290850
6716    -0.580927
6717    -0.055013
6718    -0.528251
6719     1.277697
6720     0.057009
6721    -0.330820
6722    -0.512432
6723    -0.009408
6724    -0.099100
6725     0.084152
6726    -0.060854
6727    -1.417072
6728     2.073410
6729     1.117663
6730     0.843118
6731    -1.260968
6732     0.282879
6733    -1.616189
6734     1.710902
6735     1.432835
6736     1.278546
6737     1.434347
6738     0.580554
6739    -0.180306
6740    -0.471350
6741    -0.022973
6742     0.428548
6743    -0.431171
6744    -0.142095
6745    -0.207105
6746    -0.735859
6747    -2.015429
6748     1.584954
6749    -1.437301
6750    -0.086337
6751     2.731526
6752    -1.878587
6753    -0.628610
6754    -0.374836
6755    -0.311965
6756    -0.073271
6757    -1.370035
6758     0.541217
6759     0.371658
6760     0.413059
6761    -0.337218
6762     0.063816
6763    -1.729416
6764     0.024796
6765     0.854989
6766     0.182711
6767     2.126601
6768    -0.090949
6769     0.210587
6770    -1.034194
6771    -1.026952
6772    -0.351639
6773     1.315998
6774    -0.498941
6775     0.438011
6776    -1.546280
6777     0.220309
6778    -0.434542
6779     0.645899
6780    -0.268884
6781    -0.778596
6782    -0.582878
6783     0.330392
6784     0.209135
6785     0.364535
6786    -0.477063
6787    -0.445883
6788     2.089652
6789     0.933482
6790     0.596439
6791    -0.606055
6792    -0.078057
6793    -0.952032
6794     1.638649
6795     1.551939
6796     0.062715
6797     0.099004
6798     2.314068
6799    -0.672593
6800    -0.282644
6801     0.076290
6802    -0.185400
6803    -0.139392
6804    -0.207020
6805     1.715311
6806    -2.181740
6807    -1.906410
6808     0.560633
6809    -0.492946
6810    -0.839924
6811     1.161847
6812    -0.628153
6813    -1.669231
6814    -1.426309
6815     0.920923
6816    -0.849724
6817    -1.275830
6818     0.342053
6819     0.919661
6820    -0.428699
6821    -0.110917
6822     0.263256
6823    -1.183040
6824     0.074134
6825     1.092456
6826    -0.626648
6827     1.416052
6828     1.082681
6829     2.024677
6830    -1.990326
6831    -1.320199
6832     0.362720
6833     0.311013
6834     0.045958
6835     0.761895
6836    -0.464115
6837    -1.006079
6838     0.519660
6839     0.223153
6840    -0.256477
6841    -1.009369
6842     0.555978
6843     0.440003
6844    -0.602185
6845    -0.418291
6846     0.684233
6847    -0.224734
6848     0.313445
6849     0.604422
6850     1.400720
6851     0.040376
6852    -1.173278
6853    -0.311784
6854     0.337630
6855    -0.112072
6856     1.676037
6857     0.395239
6858    -0.827383
6859    -0.913820
6860     0.295013
6861     0.502016
6862    -0.583624
6863     0.613687
6864     0.497604
6865     1.780417
6866    -2.375668
6867    -1.684855
6868     0.249316
6869    -0.053037
6870    -0.490333
6871     1.086455
6872    -0.082408
6873    -1.292299
6874    -2.314316
6875     2.139738
6876    -0.026243
6877    -1.275827
6878    -0.075936
6879     0.932412
6880    -0.097522
6881     0.266682
6882    -0.286777
6883    -1.035693
6884    -0.819102
6885     0.966182
6886    -1.095649
6887     0.014326
6888     2.335868
6889     2.246331
6890    -2.053115
6891    -1.112273
6892     0.535132
6893     0.284765
6894    -0.155972
6895     0.124727
6896     0.524630
6897    -0.084353
6898     0.365389
6899     0.096046
6900     0.283098
6901     0.674265
6902    -0.488872
6903     0.777802
6904    -1.844556
6905    -0.024320
6906     0.706039
6907    -0.983595
6908     0.519085
6909     0.669957
6910     0.617436
6911     0.131143
6912    -1.130563
6913     0.841015
6914    -0.158087
6915    -0.213680
6916     0.603067
6917     0.274771
6918    -0.449031
6919     0.949422
6920    -0.096969
6921     0.660737
6922    -1.112746
6923    -0.330264
6924     1.082891
6925     2.715709
6926    -0.390540
6927    -3.100857
6928     0.503377
6929     0.834370
6930    -1.098858
6931    -1.156765
6932    -0.426671
6933    -1.149131
6934    -1.548304
6935     0.702234
6936     0.505951
6937     0.046395
6938    -0.906021
6939     1.308829
6940     1.242727
6941     0.375604
6942    -0.445119
6943     0.538104
6944    -0.777638
6945     1.058153
6946    -1.394513
6947     0.904029
6948     2.358431
6949     0.376526
6950    -0.875741
6951    -1.893579
6952    -0.240155
6953     0.393904
6954    -0.293207
6955     0.114752
6956    -0.067578
6957     0.314243
6958    -0.942161
6959     0.407561
6960     0.330994
6961     0.941259
6962     0.134377
6963    -1.185304
6964    -2.072362
6965    -0.037742
6966     1.008694
6967    -0.988181
6968     0.940009
6969     0.500273
6970     0.788384
6971     0.124931
6972    -1.037486
6973     1.145443
6974     0.198153
6975    -1.077981
6976     0.663174
6977    -0.004864
6978     0.879439
6979     1.389936
6980     0.204917
6981    -0.754921
6982    -1.181023
6983    -0.045775
6984     0.822016
6985     1.819920
6986    -0.065260
6987    -0.124828
6988     0.886795
6989    -0.216369
6990    -0.597977
6991    -2.030326
6992     0.386167
6993     0.508555
6994    -1.248535
6995     0.077311
6996     0.160505
6997     0.068923
6998    -0.143521
6999    -0.442149
7000     1.175141
7001    -0.574677
7002     2.136158
7003     0.889182
7004     0.362556
7005    -2.345648
7006    -0.953917
7007    -0.399373
7008     2.546637
7009    -0.643979
7010    -0.069106
7011    -0.048649
7012    -0.531934
7013     0.003577
7014     0.457379
7015     0.696199
7016    -0.526547
7017    -2.213965
7018    -0.814100
7019    -0.348763
7020     0.809253
7021     1.980479
7022     0.228344
7023    -1.120341
7024    -0.069962
7025    -0.247045
7026     0.575552
7027     0.978163
7028     0.412768
7029     0.144983
7030     1.032081
7031     0.547547
7032    -0.926664
7033     0.103594
7034    -0.272239
7035    -0.421687
7036     0.371869
7037     0.237914
7038     0.895040
7039     0.162274
7040    -0.631385
7041    -0.068375
7042    -0.035376
7043    -0.675302
7044     0.751371
7045    -0.933937
7046    -0.454869
7047     0.261006
7048    -0.077089
7049    -0.357685
7050    -0.106218
7051     0.594960
7052     1.125158
7053    -0.411475
7054    -0.747778
7055    -0.969784
7056     0.348602
7057    -0.022520
7058    -0.216256
7059    -0.144028
7060     0.136425
7061    -0.612960
7062     2.278998
7063     0.005798
7064    -1.129736
7065    -1.145936
7066     0.725844
7067     0.468101
7068     1.401863
7069    -4.749084
7070    -0.012702
7071     0.282580
7072    -0.276664
7073     0.980359
7074    -0.197156
7075     1.164000
7076     0.634765
7077    -2.481552
7078    -0.343077
7079     0.945008
7080     0.083436
7081     1.675791
7082     0.082013
7083    -0.845954
7084     0.413081
7085    -0.743824
7086     0.058808
7087     0.852731
7088     0.325137
7089     0.131133
7090     1.156378
7091     0.028203
7092    -1.583639
7093    -0.430972
7094    -0.068975
7095     2.068465
7096     0.353848
7097     0.189994
7098     0.709935
7099     0.139370
7100    -0.419190
7101     0.184582
7102     0.206578
7103    -0.849027
7104     0.182346
7105    -0.906432
7106    -0.231284
7107     0.615965
7108    -0.372425
7109     0.568351
7110    -0.029595
7111     0.969216
7112    -0.208384
7113     0.222127
7114    -1.217083
7115    -0.317375
7116     2.076815
7117     0.142693
7118    -0.136514
7119    -0.176276
7120     0.056593
7121    -0.104709
7122     1.808787
7123    -0.374422
7124     0.168261
7125    -1.983648
7126     0.055795
7127     0.906452
7128    -2.666732
7129    -3.642635
7130     0.423398
7131    -0.166834
7132     0.209452
7133    -0.450316
7134     0.354599
7135     1.250224
7136    -0.356189
7137    -1.941516
7138    -0.537780
7139     1.193976
7140     0.980630
7141     0.825206
7142     0.033708
7143    -0.505327
7144     1.276419
7145    -0.590091
7146     0.037804
7147     0.780608
7148    -0.015096
7149     0.298934
7150     2.209119
7151    -0.164054
7152    -1.263477
7153    -1.663466
7154    -0.189226
7155     1.609754
7156     0.467326
7157    -0.331278
7158     0.698588
7159    -0.436257
7160    -0.120665
7161     0.199180
7162    -0.859819
7163    -0.403812
7164     0.083166
7165     0.088676
7166    -0.320716
7167     0.478037
7168    -0.304988
7169    -0.171191
7170     0.208667
7171     0.058031
7172     0.004534
7173     0.242044
7174     1.931638
7175    -0.096415
7176     0.863669
7177     1.118585
7178    -0.187741
7179    -0.160711
7180     0.743134
7181    -0.780624
7182     1.544869
7183    -0.133196
7184     0.287179
7185    -1.437297
7186    -0.821287
7187     1.608088
7188    -2.204383
7189    -3.841348
7190     1.738806
7191    -0.631417
7192    -0.710777
7193    -0.281091
7194     0.389982
7195     0.614997
7196     0.082224
7197    -1.461453
7198    -1.342601
7199    -0.102538
7200     1.009372
7201     0.539391
7202    -0.121104
7203    -0.797458
7204     0.426241
7205    -0.619648
7206     0.167079
7207     0.433067
7208    -0.073792
7209     0.526184
7210     0.263969
7211     0.278571
7212    -0.439823
7213     0.886675
7214    -0.339463
7215    -0.240186
7216    -0.457021
7217    -0.552643
7218     0.114446
7219    -1.706666
7220     0.091676
7221     1.048896
7222     2.682030
7223    -0.288230
7224    -1.169373
7225     0.724499
7226    -0.204066
7227     1.198697
7228     0.610782
7229    -0.434229
7230    -0.395535
7231    -1.492122
7232     0.300561
7233     1.239106
7234     0.795783
7235    -0.315387
7236     0.265596
7237     0.018262
7238    -0.214686
7239    -0.213381
7240     0.711494
7241    -1.207741
7242     0.410279
7243    -0.195087
7244     0.413354
7245    -0.696790
7246     1.622249
7247     1.954411
7248    -1.759865
7249    -3.867896
7250     1.984796
7251    -0.083912
7252    -1.116772
7253    -0.320167
7254     0.828013
7255     0.572685
7256     0.027511
7257    -0.960916
7258    -1.451563
7259    -0.359723
7260     0.958942
7261     0.354702
7262    -0.097635
7263    -1.157000
7264     0.134804
7265    -0.586597
7266    -0.213507
7267    -0.124376
7268    -0.039483
7269     0.401553
7270     0.247019
7271     0.064602
7272    -0.521866
7273     0.953774
7274    -0.288725
7275    -0.680753
7276    -0.258287
7277     0.422599
7278    -0.455404
7279    -1.127016
7280    -0.042990
7281     1.661642
7282     1.497268
7283    -0.542977
7284    -1.645226
7285    -0.947224
7286     0.277789
7287     1.037872
7288     0.873850
7289    -0.089076
7290    -0.847867
7291    -1.079234
7292     0.201680
7293     2.028997
7294     0.024751
7295    -0.336787
7296     0.238481
7297     0.382698
7298     0.211838
7299    -0.634361
7300     0.252693
7301    -0.306983
7302    -0.354123
7303    -0.590908
7304    -0.200489
7305    -0.565379
7306     2.569457
7307     1.383229
7308    -1.496529
7309    -3.845942
7310     1.037449
7311     1.446063
7312    -0.085965
7313    -0.548520
7314     1.456296
7315     0.562460
7316    -0.146571
7317    -1.386189
7318     0.205476
7319    -0.372353
7320     1.687299
7321    -0.163353
7322     0.131448
7323    -0.555908
7324     0.022238
7325    -0.786360
7326     0.018309
7327    -0.292826
7328     0.373057
7329    -0.113256
7330    -0.630338
7331     0.753110
7332     0.185421
7333     0.407680
7334     0.233007
7335    -0.043184
7336     0.260324
7337    -0.222226
7338    -0.315476
7339    -0.310033
7340    -0.661899
7341     0.603549
7342     0.960977
7343    -0.049520
7344    -0.138604
7345    -1.852611
7346     0.979123
7347     1.815880
7348     0.635442
7349     0.381627
7350    -0.834868
7351    -0.548820
7352     0.412055
7353     0.040774
7354     0.039479
7355    -0.129693
7356    -0.135043
7357     1.620038
7358    -0.603305
7359    -1.529358
7360    -0.015755
7361    -0.213843
7362     0.109777
7363    -1.199333
7364    -0.438058
7365     0.490148
7366     3.814134
7367     0.919127
7368    -0.948054
7369    -3.883981
7370    -0.708041
7371     1.965511
7372     0.259240
7373     0.064443
7374    -0.307285
7375     0.190420
7376    -0.439402
7377    -0.294384
7378     0.687078
7379     0.005350
7380    -0.013947
7381    -0.566293
7382    -0.462810
7383    -0.752634
7384    -0.479097
7385     0.122760
7386    -0.398839
7387     0.096697
7388     0.347081
7389    -0.514424
7390     0.279012
7391    -1.316924
7392     0.255032
7393    -0.190091
7394     0.489932
7395    -0.149194
7396     0.997660
7397     3.330768
7398    -1.057936
7399    -0.092176
7400    -0.198040
7401     0.386564
7402     0.322800
7403    -0.168185
7404    -0.173839
7405    -0.958266
7406    -1.336723
7407     3.364183
7408    -0.372510
7409     0.069154
7410    -0.615501
7411    -0.555360
7412     1.302767
7413    -0.645933
7414     0.340168
7415    -0.998026
7416    -0.248625
7417    -1.212254
7418    -0.659207
7419    -0.841791
7420     0.959065
7421    -1.175453
7422    -0.192582
7423    -0.923764
7424    -0.098919
7425     0.142253
7426    -0.548754
7427     0.578573
7428     1.692822
7429     1.372197
7430     1.583305
7431     1.220802
7432     0.807884
7433    -0.787698
7434    -0.513021
7435    -0.004111
7436     0.029848
7437    -0.795218
7438     0.727193
7439    -0.652204
7440    -0.162119
7441    -0.886803
7442    -0.110753
7443     0.731244
7444    -0.321110
7445    -0.651631
7446     0.502182
7447    -0.237303
7448     1.310610
7449     0.137838
7450    -0.468500
7451     0.704546
7452     0.800297
7453     0.008695
7454    -0.196327
7455     0.308803
7456     1.755367
7457     0.762521
7458     0.141821
7459    -0.306221
7460     0.708839
7461     0.453897
7462     0.182912
7463     0.266685
7464     0.345141
7465    -0.583672
7466    -0.799441
7467    -1.839261
7468    -0.961773
7469     1.522495
7470    -0.006864
7471    -0.000740
7472    -0.398112
7473     0.227731
7474    -0.081654
7475     0.204701
7476    -0.359618
7477    -1.610280
7478    -0.661595
7479    -0.553468
7480     0.367994
7481     0.525912
7482     0.310374
7483    -0.614799
7484    -1.596184
7485     1.383401
7486    -0.213193
7487    -0.269600
7488     0.580964
7489     3.015316
7490    -1.366197
7491    -3.243467
7492     0.526919
7493     0.120532
7494    -0.112939
7495     0.160119
7496    -0.526594
7497    -0.343028
7498     0.268729
7499     0.449592
7500     0.534953
7501    -1.097658
7502     0.308100
7503     0.684029
7504    -0.571115
7505     0.390187
7506     0.379137
7507     0.532105
7508     0.266504
7509    -0.004694
7510    -0.693574
7511     0.604396
7512     0.921949
7513    -0.025630
7514     0.456208
7515     0.155016
7516     3.089046
7517     0.519711
7518    -0.620161
7519    -0.155794
7520     0.712983
7521     0.385461
7522    -0.267098
7523     1.015537
7524     0.290818
7525     0.134604
7526    -3.124013
7527    -1.526181
7528    -0.586767
7529     0.325990
7530     0.233553
7531    -0.770651
7532     0.022882
7533     0.467918
7534    -0.456618
7535     0.490706
7536    -0.250014
7537    -1.071353
7538    -0.667651
7539    -0.966737
7540     0.475318
7541     0.898270
7542     0.009348
7543    -0.357349
7544    -1.311524
7545     1.007498
7546     0.009261
7547     0.229877
7548     0.255046
7549     2.341168
7550    -2.854476
7551    -1.930503
7552    -0.218074
7553     0.608815
7554     0.237980
7555    -0.480571
7556     0.647110
7557    -0.094966
7558     0.170748
7559     0.460387
7560     0.365504
7561    -0.788191
7562     1.355573
7563     0.617028
7564    -0.369966
7565     0.193710
7566    -0.086360
7567     0.385308
7568     0.205507
7569    -0.096693
7570    -0.202695
7571     1.839567
7572     1.636280
7573     0.028911
7574     0.267884
7575    -0.082087
7576     2.096278
7577    -2.819126
7578    -1.052382
7579    -0.064921
7580     0.004004
7581     0.554700
7582    -0.062131
7583     1.157934
7584     1.109808
7585     0.096420
7586    -2.245677
7587    -2.357068
7588    -0.172456
7589     1.596787
7590     1.069175
7591    -0.634856
7592    -0.032824
7593    -0.118704
7594    -0.428210
7595     0.901275
7596    -0.779268
7597    -0.883314
7598    -1.013546
7599    -0.748117
7600     0.292357
7601    -0.165143
7602     0.477371
7603    -0.333299
7604    -1.134167
7605    -0.451535
7606    -0.058996
7607    -0.118633
7608    -0.077635
7609     1.153883
7610    -2.557754
7611    -1.320721
7612    -0.061677
7613     0.561493
7614     0.448712
7615    -0.146671
7616     1.775768
7617     0.843607
7618     0.154226
7619     0.227368
7620     0.413890
7621     0.070830
7622    -0.644463
7623     0.734792
7624    -0.307102
7625     0.031396
7626     0.118969
7627     0.254001
7628     0.254398
7629     0.220553
7630    -0.155156
7631     2.224295
7632     1.170763
7633    -0.016971
7634     0.322916
7635     0.054558
7636     0.288575
7637     0.714660
7638    -0.377213
7639    -0.676616
7640     0.155751
7641     1.277477
7642     0.051020
7643     1.536338
7644     0.572563
7645    -0.082085
7646    -3.484162
7647    -1.524296
7648    -0.005452
7649     1.503086
7650     0.712062
7651    -0.132556
7652    -0.346771
7653    -0.690734
7654    -0.172526
7655    -0.132286
7656    -0.595015
7657    -0.082067
7658    -2.398280
7659    -1.394634
7660     0.030912
7661     1.761518
7662    -0.022487
7663     0.477163
7664    -2.174976
7665    -0.962357
7666    -0.283073
7667     0.532220
7668    -0.195529
7669     0.566984
7670    -2.685854
7671    -0.659462
7672    -0.024529
7673     0.777644
7674     0.448503
7675     0.081507
7676     1.336578
7677     0.703736
7678     0.117141
7679     0.715992
7680     0.407750
7681     1.290913
7682     0.471438
7683     2.143051
7684    -0.431807
7685     0.265441
7686    -1.577481
7687     0.026400
7688     0.582960
7689    -1.144092
7690    -0.566979
7691    -0.151067
7692     0.551395
7693    -0.268808
7694     0.387305
7695    -0.652977
7696    -0.027507
7697     0.162804
7698    -0.755825
7699    -1.132885
7700     0.616816
7701     1.134563
7702    -0.548830
7703     0.363787
7704     0.370507
7705    -0.316451
7706    -0.942776
7707    -1.816599
7708    -0.639484
7709     0.414642
7710     0.276403
7711     1.199126
7712     0.561851
7713     2.436643
7714     1.473109
7715     1.177167
7716     1.500608
7717     1.444004
7718    -0.948576
7719     0.329593
7720    -0.308929
7721     0.013519
7722     0.286718
7723     0.193078
7724    -1.365038
7725    -1.137803
7726    -0.681897
7727    -0.231076
7728    -1.984855
7729     0.178685
7730    -3.409053
7731     0.763795
7732    -0.317260
7733     0.526936
7734    -0.435616
7735    -0.378337
7736     0.898861
7737     0.416895
7738    -0.186140
7739     0.604058
7740    -0.704919
7741    -0.235339
7742     0.596311
7743     1.260421
7744    -1.382687
7745     0.459439
7746    -1.539743
7747    -1.072015
7748     0.869114
7749    -0.807079
7750     0.558539
7751    -0.496660
7752     0.791593
7753    -1.120065
7754     0.569458
7755    -1.218395
7756    -1.154389
7757     0.571032
7758    -0.401363
7759     1.700250
7760    -0.546169
7761    -0.300525
7762     2.059897
7763    -0.520370
7764     0.076169
7765     1.059003
7766    -0.950834
7767     0.703008
7768     1.596582
7769    -0.477934
7770     0.625128
7771    -0.669217
7772     1.145878
7773    -0.434420
7774    -0.131296
7775     1.166473
7776    -0.062386
7777     0.364896
7778    -0.706228
7779     0.060318
7780     0.974735
7781    -0.313029
7782     0.953110
7783    -0.876079
7784    -0.711982
7785    -1.411347
7786     1.723160
7787    -0.761358
7788     0.442272
7789    -0.031160
7790    -1.993463
7791     3.034533
7792    -1.086663
7793     0.573532
7794    -0.793205
7795    -0.958973
7796     0.680375
7797    -0.254937
7798    -1.319178
7799     0.846414
7800    -0.723150
7801     1.144198
7802    -0.132859
7803    -1.238659
7804     1.038680
7805    -0.447189
7806     0.983982
7807     0.988295
7808    -0.112438
7809     1.553002
7810    -1.464909
7811     1.057317
7812    -1.696854
7813     0.579587
7814    -0.171692
7815     1.518974
7816    -0.157780
7817    -0.259781
7818     0.948693
7819    -0.993703
7820     0.958425
7821    -0.544388
7822    -0.799855
7823     1.386161
7824    -1.682106
7825    -0.048149
7826    -0.840382
7827     0.523654
7828    -0.714431
7829     1.066014
7830    -2.089696
7831    -0.140031
7832     0.289474
7833     0.422010
7834     0.702774
7835     0.217794
7836    -1.545222
7837    -0.196886
7838    -0.904854
7839    -0.429371
7840    -1.035926
7841     1.226873
7842    -1.355769
7843     0.143103
7844    -1.074062
7845     0.750937
7846    -1.070502
7847     0.701001
7848    -0.507782
7849    -0.299046
7850    -2.053337
7851     2.314274
7852     1.317095
7853    -0.407074
7854     1.564203
7855     0.078113
7856    -0.287728
7857    -0.607414
7858     0.929373
7859    -0.211664
7860     1.117532
7861    -0.682782
7862     0.925243
7863    -1.220138
7864    -0.684526
7865     0.335253
7866     1.305655
7867    -0.511103
7868     0.993413
7869     0.132911
7870    -0.165471
7871    -1.010316
7872    -0.877027
7873    -0.341596
7874     1.007109
7875    -1.428344
7876     0.142366
7877    -0.251121
7878     1.396135
7879     1.420616
7880    -1.103179
7881    -2.079300
7882     0.875119
7883    -0.870181
7884    -0.429608
7885    -0.173390
7886     0.369693
7887     0.979832
7888     0.233823
7889    -0.651446
7890    -0.274638
7891    -0.900345
7892     1.457942
7893     0.278104
7894     1.563107
7895     0.166984
7896    -1.525801
7897    -0.696727
7898     0.920262
7899    -1.389536
7900    -0.408462
7901    -0.131566
7902    -0.909409
7903     0.237803
7904    -0.031793
7905    -0.697568
7906     1.141280
7907    -1.601767
7908     3.047336
7909    -0.553746
7910    -1.036181
7911     1.761554
7912     0.129752
7913    -0.324491
7914     2.312506
7915     0.027024
7916    -0.045581
7917    -0.699886
7918    -0.652740
7919     0.881723
7920     0.317224
7921     0.342808
7922     0.821785
7923    -0.842111
7924    -0.403154
7925     0.124563
7926     0.119911
7927    -0.920415
7928    -1.173769
7929     1.773056
7930     0.212278
7931     0.685642
7932    -0.974003
7933    -1.013150
7934    -1.727781
7935     1.315684
7936     0.034528
7937     0.890756
7938     1.040963
7939    -1.337255
7940    -1.305886
7941     0.816615
7942    -0.565824
7943     0.232385
7944    -1.284519
7945     1.627762
7946     0.387039
7947    -0.216349
7948     0.063637
7949    -0.099006
7950    -0.220630
7951    -0.038059
7952     2.091470
7953     0.173080
7954    -1.348454
7955    -0.034896
7956     0.318211
7957     1.796512
7958    -0.730263
7959    -1.442070
7960     1.573613
7961    -0.845714
7962    -1.574679
7963     1.371811
7964    -0.104298
7965    -1.714334
7966    -0.632075
7967    -1.223459
7968     2.193364
7969     0.579829
7970     0.409394
7971    -0.329862
7972    -1.308340
7973     1.362633
7974     0.797559
7975     0.823468
7976     0.467725
7977    -0.704781
7978    -0.859521
7979    -0.228322
7980     0.754898
7981    -0.971770
7982     0.896243
7983     0.966126
7984    -0.981268
7985     0.470401
7986     0.491041
7987    -1.407357
7988    -0.078575
7989     1.462889
7990    -0.932969
7991     0.563947
7992     0.778875
7993    -1.036647
7994     0.000347
7995     0.230017
7996    -0.460839
7997     0.123399
7998     1.253578
7999     0.952167
8000    -0.788520
8001    -1.196542
8002     0.310085
8003    -1.130325
8004    -0.613641
8005     0.866538
8006     0.819672
8007    -0.592637
8008    -0.143055
8009    -0.621602
8010     0.244112
8011    -1.128474
8012     1.866246
8013     0.763264
8014     0.957031
8015    -0.820515
8016    -0.939506
8017     1.353674
8018     0.006962
8019    -1.888313
8020     1.094045
8021     0.747970
8022    -2.166238
8023    -0.061289
8024     1.155031
8025    -1.057418
8026     0.419542
8027    -2.070791
8028     1.548722
8029     1.343481
8030    -0.920486
8031    -0.519651
8032     0.893043
8033    -0.202570
8034    -0.315910
8035     0.717917
8036    -0.299288
8037    -0.782191
8038    -1.783857
8039     0.282453
8040     2.333426
8041    -0.641962
8042     1.189799
8043     1.013859
8044    -0.364462
8045     0.469436
8046     0.939374
8047    -0.013879
8048    -0.240536
8049     1.570231
8050    -0.037366
8051     0.496742
8052     1.239953
8053    -0.440410
8054     0.215785
8055     0.760548
8056     0.137652
8057    -0.172370
8058     1.374056
8059    -0.677262
8060    -0.182989
8061    -2.025460
8062    -0.922519
8063    -0.795595
8064    -1.628975
8065     0.564112
8066     0.194429
8067     0.295808
8068     0.014335
8069     0.082389
8070     0.776542
8071    -0.240548
8072     0.546356
8073     1.035569
8074    -0.593752
8075    -0.600873
8076    -2.123034
8077     0.533159
8078     0.113368
8079    -0.497883
8080    -0.139799
8081     1.054252
8082    -1.153837
8083    -0.161531
8084     0.819132
8085     0.006033
8086    -0.360950
8087    -1.320742
8088     0.770196
8089     0.212079
8090    -0.517313
8091    -0.131387
8092    -0.606308
8093    -0.273247
8094    -1.904810
8095     3.738235
8096    -0.959793
8097    -2.370606
8098     0.001177
8099    -0.118230
8100     2.053823
8101    -0.811077
8102     1.201339
8103     1.261070
8104    -0.764776
8105     0.311684
8106     0.308700
8107    -0.508906
8108    -0.541386
8109     0.951631
8110    -1.043063
8111     0.583651
8112     0.730990
8113    -0.942809
8114    -0.033320
8115     0.548196
8116    -0.203597
8117    -0.475274
8118     0.596401
8119    -0.962430
8120     0.446902
8121    -0.767064
8122    -0.009773
8123     0.443002
8124     0.250877
8125    -0.001287
8126     0.069388
8127    -0.236687
8128    -0.180585
8129    -0.125359
8130     1.381704
8131    -0.202241
8132     0.375873
8133     0.224963
8134    -0.280609
8135     0.160011
8136    -0.641765
8137     0.656509
8138    -0.204397
8139    -1.766527
8140    -0.430640
8141     1.114101
8142    -1.444998
8143    -0.219036
8144     0.700346
8145    -0.796363
8146     0.708441
8147    -2.163201
8148     0.338683
8149     0.776291
8150    -1.132193
8151    -0.820857
8152    -0.094722
8153     0.910083
8154    -0.141227
8155     4.668902
8156    -1.122146
8157    -1.995697
8158    -0.154593
8159    -0.519104
8160     2.017972
8161    -1.015683
8162     2.024448
8163     1.119360
8164    -0.849051
8165     0.265630
8166    -0.504321
8167    -0.344066
8168    -0.467718
8169     0.626390
8170    -1.744964
8171    -0.458543
8172     0.753375
8173    -1.310993
8174    -0.548614
8175    -0.057135
8176     0.299628
8177    -0.714094
8178     0.374527
8179    -1.268002
8180     1.877721
8181     0.914784
8182     0.266181
8183    -0.590972
8184    -0.195328
8185     0.743540
8186     0.290160
8187     0.235181
8188    -0.087932
8189    -0.395669
8190     0.542463
8191     0.228540
8192     1.433202
8193    -1.007138
8194    -0.129862
8195    -0.823952
8196    -0.587007
8197     1.899256
8198    -0.274482
8199    -1.735204
8200    -0.460645
8201     1.353907
8202    -0.631231
8203     0.377639
8204     1.539107
8205    -0.675787
8206     2.199025
8207    -2.530889
8208     0.366816
8209     2.326833
8210    -0.929663
8211    -1.270981
8212     0.280317
8213     0.416532
8214     0.035911
8215    -0.787437
8216    -0.109466
8217     0.982518
8218    -0.622323
8219    -1.356645
8220     0.712807
8221     0.456580
8222     0.928746
8223     0.782789
8224    -1.443522
8225     0.895662
8226    -0.251475
8227     0.670903
8228    -1.897829
8229     0.759249
8230    -1.149015
8231     0.837761
8232    -1.594372
8233     0.012015
8234    -2.098936
8235    -0.796607
8236    -1.428124
8237     0.750157
8238     0.513267
8239    -0.775402
8240     1.026987
8241     1.511310
8242     0.042122
8243    -0.492583
8244     0.106395
8245     1.430173
8246     1.165572
8247    -0.498324
8248    -0.130382
8249    -0.634385
8250     1.099819
8251    -0.243107
8252     1.569672
8253    -0.412773
8254    -0.170752
8255    -1.180626
8256    -0.489378
8257     1.370143
8258    -0.149698
8259    -1.420218
8260    -1.035314
8261     0.799280
8262     0.168052
8263     0.830932
8264     1.727046
8265    -0.671501
8266     1.264707
8267    -2.850440
8268     1.394278
8269     0.670846
8270    -0.331803
8271    -0.706367
8272     0.144418
8273     0.508345
8274     0.532585
8275    -0.004411
8276    -0.773197
8277     1.120984
8278    -0.512807
8279     0.200270
8280    -1.147714
8281    -0.624574
8282    -0.027509
8283    -0.726813
8284    -1.556520
8285     0.416406
8286     0.315769
8287     0.293978
8288    -0.323807
8289    -0.097993
8290    -0.897214
8291    -0.427187
8292    -0.284753
8293    -0.030621
8294    -1.540245
8295    -1.317483
8296    -1.556255
8297     0.980215
8298     1.213281
8299    -1.494351
8300     0.281004
8301     1.183192
8302    -0.265363
8303    -1.005817
8304    -0.760216
8305     2.062183
8306     1.310775
8307    -0.476229
8308    -0.936355
8309    -0.039053
8310    -0.105000
8311    -0.570226
8312     1.032286
8313    -0.994635
8314    -0.292256
8315    -1.022510
8316    -1.046164
8317     2.633076
8318     1.317535
8319    -0.074404
8320    -0.647858
8321    -0.044318
8322     1.871475
8323     1.703101
8324     1.063043
8325     0.189173
8326     1.299103
8327    -1.321493
8328     0.870493
8329     1.357007
8330     0.855636
8331    -0.494758
8332    -0.372633
8333    -0.913276
8334    -0.231780
8335     0.319824
8336     0.021104
8337     2.002862
8338    -0.424047
8339    -0.612787
8340    -1.036017
8341    -0.475640
8342     0.076373
8343     0.017588
8344    -0.799020
8345    -0.496399
8346    -0.764615
8347    -0.260790
8348     0.094787
8349     0.113921
8350    -1.294632
8351    -0.152735
8352     0.400498
8353    -0.477909
8354    -1.015577
8355     0.373570
8356    -0.481330
8357    -0.221474
8358     0.313232
8359    -0.977976
8360    -0.665925
8361    -0.295630
8362    -0.694129
8363    -0.490802
8364     0.333333
8365     2.492820
8366     1.258145
8367    -1.439143
8368    -0.648353
8369    -0.006272
8370     0.917470
8371    -0.443496
8372     1.546985
8373     0.211896
8374    -0.750899
8375    -0.684233
8376    -0.671952
8377     2.563172
8378     1.189864
8379    -1.742262
8380    -0.952553
8381     0.097519
8382     2.223352
8383     2.386871
8384     0.347640
8385    -1.466772
8386     0.175616
8387    -1.120861
8388    -0.510243
8389     1.758696
8390     1.078312
8391    -0.899198
8392    -0.348348
8393    -0.862651
8394     0.436558
8395    -0.277159
8396     0.328927
8397     2.102328
8398    -0.494941
8399    -0.301624
8400     0.346068
8401    -0.727909
8402     0.500541
8403    -0.398506
8404    -0.182311
8405    -0.133004
8406     0.633665
8407     0.100030
8408     0.072866
8409     0.848032
8410    -1.153795
8411    -0.054558
8412     0.749372
8413    -0.396377
8414    -0.192417
8415     0.637291
8416    -0.188807
8417    -0.274124
8418     0.756507
8419    -0.428596
8420    -0.673677
8421     0.728832
8422    -0.682404
8423    -0.462247
8424     0.198565
8425     2.521829
8426    -0.151472
8427    -1.493986
8428    -1.273483
8429     0.170589
8430    -0.167031
8431    -1.090630
8432     2.389413
8433    -0.716588
8434    -0.419398
8435     0.058388
8436     0.130986
8437     2.916070
8438    -0.212848
8439    -1.053697
8440    -1.175598
8441    -0.294688
8442     1.348273
8443     2.732376
8444    -0.744420
8445    -0.712511
8446    -0.716480
8447    -0.724284
8448    -2.328078
8449     1.703809
8450     0.394540
8451    -1.261761
8452    -0.138832
8453    -0.146568
8454     1.019612
8455    -0.895025
8456     0.195723
8457     0.785141
8458    -0.504469
8459     0.282248
8460     0.295883
8461     0.031498
8462    -0.227199
8463    -0.194007
8464    -0.163838
8465    -0.567474
8466     1.665252
8467    -0.152970
8468    -0.128895
8469     1.678448
8470    -0.480222
8471    -0.344762
8472     0.229297
8473    -0.615718
8474    -0.393526
8475     1.572803
8476    -0.559603
8477    -0.280346
8478     1.584298
8479    -0.498403
8480    -0.149440
8481    -0.047609
8482    -0.482374
8483    -0.328706
8484    -0.002845
8485     1.841560
8486     0.751144
8487    -2.738811
8488    -0.611176
8489    -0.194142
8490    -0.136199
8491    -0.365196
8492     0.971865
8493     0.167705
8494    -0.391221
8495     0.152984
8496    -0.149676
8497     2.238968
8498     0.418253
8499    -1.296394
8500    -0.639609
8501    -0.201011
8502     0.353830
8503     1.371481
8504     0.276308
8505    -0.882228
8506    -0.453056
8507    -0.290652
8508    -3.214351
8509     1.215712
8510     1.061129
8511    -2.185785
8512    -0.203927
8513    -0.461300
8514     1.858812
8515    -0.436514
8516     0.135444
8517     0.098740
8518    -0.645392
8519    -0.199674
8520     1.638719
8521     0.183792
8522    -0.260836
8523    -0.199898
8524    -0.413787
8525    -0.500910
8526     1.321419
8527    -0.420192
8528    -0.421343
8529     1.207449
8530    -0.602333
8531    -0.421845
8532     0.019375
8533    -0.652937
8534    -0.596081
8535     1.476577
8536    -0.668795
8537    -0.773900
8538     1.349396
8539    -0.449470
8540    -0.442875
8541    -0.094473
8542    -0.450741
8543    -0.518262
8544    -0.128171
8545     1.873821
8546     2.291966
8547    -2.539320
8548    -0.605425
8549    -0.617188
8550    -0.265813
8551    -0.460678
8552    -0.366830
8553    -0.159545
8554    -0.110410
8555    -0.357431
8556     0.028887
8557     1.666437
8558     2.240867
8559    -2.012942
8560    -0.550658
8561    -0.768791
8562     0.347518
8563     1.028328
8564     0.561149
8565    -1.010252
8566     0.577997
8567    -0.511356
8568    -1.515241
8569     1.648142
8570     2.560657
8571    -0.687788
8572    -0.467021
8573    -0.253889
8574     1.463943
8575    -0.389278
8576    -0.241111
8577     0.000863
8578    -0.736793
8579    -0.601991
8580     1.398016
8581     0.608533
8582    -0.767069
8583    -0.146597
8584     0.177667
8585    -0.951669
8586     0.225733
8587     0.168302
8588    -0.982100
8589     0.362851
8590    -0.634431
8591    -0.574820
8592    -0.067029
8593    -0.166204
8594    -0.818464
8595     0.105515
8596    -0.339175
8597    -0.720139
8598     0.205929
8599    -0.336651
8600    -0.914250
8601    -0.158813
8602    -0.245400
8603    -0.861889
8604    -0.423834
8605     0.202436
8606     3.021082
8607     0.235104
8608    -0.647552
8609    -0.623305
8610    -0.355752
8611    -0.408037
8612    -0.707237
8613    -0.175684
8614    -0.139862
8615    -1.049125
8616     0.885662
8617     0.397225
8618     3.077240
8619     0.416410
8620    -0.234612
8621    -0.756018
8622    -0.500815
8623     0.437710
8624     2.634339
8625    -0.726936
8626    -0.343453
8627    -1.152646
8628     0.785435
8629     2.246889
8630     3.358030
8631    -1.581289
8632     0.005073
8633    -0.254447
8634     0.147311
8635    -0.372554
8636    -0.257551
8637     0.486971
8638    -0.375903
8639    -0.699962
8640     0.279830
8641     0.689021
8642    -1.152323
8643    -1.025361
8644    -0.321258
8645    -0.314679
8646     0.381164
8647    -0.514330
8648     0.020902
8649     0.668496
8650    -0.742438
8651    -0.063590
8652     0.541411
8653    -0.583186
8654    -0.071791
8655     0.616713
8656    -0.424129
8657    -0.712634
8658     0.529858
8659    -0.622966
8660    -0.328462
8661     0.544074
8662    -0.095491
8663    -0.230022
8664     0.633030
8665    -0.224195
8666     1.634934
8667    -2.117981
8668    -0.456203
8669    -0.648868
8670     0.423142
8671    -0.449247
8672    -0.587676
8673     0.318490
8674    -0.255547
8675    -0.813336
8676     1.035315
8677     1.130318
8678     0.035841
8679    -1.676201
8680    -0.538574
8681    -0.151848
8682    -0.094264
8683     1.872662
8684     1.321379
8685    -1.088560
8686    -0.318714
8687    -1.127640
8688     1.162667
8689     2.523120
8690     3.059497
8691    -3.030357
8692     0.008820
8693     0.072980
8694     0.633092
8695    -0.046609
8696     0.090632
8697     0.599047
8698    -0.631054
8699    -0.033294
8700     0.946225
8701    -1.440373
8702     2.074975
8703     2.681828
8704     0.350577
8705    -0.955275
8706    -0.706441
8707     0.427550
8708    -0.813985
8709    -1.314460
8710    -0.571893
8711    -0.489122
8712     0.042725
8713    -0.194062
8714    -0.738916
8715    -0.230188
8716    -0.145346
8717    -0.820895
8718    -0.192055
8719    -0.638859
8720    -0.486805
8721    -0.096357
8722     0.006525
8723     0.218906
8724     0.362324
8725    -1.400011
8726    -0.803886
8727     0.338721
8728    -0.640839
8729     0.258991
8730     0.109638
8731    -0.582165
8732    -0.041073
8733    -0.415584
8734     0.261441
8735    -0.342374
8736    -0.321299
8737     0.472312
8738     1.275414
8739     0.557898
8740    -0.936173
8741     0.459644
8742    -0.480505
8743     2.552647
8744    -0.296967
8745    -0.537117
8746    -0.567770
8747     0.957751
8748     0.554923
8749     1.878669
8750     2.641712
8751    -1.179589
8752     0.888170
8753    -0.583915
8754    -0.554658
8755     0.292389
8756    -1.029029
8757     1.566915
8758    -0.012788
8759    -0.485151
8760    -0.186719
8761     0.346113
8762    -2.118826
8763    -0.501014
8764     0.286522
8765    -0.145940
8766     0.720957
8767     0.445670
8768    -0.094258
8769     0.089841
8770    -0.687220
8771     0.157046
8772     0.644180
8773     0.024299
8774    -0.339094
8775     0.842070
8776    -0.172324
8777    -0.353450
8778     0.631607
8779    -0.213410
8780    -0.361773
8781     0.884076
8782     0.467735
8783    -0.475011
8784     0.469050
8785    -0.662640
8786    -0.675091
8787     1.593635
8788    -0.237379
8789    -0.200564
8790     0.576838
8791    -0.105804
8792    -0.085840
8793     0.740553
8794     0.432200
8795     0.150491
8796     0.535062
8797    -0.749825
8798     1.502855
8799    -2.281200
8800    -0.402069
8801    -0.542459
8802    -0.229452
8803     0.264611
8804     2.310518
8805    -1.767468
8806     0.693402
8807    -1.133563
8808     0.742975
8809     0.184126
8810     2.705701
8811    -3.540691
8812     0.678910
8813     0.290120
8814     0.565025
8815    -0.459710
8816    -0.542625
8817    -1.050054
8818    -0.133207
8819    -0.048236
8820     0.334013
8821    -0.134001
8822    -0.067167
8823     1.502690
8824     0.491019
8825    -0.447592
8826     0.821870
8827     0.594457
8828     0.071424
8829    -0.058367
8830    -0.626115
8831     0.289279
8832     0.445706
8833     0.302190
8834     0.846095
8835     1.005059
8836     0.352992
8837    -0.730857
8838    -0.349189
8839     0.209195
8840    -0.397979
8841     0.146951
8842     0.615315
8843    -0.538865
8844     0.554433
8845     1.292962
8846     0.792340
8847    -2.199728
8848    -0.144593
8849     0.288719
8850     0.835318
8851     0.105552
8852    -0.134608
8853     0.474337
8854     0.016304
8855    -1.312383
8856     0.790199
8857    -1.503910
8858     0.703584
8859    -1.761845
8860     0.755946
8861     0.491614
8862    -2.776540
8863     0.088828
8864     1.132646
8865    -1.762191
8866     0.431444
8867    -0.976836
8868     1.531502
8869    -1.922310
8870     0.113353
8871    -1.618298
8872     0.950723
8873    -0.143897
8874     0.427077
8875    -1.590492
8876    -0.253874
8877     1.380429
8878    -0.285503
8879     0.275005
8880     0.610589
8881    -0.253361
8882    -0.388418
8883     1.021200
8884     0.595881
8885     0.047976
8886     0.597594
8887     0.196085
8888    -0.244335
8889     1.669840
8890    -0.931351
8891    -0.331806
8892     0.690020
8893    -0.507779
8894     0.127747
8895    -1.346180
8896     0.730757
8897    -0.132154
8898    -0.430139
8899     0.507949
8900     0.019907
8901     1.276489
8902     0.475356
8903    -0.422145
8904     1.340005
8905    -0.063688
8906    -0.304430
8907    -0.736706
8908    -0.054729
8909     0.157939
8910     1.652351
8911     0.394172
8912     0.106041
8913     1.506241
8914     0.605627
8915    -0.455505
8916     1.866793
8917    -1.191969
8918     0.527441
8919    -3.088067
8920     0.129594
8921     0.076509
8922    -1.994951
8923    -0.373925
8924     0.518375
8925    -3.207631
8926     0.683575
8927    -0.080638
8928     0.283961
8929     0.242784
8930     1.381503
8931    -0.190419
8932     0.341737
8933    -0.460419
8934    -0.684883
8935    -0.140427
8936     0.298339
8937     1.349444
8938    -1.386287
8939    -0.441925
8940    -1.574961
8941     0.762232
8942     0.557791
8943     0.897790
8944     0.147518
8945    -0.716340
8946     0.083509
8947    -0.658007
8948    -0.741319
8949     1.462377
8950    -0.129859
8951    -0.304268
8952     0.295898
8953    -0.440724
8954     0.043425
8955    -1.047806
8956    -0.427546
8957    -0.797176
8958    -0.264690
8959    -0.646918
8960    -0.493381
8961     1.137126
8962    -0.377925
8963     0.050533
8964     1.674970
8965    -0.096121
8966     0.077847
8967    -0.417297
8968    -0.318643
8969     0.582180
8970     1.751455
8971     0.017223
8972    -0.681121
8973     1.117106
8974     0.015379
8975    -0.753830
8976     1.671222
8977     0.219032
8978     0.541310
8979    -2.944771
8980     0.316412
8981     1.698585
8982    -1.016555
8983     0.996406
8984     0.743659
8985    -3.025968
8986    -0.010794
8987    -0.896004
8988    -0.223548
8989     1.995950
8990    -0.043871
8991    -1.766676
8992    -0.336377
8993    -0.814092
8994    -0.433583
8995    -0.782907
8996     0.392145
8997     1.582147
8998    -0.244333
8999     1.553929
9000    -0.532704
9001     0.813345
9002     0.268070
9003     1.603164
9004     0.026005
9005     0.126550
9006     0.173008
9007    -0.857801
9008    -0.248180
9009    -0.091307
9010    -0.101451
9011    -0.804902
9012     0.645172
9013    -0.788803
9014    -1.723480
9015     2.464187
9016    -0.677961
9017     0.749454
9018     1.600780
9019    -0.473527
9020    -0.031545
9021     0.268172
9022    -0.390683
9023     0.354395
9024    -0.867647
9025     0.093876
9026     0.100272
9027    -1.949302
9028    -0.160819
9029    -0.688427
9030     2.355144
9031     0.026578
9032    -0.124099
9033    -0.317528
9034     0.039869
9035    -0.514687
9036    -0.771675
9037     0.351497
9038    -0.372854
9039    -2.079132
9040     0.143843
9041     1.555863
9042     1.188154
9043     1.101847
9044     0.012089
9045    -2.275000
9046    -0.061895
9047    -0.519556
9048    -0.255487
9049     2.211376
9050     0.368195
9051    -0.864503
9052    -0.405591
9053     0.052196
9054    -0.216036
9055    -0.800313
9056    -0.791952
9057     0.610046
9058    -0.089391
9059     2.232598
9060    -1.220212
9061    -0.187667
9062     0.304138
9063     1.383548
9064     0.456087
9065    -0.247169
9066    -1.070688
9067    -1.287920
9068    -0.285570
9069     0.088162
9070    -0.673644
9071    -0.373372
9072     0.775900
9073     0.458632
9074    -1.272142
9075     0.978865
9076    -1.683171
9077     0.493412
9078     1.491121
9079    -1.205346
9080    -0.161319
9081    -0.268891
9082    -1.408349
9083     0.338237
9084    -0.240204
9085     0.032204
9086     0.302113
9087    -1.429235
9088     1.690932
9089    -2.406943
9090    -2.088936
9091    -0.834970
9092     0.326072
9093     0.964606
9094    -0.942344
9095    -0.040699
9096     0.889075
9097     0.193300
9098     0.277042
9099    -0.012802
9100     0.728303
9101     1.218146
9102     0.457486
9103     1.608250
9104     0.761545
9105     1.198281
9106     0.663120
9107    -0.204631
9108    -0.344569
9109     2.021313
9110     0.423235
9111    -1.016896
9112    -0.825964
9113    -0.290012
9114    -0.728607
9115     1.974730
9116    -0.297708
9117     0.916364
9118    -0.777499
9119     1.135623
9120    -1.942581
9121     0.327614
9122     0.227163
9123    -0.822310
9124    -0.985821
9125     0.927807
9126    -1.279042
9127    -1.989040
9128     0.731304
9129     0.228232
9130     0.964910
9131    -1.519977
9132     0.600435
9133     0.843871
9134    -1.144973
9135     0.994056
9136    -1.082048
9137     0.829326
9138    -0.341281
9139    -1.899911
9140     0.632081
9141     0.725481
9142    -1.761314
9143     0.633588
9144     0.825937
9145     0.478145
9146    -0.081836
9147    -0.566697
9148     0.044595
9149    -0.399106
9150    -1.723583
9151     0.559794
9152    -0.975949
9153     1.404630
9154     0.170734
9155    -0.373512
9156     0.740573
9157     0.505700
9158    -0.117470
9159     0.661632
9160     1.516104
9161    -0.235327
9162     0.391035
9163     0.858040
9164     0.036787
9165     2.042086
9166    -0.193635
9167     0.558308
9168    -0.348843
9169     0.679541
9170    -0.260378
9171     1.380062
9172    -0.181356
9173    -0.105887
9174    -2.349647
9175     1.403813
9176    -0.123121
9177     0.482456
9178    -0.259738
9179     0.761170
9180    -3.045214
9181    -0.384265
9182     0.073763
9183    -0.829576
9184    -0.623022
9185     0.410326
9186    -0.065748
9187     0.249048
9188     0.239667
9189     1.916491
9190     0.651726
9191    -0.972063
9192    -0.139630
9193    -0.058612
9194    -0.404167
9195    -1.455249
9196     0.020609
9197     1.835414
9198    -0.473184
9199    -1.025124
9200     2.196697
9201    -0.796022
9202    -0.495791
9203     2.110474
9204    -0.357631
9205     0.627586
9206    -1.637458
9207     1.246308
9208    -0.194334
9209    -0.317513
9210    -1.723152
9211     0.823015
9212     0.294795
9213    -0.362477
9214     0.436389
9215     0.798490
9216    -0.439412
9217    -0.738607
9218    -1.643418
9219     1.584628
9220     0.423889
9221    -0.006696
9222    -0.821608
9223    -0.625728
9224    -1.373082
9225     2.779767
9226    -0.435963
9227     0.116463
9228     0.521301
9229     0.052706
9230    -1.034314
9231     2.178524
9232     0.191087
9233    -0.204570
9234    -1.673563
9235     0.797207
9236    -0.131131
9237     0.389919
9238     0.308182
9239    -0.351678
9240    -1.479686
9241    -0.380102
9242     0.433993
9243    -0.403212
9244    -1.094175
9245     1.440974
9246     0.942115
9247    -0.191468
9248     0.786499
9249    -0.333295
9250     0.448509
9251    -0.065784
9252    -0.910364
9253    -0.095356
9254     1.349990
9255    -0.768612
9256     0.793853
9257     0.071351
9258    -0.845372
9259    -0.292844
9260     0.260044
9261    -0.707403
9262     0.245073
9263     0.146921
9264    -0.804382
9265     0.442117
9266    -0.504161
9267     1.605893
9268     0.214133
9269     0.369050
9270    -0.584844
9271     0.981323
9272    -0.103425
9273    -1.146609
9274     1.039458
9275    -0.788621
9276    -0.921419
9277    -1.452573
9278    -2.346738
9279     2.555183
9280     0.491042
9281     0.134850
9282    -0.879800
9283    -1.485602
9284    -2.349538
9285     1.731204
9286    -1.062343
9287     1.047314
9288     1.014042
9289    -0.425634
9290    -0.863152
9291     2.820650
9292     0.650689
9293     0.182682
9294    -0.661391
9295     0.688924
9296     0.125269
9297    -0.681230
9298     0.484976
9299     0.672482
9300    -1.021153
9301     0.825008
9302     0.785851
9303     1.148886
9304    -1.124857
9305     1.052690
9306     0.095698
9307     1.344352
9308     0.371109
9309    -0.457019
9310     0.528570
9311     0.142128
9312     0.229189
9313    -0.747759
9314     1.411064
9315    -0.005045
9316     0.683585
9317     0.364685
9318     0.436757
9319     0.834065
9320     0.154920
9321    -0.115162
9322     0.954404
9323     0.128396
9324     0.238038
9325    -1.403204
9326    -0.434844
9327    -1.225648
9328     1.055572
9329     0.424050
9330     0.392098
9331     0.922089
9332     0.247640
9333     0.287887
9334     0.712868
9335    -0.345668
9336     0.461356
9337    -2.658478
9338    -2.586437
9339    -0.941462
9340     0.909977
9341     0.203867
9342     0.093606
9343    -2.721177
9344    -2.705607
9345    -1.709554
9346    -1.309495
9347     0.670912
9348     0.016179
9349    -1.361580
9350    -1.137134
9351     0.320729
9352     1.010299
9353     0.261729
9354     0.420884
9355     1.046621
9356     0.235883
9357     0.353328
9358     0.499140
9359     0.754766
9360    -0.040744
9361     0.834246
9362     0.217317
9363     0.936220
9364    -1.448814
9365     0.725281
9366    -0.887750
9367     0.970055
9368    -0.586230
9369     0.155225
9370     0.649041
9371    -0.091779
9372     0.121285
9373    -1.894532
9374     0.377689
9375     0.958518
9376     0.724594
9377     0.054143
9378     1.097186
9379     1.063591
9380     0.349642
9381     0.661300
9382     1.774599
9383     1.085855
9384     0.182519
9385    -1.688547
9386    -0.152688
9387    -1.123375
9388     1.070738
9389    -0.165406
9390     0.658247
9391     1.619244
9392     0.871398
9393     0.334915
9394     1.592128
9395     0.621357
9396    -0.131418
9397    -2.337317
9398    -0.699026
9399    -0.995968
9400     0.778876
9401    -0.433004
9402     0.525549
9403    -2.871487
9404    -0.939110
9405    -0.736012
9406    -1.481044
9407     0.784792
9408    -0.969661
9409    -1.233313
9410    -0.588717
9411    -1.726595
9412     0.923657
9413    -0.569313
9414     0.429384
9415     0.969602
9416    -0.609887
9417     0.594756
9418    -0.015316
9419    -0.252314
9420    -0.084326
9421     0.482623
9422     0.206571
9423     1.772781
9424     0.783582
9425     0.749137
9426    -3.130574
9427     0.510475
9428    -1.235135
9429    -0.005392
9430    -0.262807
9431    -0.202558
9432     0.297666
9433    -0.467929
9434     0.816650
9435     1.129778
9436     0.083778
9437    -0.719062
9438     0.506033
9439     0.332139
9440     0.681741
9441     0.744271
9442    -0.336838
9443     1.429794
9444     0.115873
9445    -0.477639
9446     0.513462
9447    -0.516103
9448     0.070536
9449    -0.618974
9450     0.284140
9451    -0.913264
9452     1.645514
9453     1.659532
9454    -1.040756
9455     1.964620
9456     2.202431
9457    -0.794040
9458    -0.918628
9459    -1.225384
9460     0.520345
9461    -0.960886
9462     0.239204
9463    -0.051903
9464    -0.979462
9465    -1.086113
9466    -0.143834
9467     1.329256
9468    -1.057936
9469     0.555150
9470    -0.180055
9471    -1.162962
9472     1.051785
9473    -1.669229
9474    -0.596714
9475    -0.226445
9476    -1.438817
9477    -0.173559
9478     0.325043
9479    -0.413939
9480     0.003029
9481     0.219306
9482     1.050354
9483     0.843258
9484     0.910986
9485     0.296869
9486    -0.628663
9487     0.413888
9488     0.948235
9489     1.350610
9490    -0.484961
9491    -0.893225
9492    -0.357549
9493    -0.448891
9494    -0.479221
9495    -0.403822
9496     0.091962
9497     1.933931
9498     1.462366
9499     0.112634
9500    -0.726692
9501    -0.397434
9502    -0.259080
9503     2.047404
9504     0.402538
9505    -0.588040
9506    -0.230038
9507    -1.559512
9508     0.106893
9509     1.242516
9510     1.094788
9511    -0.688336
9512     0.007921
9513     0.029905
9514    -0.221500
9515    -1.625033
9516    -0.231059
9517    -0.678316
9518    -2.184606
9519    -1.006404
9520     0.477973
9521     0.647534
9522     1.473661
9523    -0.126755
9524    -2.457075
9525    -1.386968
9526    -0.209614
9527    -0.928605
9528    -1.967781
9529     0.190218
9530    -0.965314
9531    -1.675668
9532     0.925964
9533     0.808051
9534     1.201229
9535    -0.117642
9536     0.868430
9537     1.391666
9538     0.373308
9539     0.638562
9540     0.364837
9541     0.063788
9542     0.164348
9543     1.674184
9544    -0.190482
9545     0.248392
9546    -2.810142
9547    -0.520738
9548     0.585228
9549    -0.368606
9550    -0.037984
9551     0.022827
9552    -0.356376
9553     0.510443
9554     0.545026
9555     1.512171
9556     0.125126
9557    -0.238166
9558     0.212731
9559     0.778793
9560     0.325910
9561     0.869842
9562     0.610877
9563    -1.352375
9564     1.496169
9565     0.234901
9566     0.851286
9567    -2.068946
9568    -0.369745
9569    -0.497584
9570    -0.254527
9571     0.017573
9572     0.892701
9573     0.430464
9574     0.312950
9575     0.342278
9576     1.203340
9577    -0.866450
9578    -1.516473
9579    -0.858557
9580    -0.802173
9581     0.560436
9582     0.082117
9583     0.668920
9584    -1.853490
9585    -1.534535
9586     0.707944
9587    -0.195809
9588    -2.021321
9589     1.294716
9590     0.170309
9591     0.619035
9592    -0.115687
9593     0.522961
9594     0.359965
9595    -1.942959
9596     0.624186
9597     1.523271
9598    -0.479813
9599    -0.201993
9600     0.289722
9601     0.364156
9602     0.161786
9603    -0.020217
9604    -0.067361
9605    -0.092356
9606    -0.178697
9607    -1.193222
9608    -0.151373
9609    -0.670727
9610     0.064879
9611     0.101232
9612    -0.219839
9613     0.565445
9614     0.330864
9615     0.264279
9616     0.113469
9617     0.050828
9618     0.137842
9619     0.691763
9620    -0.257016
9621     0.156615
9622     1.507370
9623     0.349868
9624     0.025398
9625    -0.047888
9626     0.252871
9627     1.210176
9628    -0.162601
9629     0.516050
9630    -0.522022
9631    -0.898049
9632    -0.001987
9633     0.007956
9634     0.314536
9635     0.003496
9636     0.321120
9637    -0.018860
9638     0.771115
9639     0.897886
9640    -0.767579
9641     0.493564
9642    -0.557945
9643     2.420899
9644    -0.179690
9645     1.333512
9646     0.819235
9647    -0.640371
9648     0.282393
9649     1.159146
9650    -0.872758
9651     1.038542
9652    -0.984828
9653    -0.762237
9654    -0.433143
9655    -3.185998
9656     0.772139
9657    -2.324694
9658    -0.694513
9659    -0.846026
9660    -0.748433
9661    -0.965619
9662    -1.389602
9663    -3.527546
9664     0.170613
9665     0.573971
9666     0.412392
9667    -0.506550
9668    -0.180323
9669    -0.139271
9670    -0.276403
9671     0.052691
9672    -0.558850
9673     0.226609
9674     0.169290
9675    -0.047938
9676    -0.347836
9677     0.757846
9678     0.179081
9679     0.100861
9680     0.407403
9681     0.154125
9682     0.121546
9683    -0.711879
9684    -2.378334
9685     0.052356
9686     0.435190
9687     1.239216
9688    -0.451493
9689     1.652699
9690    -0.066474
9691     0.071782
9692     0.562430
9693     1.153230
9694    -0.370683
9695    -0.190911
9696    -0.377072
9697     0.789610
9698    -2.013725
9699     1.151554
9700    -0.605274
9701     0.593118
9702    -0.345329
9703     0.883414
9704     1.043505
9705     0.526160
9706    -0.032850
9707     0.572234
9708     0.226730
9709     0.923395
9710    -1.095739
9711     0.750336
9712    -0.790751
9713    -0.352290
9714    -0.281551
9715     1.032376
9716    -1.450408
9717     1.479010
9718    -0.025102
9719     0.564498
9720     0.450533
9721    -1.143652
9722     0.359356
9723    -1.445228
9724     0.521709
9725    -0.121988
9726    -0.798021
9727    -0.291857
9728     0.928031
9729    -0.052993
9730    -0.964317
9731    -0.836820
9732     0.287336
9733     0.420057
9734    -0.248844
9735    -1.140543
9736    -0.666446
9737    -0.111833
9738     0.209303
9739    -0.068083
9740     0.025279
9741     0.359795
9742     0.135941
9743    -0.310647
9744    -1.378958
9745    -0.083075
9746     0.403827
9747     1.209783
9748    -1.089408
9749    -0.000365
9750     0.003434
9751     0.450908
9752    -0.922418
9753    -0.951821
9754     0.305341
9755     0.165702
9756    -1.627550
9757     1.767652
9758     0.021910
9759     0.233144
9760    -0.835439
9761     0.766183
9762     0.243139
9763     1.110669
9764     0.612445
9765     0.361791
9766    -0.344339
9767     0.453675
9768     0.568929
9769     0.585311
9770    -1.948221
9771     0.999259
9772    -0.806880
9773     0.663094
9774     0.285032
9775     0.744265
9776     0.311915
9777     3.568560
9778     0.251645
9779    -0.210281
9780    -0.934391
9781     0.498640
9782    -0.795191
9783     1.092946
9784    -0.461672
9785    -0.322467
9786    -2.107925
9787     0.131924
9788    -0.119293
9789     0.887976
9790    -0.047871
9791     1.006964
9792     0.913314
9793     0.144410
9794     0.611092
9795    -1.712578
9796     0.171042
9797     0.159552
9798     1.199759
9799     0.134136
9800    -0.275191
9801     0.970531
9802     0.108405
9803    -0.409198
9804    -1.596418
9805     0.181508
9806    -0.751007
9807     2.033618
9808    -0.389509
9809    -0.607490
9810     0.867860
9811     0.056676
9812     0.448054
9813    -1.760439
9814     0.323252
9815     1.171229
9816    -1.992512
9817    -0.256104
9818    -0.281193
9819    -1.736546
9820    -0.232516
9821     0.456747
9822     0.953641
9823    -0.326140
9824    -0.034931
9825    -1.364179
9826     0.052572
9827     0.580935
9828     1.128396
9829     0.380467
9830    -1.692681
9831     0.893801
9832    -0.551903
9833     0.225187
9834     0.665020
9835     0.019009
9836     0.218796
9837     2.150149
9838     0.063672
9839     0.410085
9840    -1.486414
9841     0.275498
9842    -0.219025
9843     1.000761
9844    -0.626675
9845     0.266930
9846    -0.671901
9847     0.338225
9848     0.707510
9849     0.238301
9850    -0.266053
9851    -0.291008
9852     0.636236
9853    -0.147268
9854     0.207385
9855    -0.353310
9856     0.538632
9857     0.374069
9858     0.174284
9859    -0.119207
9860    -0.050305
9861     0.859274
9862    -0.156542
9863     0.496366
9864     0.479502
9865     0.096362
9866    -0.349852
9867     1.452108
9868     0.259708
9869     1.026771
9870    -0.038704
9871     0.005524
9872     0.771700
9873    -0.584358
9874    -0.276419
9875     0.021406
9876    -0.093193
9877    -0.438463
9878    -0.321114
9879    -1.622058
9880    -0.852059
9881    -1.620860
9882     1.656003
9883    -0.433467
9884    -0.258308
9885    -1.454560
9886     0.470830
9887     0.982864
9888     0.045491
9889     0.870158
9890    -4.524779
9891    -2.138101
9892     0.388025
9893     1.273230
9894    -0.570621
9895     0.109085
9896     1.399113
9897     1.516234
9898    -0.035896
9899     0.107904
9900    -0.531388
9901     0.843072
9902     0.538812
9903     1.813459
9904    -0.910362
9905    -0.651968
9906    -0.598296
9907    -0.154692
9908     0.381141
9909    -0.248010
9910    -0.388794
9911    -0.148488
9912     0.042075
9913    -0.064245
9914    -0.465271
9915    -0.152774
9916    -0.525872
9917    -1.948644
9918     0.049066
9919     0.513088
9920     2.159512
9921     0.124932
9922    -0.294377
9923     0.238161
9924     0.260083
9925     0.171080
9926     1.239056
9927     0.371642
9928    -0.550966
9929    -0.527690
9930    -0.223028
9931    -0.050285
9932    -0.653364
9933     0.068126
9934     0.263756
9935     0.636736
9936    -0.180676
9937     0.227523
9938     0.427309
9939    -0.457280
9940     0.268843
9941     1.555984
9942     1.238751
9943     0.249566
9944     0.657916
9945    -0.451510
9946    -0.596683
9947    -0.816741
9948    -0.354763
9949     0.740017
9950    -2.688573
9951    -3.103788
9952    -0.118677
9953    -1.366114
9954     0.125018
9955     0.468718
9956     2.587446
9957     1.772450
9958    -0.090711
9959    -1.155222
9960    -0.095476
9961     0.926107
9962     0.261447
9963     0.377590
9964    -0.382465
9965    -0.739002
9966    -1.566879
9967    -0.225241
9968    -1.601201
9969    -0.563385
9970    -0.404099
9971    -1.056783
9972    -0.005291
9973     0.026745
9974    -0.593046
9975    -0.262504
9976    -0.006269
9977    -1.349588
9978    -0.684207
9979     0.708592
9980     4.729037
9981     0.054651
9982    -0.446957
9983    -0.459814
9984     0.673993
9985    -0.040158
9986     1.682819
9987     0.681796
9988    -0.600070
9989    -0.762598
9990    -0.024282
9991     0.303401
9992    -0.888908
9993    -0.778530
9994     0.125770
9995    -0.336000
9996    -0.014729
9997    -0.200036
9998     0.808357
9999     0.413743
10000     0.211808
10001     0.424044
10002     0.258177
10003    -0.057228
10004     0.802628
10005     0.190377
10006    -0.605323
10007    -1.362303
10008    -0.287334
10009     0.287445
10010     0.284409
10011     1.278711
10012    -0.224107
10013    -1.725925
10014     0.218829
10015     0.639660
10016     2.500822
10017    -0.215746
10018    -0.037574
10019    -0.618394
10020     0.255022
10021    -0.691245
10022    -0.506028
10023     0.377733
10024     0.164635
10025    -0.244401
10026    -0.933525
10027     0.923362
10028    -0.352906
10029    -0.364482
10030     0.338574
10031    -0.279818
10032    -0.487716
10033     0.035520
10034     0.023488
10035    -1.447848
10036     0.612997
10037    -0.667482
10038    -0.080784
10039    -1.181793
10040     2.363570
10041     0.145328
10042     0.245344
10043    -0.190253
10044     1.521990
10045     1.890322
10046     2.096964
10047     0.178855
10048     1.224053
10049     0.174924
10050    -0.415272
10051     0.292512
10052    -0.775315
10053     0.017373
10054     0.392038
10055    -0.705401
10056     1.591552
10057    -1.641153
10058     0.232588
10059    -0.013592
10060    -1.188399
10061     0.147283
10062    -0.515129
10063    -1.929273
10064    -0.017221
10065    -0.041087
10066     1.003539
10067    -0.223353
10068    -0.541118
10069     1.989253
10070     0.735857
10071     1.123040
10072     0.277374
10073    -0.792870
10074    -0.202763
10075    -3.626143
10076    -0.967339
10077     0.228923
10078     0.868483
10079    -0.052286
10080    -0.141476
10081    -0.708975
10082    -1.570318
10083     0.955702
10084     0.556715
10085     1.505680
10086    -0.793991
10087     0.251324
10088    -1.801341
10089     0.408209
10090     0.141591
10091    -0.259512
10092     0.168594
10093    -0.261590
10094    -1.516420
10095     0.258072
10096     0.226837
10097    -0.892674
10098     0.084474
10099    -0.985203
10100     0.898637
10101     0.132651
10102     0.514968
10103     1.505621
10104     0.037703
10105     0.969624
10106     0.596654
10107     0.221689
10108     1.176989
10109     1.465675
10110    -0.384352
10111     0.372815
10112     0.629990
10113     0.228064
10114     0.162243
10115    -0.386071
10116     1.405522
10117    -1.251880
10118     0.057140
10119     0.248651
10120    -0.856533
10121    -0.300394
10122    -1.373933
10123    -1.332577
10124    -0.135085
10125    -1.337590
10126     1.069253
10127     1.333321
10128    -0.398207
10129     1.946709
10130     2.291302
10131     1.784267
10132    -0.068658
10133    -1.263482
10134     0.161027
10135    -2.337625
10136    -1.246537
10137    -1.687516
10138     0.413973
10139    -0.912185
10140    -0.119035
10141    -1.313585
10142    -1.206361
10143     0.585312
10144     1.061883
10145     0.994796
10146    -1.190460
10147    -2.001582
10148    -2.486459
10149     0.007567
10150     1.127500
10151     0.381351
10152     0.558642
10153     0.867636
10154    -0.348199
10155     0.347501
10156    -1.354158
10157    -1.232967
10158     0.072046
10159    -1.342349
10160     0.173787
10161    -0.176158
10162     0.677292
10163     1.192524
10164     0.360958
10165     0.929990
10166     0.735653
10167     0.876350
10168     0.704669
10169     1.012263
10170     0.332416
10171     1.141239
10172     0.793390
10173     0.243825
10174     0.146456
10175    -0.429362
10176    -0.212765
10177    -0.581892
10178     0.246860
10179     0.667215
10180    -0.673987
10181    -0.072770
10182    -0.791141
10183    -1.007847
10184    -0.029474
10185    -0.716740
10186     1.732590
10187     1.111937
10188    -0.286503
10189     2.731435
10190     1.773999
10191     1.363147
10192    -1.086964
10193    -1.279548
10194    -0.561198
10195    -1.596933
10196    -0.872050
10197    -1.555631
10198    -0.161395
10199    -0.459371
10200     0.075621
10201     0.530720
10202    -0.249869
10203     0.925629
10204     0.649213
10205     1.725328
10206    -1.085073
10207     0.421039
10208    -0.885893
10209     0.082639
10210    -0.387807
10211    -0.039680
10212     0.240566
10213    -0.776652
10214    -1.235898
10215    -0.083324
10216    -0.445545
10217    -1.392487
10218     0.632661
10219     0.168571
10220    -0.213257
10221     0.464228
10222     0.627866
10223     0.941775
10224     0.736941
10225    -0.944940
10226    -1.061822
10227     0.013615
10228     0.384361
10229     0.171453
10230     0.555747
10231     1.703336
10232     2.440867
10233     0.197163
10234     3.615463
10235     0.798887
10236    -0.486227
10237    -2.020162
10238    -1.566347
10239     0.113418
10240    -0.894550
10241     0.344313
10242    -0.483681
10243    -2.046742
10244    -0.601921
10245    -0.679898
10246     0.013999
10247     0.629344
10248    -0.753324
10249     0.996268
10250     1.179330
10251     0.804838
10252     0.785266
10253    -0.045462
10254    -0.242759
10255    -1.860706
10256    -0.355828
10257    -1.353899
10258    -0.519000
10259    -0.582834
10260     0.400742
10261     1.804316
10262     0.943057
10263    -0.035818
10264    -1.112406
10265    -0.558851
10266    -0.457124
10267     1.844001
10268     0.574639
10269    -1.149189
10270     1.049742
10271     0.534739
10272    -0.255310
10273     0.375429
10274     0.882256
10275    -0.117159
10276     1.085403
10277     0.777081
10278    -0.748770
10279     1.060922
10280     1.064435
10281     0.532089
10282    -0.557235
10283    -0.569905
10284     1.399691
10285     0.376719
10286    -0.174652
10287     0.060942
10288    -2.208727
10289    -1.372382
10290     1.108461
10291    -1.260863
10292    -0.603636
10293    -0.382105
10294     1.003692
10295     0.545384
10296     1.152605
10297    -0.603274
10298    -0.585220
10299     0.365140
10300     0.677348
10301     0.129960
10302    -1.181867
10303    -0.257359
10304     0.212458
10305    -0.846162
10306    -2.323640
10307    -0.596001
10308     0.525819
10309    -1.337469
10310    -0.657577
10311     1.325871
10312     1.895919
10313     0.888898
10314    -0.647274
10315    -2.526620
10316    -1.739078
10317    -0.353378
10318     1.014101
10319     0.304394
10320    -0.296459
10321     1.169747
10322     0.353615
10323    -0.224224
10324     0.065453
10325     0.301522
10326     0.431754
10327     1.288684
10328     0.588409
10329    -0.143719
10330    -0.302210
10331     0.104970
10332     0.239802
10333     0.182700
10334     0.409613
10335    -0.157350
10336     0.191815
10337     0.724228
10338     0.200009
10339    -0.259890
10340     0.439749
10341     0.412977
10342     2.396949
10343     1.454145
10344     0.620613
10345    -0.496620
10346    -1.300790
10347    -0.451668
10348    -0.572302
10349    -0.820469
10350     0.625375
10351    -0.520724
10352    -0.228215
10353     0.583376
10354     3.735302
10355     1.869747
10356    -1.325372
10357    -1.661633
10358    -1.952628
10359    -0.878693
10360    -2.021171
10361    -0.247175
10362    -0.928746
10363    -1.999626
10364    -0.603173
10365    -1.067984
10366    -1.199823
10367    -0.315486
10368     0.299047
10369    -0.146585
10370    -0.713691
10371     1.385279
10372     1.247706
10373     0.754981
10374     0.130704
10375    -0.918062
10376    -0.676608
10377    -0.233175
10378    -0.179711
10379    -0.142744
10380     0.481994
10381     0.977428
10382    -1.247551
10383    -0.568279
10384     0.236688
10385     0.423024
10386    -0.262110
10387     2.176959
10388     0.163433
10389     0.291145
10390     0.408073
10391     1.032066
10392     0.289912
10393     0.732828
10394     1.088558
10395    -1.457944
10396     0.063235
10397    -0.131532
10398     0.460021
10399    -0.384072
10400     0.421110
10401    -0.423656
10402     2.545156
10403     0.605005
10404    -0.347269
10405     0.767772
10406     1.481192
10407     0.398455
10408    -0.598503
10409    -0.859418
10410    -0.461944
10411    -0.322108
10412    -0.027992
10413     0.192664
10414    -0.172760
10415    -0.326528
10416     3.115166
10417    -1.241333
10418    -0.337912
10419     0.411510
10420    -2.791585
10421    -0.791110
10422    -0.914987
10423    -2.359957
10424    -0.775819
10425    -0.617399
10426    -1.142000
10427     0.739619
10428    -0.517252
10429     0.317562
10430    -0.065722
10431     0.588972
10432     1.726786
10433    -0.054584
10434     0.335034
10435    -1.142293
10436    -1.103473
10437    -0.942223
10438     0.202126
10439    -0.232368
10440     0.430186
10441    -1.226399
10442    -0.544112
10443    -1.277605
10444    -0.266191
10445     0.306314
10446    -0.333651
10447     0.489139
10448     0.272560
10449     0.021953
10450     1.077427
10451     0.482894
10452     0.790738
10453     0.064867
10454     0.583816
10455     0.068192
10456    -0.100577
10457    -0.111586
10458    -0.064777
10459    -0.822424
10460     0.738809
10461    -1.655539
10462     1.275884
10463     0.243041
10464     2.402990
10465     0.186034
10466     0.846860
10467     1.773200
10468    -0.459338
10469    -0.923231
10470    -0.436276
10471    -0.191407
10472    -0.068622
10473    -0.547944
10474     3.816175
10475     1.726556
10476     0.861081
10477    -1.169232
10478    -0.481466
10479     0.257610
10480    -1.897826
10481    -0.697089
10482    -1.550874
10483    -1.179257
10484    -0.601838
10485    -1.523311
10486    -0.314956
10487     0.106056
10488     1.030844
10489     0.794876
10490    -0.604066
10491     1.572720
10492     0.350688
10493     0.048354
10494    -0.120459
10495    -0.762562
10496    -1.030183
10497    -1.330766
10498     0.335079
10499    -0.293068
10500     0.061873
10501     0.775735
10502     0.321550
10503     0.258666
10504    -0.153255
10505     0.255436
10506    -0.791150
10507     0.133945
10508     0.034328
10509    -1.237317
10510     2.630712
10511     0.405495
10512     4.407073
10513     0.203722
10514     0.840644
10515    -0.790550
10516     0.218767
10517    -0.319162
10518    -0.185501
10519    -1.075495
10520     0.074696
10521    -0.447587
10522    -1.393962
10523     0.297016
10524    -0.015349
10525     0.388257
10526     1.631347
10527     1.002384
10528     0.732976
10529    -1.233188
10530     1.237055
10531     0.555495
10532    -0.587105
10533     1.805124
10534    -0.800480
10535     1.130537
10536    -0.271340
10537    -0.487207
10538     0.175705
10539    -0.680112
10540    -0.918976
10541    -0.778589
10542     0.005359
10543     0.112530
10544    -0.526606
10545     0.423817
10546    -0.187606
10547     0.888977
10548    -0.718887
10549    -1.393062
10550    -0.612021
10551    -1.305826
10552     0.056984
10553    -0.268333
10554    -1.189244
10555     0.288500
10556    -1.401001
10557    -0.138592
10558     0.312418
10559    -0.329728
10560    -1.368022
10561     0.680069
10562    -1.069747
10563    -0.832920
10564     0.113146
10565     1.145906
10566     0.506683
10567     0.363275
10568     1.217138
10569     0.705265
10570     0.419258
10571    -1.171990
10572    -0.587276
10573     0.468893
10574     1.061980
10575     0.697818
10576     0.421885
10577     0.809346
10578     0.563338
10579    -1.052383
10580    -0.531428
10581    -2.267986
10582    -2.382255
10583    -2.283629
10584    -3.432141
10585     0.528686
10586     0.239219
10587     1.181060
10588     0.456129
10589    -1.498908
10590    -0.329113
10591     0.637864
10592    -0.226390
10593     0.654622
10594    -1.172900
10595    -1.250363
10596    -1.752040
10597     0.004052
10598     0.379091
10599     0.741763
10600    -0.339063
10601    -0.253380
10602     0.366201
10603     0.421771
10604     0.502149
10605     1.093312
10606     0.118910
10607     0.908141
10608     0.558006
10609    -1.002401
10610     0.473207
10611    -0.273908
10612     0.266238
10613     1.145374
10614     0.916780
10615     0.588526
10616    -0.585807
10617     0.612286
10618     0.460299
10619     0.990092
10620     0.878251
10621     1.815613
10622    -1.928943
10623    -0.385785
10624    -0.841621
10625     1.389255
10626    -0.164279
10627    -0.791308
10628     1.457343
10629    -0.170422
10630    -0.988880
10631    -1.678266
10632    -1.882216
10633    -0.785731
10634     1.226573
10635    -0.068509
10636    -0.748312
10637     0.504459
10638     0.278855
10639     1.409326
10640    -1.232687
10641     0.570313
10642     1.078380
10643    -2.198969
10644     1.193067
10645     0.817038
10646     1.409022
10647     0.205827
10648    -1.235275
10649    -1.428570
10650    -2.407396
10651     0.433967
10652    -0.778330
10653     0.600089
10654     1.013069
10655    -1.193706
10656    -0.475957
10657    -0.115135
10658     0.543620
10659     0.531128
10660     0.763942
10661    -0.041473
10662     0.490166
10663    -0.331278
10664     0.660547
10665     0.575740
10666    -0.774142
10667     1.143748
10668     0.021898
10669    -0.452057
10670     0.305975
10671     0.373985
10672    -0.730375
10673     1.046795
10674     0.612622
10675     1.179530
10676    -0.354026
10677     0.033548
10678    -0.716751
10679     1.147632
10680     0.067323
10681     2.456699
10682     0.692159
10683     1.787671
10684    -1.210202
10685    -0.152189
10686    -1.070419
10687    -0.993461
10688     0.587640
10689    -1.292517
10690    -0.712481
10691     0.462579
10692    -0.956789
10693    -0.925228
10694     0.419781
10695    -1.041559
10696    -0.938838
10697    -0.029338
10698    -0.914125
10699     1.812680
10700    -0.348119
10701     1.697440
10702     1.406069
10703    -0.442272
10704     1.656521
10705    -0.151818
10706    -1.247329
10707    -0.573509
10708    -0.910368
10709     0.333744
10710    -1.064905
10711     0.003811
10712     0.382311
10713    -0.468039
10714     1.524946
10715     0.064784
10716     1.209323
10717    -0.307754
10718    -0.324002
10719    -0.310824
10720     1.029837
10721    -0.226210
10722     1.638863
10723    -0.385435
10724    -0.350768
10725    -0.015505
10726    -1.011478
10727     0.265182
10728    -1.097766
10729    -0.041977
10730     1.156877
10731     1.213701
10732    -1.192718
10733    -0.386033
10734    -1.038524
10735     1.528071
10736    -0.770471
10737     1.703994
10738    -0.980355
10739    -0.088324
10740    -1.063030
10741     0.806321
10742    -0.658139
10743     0.953944
10744    -0.952063
10745     0.682572
10746    -1.456574
10747    -0.735013
10748    -0.232039
10749    -1.025302
10750     0.259377
10751    -0.666500
10752     0.512595
10753    -1.156881
10754    -0.314442
10755    -1.098536
10756    -0.964418
10757    -0.190848
10758    -1.029623
10759     1.213496
10760     0.153870
10761     1.083106
10762     0.922162
10763     0.584493
10764     1.105200
10765    -0.412921
10766     0.728519
10767    -1.608935
10768     0.663740
10769    -0.615034
10770     0.823230
10771     1.053122
10772     0.178897
10773     0.545893
10774     0.980215
10775     0.492460
10776     0.736981
10777    -0.426026
10778    -0.629901
10779    -0.457207
10780     0.540597
10781     0.461437
10782     1.245699
10783    -0.744354
10784     0.440658
10785    -0.662143
10786    -1.010333
10787     0.283889
10788    -1.315040
10789     1.219824
10790    -1.216066
10791     3.627475
10792    -1.178911
10793     0.469453
10794    -1.715653
10795     0.968279
10796    -0.049502
10797     1.216702
10798    -1.046214
10799     0.096223
10800    -1.481813
10801     0.705410
10802    -2.899005
10803    -0.152837
10804    -0.836423
10805     0.823334
10806     0.308360
10807    -0.497421
10808    -0.287287
10809    -0.119659
10810     0.109289
10811     0.913902
10812     0.038062
10813    -1.081224
10814     0.637393
10815    -0.093201
10816    -0.834190
10817     0.009921
10818     0.225101
10819     1.133881
10820    -0.211986
10821    -1.593442
10822     0.696002
10823     0.215825
10824    -1.380848
10825    -0.296568
10826     0.339278
10827     0.752472
10828     0.655057
10829     0.483050
10830     0.741166
10831     1.202235
10832     0.699734
10833     1.132619
10834     0.797333
10835    -0.884574
10836    -1.620362
10837    -0.167008
10838     1.086787
10839     1.235007
10840     0.520292
10841     0.091080
10842     0.852337
10843    -0.559947
10844     1.544328
10845     0.856685
10846    -0.934936
10847     0.437399
10848     0.265099
10849     0.872123
10850    -3.028588
10851     0.277519
10852    -1.182767
10853     0.050035
10854     0.300901
10855     0.637892
10856    -0.097534
10857    -1.991522
10858    -0.939029
10859     0.076909
10860    -0.033460
10861    -0.953075
10862    -1.008418
10863     0.376100
10864     0.973674
10865    -0.305948
10866     0.483381
10867     0.217934
10868    -0.454261
10869    -0.269796
10870    -0.725090
10871    -0.108338
10872    -0.810698
10873     1.089181
10874     0.087918
10875     0.074744
10876     0.442590
10877    -0.318132
10878     0.126069
10879     0.448773
10880     0.651997
10881    -1.745174
10882     0.379779
10883     0.236459
10884    -1.753610
10885     0.856384
10886    -0.018566
10887     1.102004
10888    -0.445060
10889    -0.253535
10890     0.332593
10891     0.529297
10892    -0.664072
10893     0.579046
10894    -1.956064
10895     2.339198
10896    -1.161808
10897    -0.096620
10898     0.167554
10899     1.567016
10900    -0.933790
10901    -0.392879
10902     0.636709
10903     0.499108
10904     1.038800
10905     1.158987
10906     0.512767
10907    -0.351597
10908     0.436564
10909    -0.015153
10910    -1.140835
10911     0.796805
10912     0.193143
10913    -0.254619
10914     0.402947
10915    -0.905057
10916     0.797448
10917    -2.376423
10918    -0.112723
10919    -0.048175
10920     0.044543
10921    -1.149509
10922     1.607084
10923    -1.203781
10924     1.047182
10925    -0.318581
10926     1.633640
10927     0.558582
10928    -0.252470
10929     0.698859
10930     0.023437
10931    -0.154897
10932     0.391613
10933     0.171590
10934     0.329065
10935    -1.940860
10936     0.011361
10937    -0.156349
10938    -1.501050
10939     0.560195
10940    -0.725144
10941     0.863376
10942     0.933374
10943    -1.146896
10944     1.719313
10945     0.339245
10946    -0.519694
10947    -0.023457
10948     0.016435
10949    -0.171829
10950     0.422762
10951     0.532061
10952    -0.406541
10953     0.634962
10954    -1.696018
10955     1.003437
10956    -1.572270
10957    -1.058973
10958    -0.314943
10959    -1.195709
10960    -0.003023
10961     0.499175
10962     1.050393
10963    -0.657768
10964    -0.468689
10965    -1.047689
10966     0.701739
10967    -0.576180
10968     1.368402
10969    -1.221902
10970     2.631247
10971    -2.696691
10972     0.492909
10973    -0.065078
10974     0.758932
10975     0.055158
10976    -0.025508
10977     0.472055
10978     0.343923
10979    -0.767208
10980     1.167202
10981     0.619949
10982     1.318616
10983    -0.318546
10984    -0.138384
10985    -0.420696
10986     0.883569
10987     0.221030
10988     0.495438
10989     0.729655
10990     0.190541
10991     0.133516
10992     0.377550
10993     0.518655
10994     0.614937
10995    -1.285082
10996     0.407449
10997     0.316199
10998    -0.982875
10999    -0.374695
11000    -0.378827
11001     0.546246
11002    -0.837709
11003    -0.510495
11004     0.915687
11005     0.187536
11006    -2.767592
11007    -1.032988
11008     0.299377
11009     0.830529
11010     0.862078
11011     0.580878
11012     0.480946
11013     0.826348
11014     0.613427
11015     1.202095
11016     0.103337
11017    -1.942204
11018    -0.273069
11019    -1.068176
11020     0.685051
11021     0.716632
11022     0.972459
11023    -1.824165
11024    -0.300614
11025    -1.056939
11026     0.245685
11027    -0.990355
11028     0.655475
11029    -0.906669
11030     0.190403
11031    -3.269922
11032    -0.323293
11033     1.354248
11034     1.250875
11035     0.344555
11036     0.479653
11037     0.571776
11038     1.432986
11039    -2.491566
11040     0.319474
11041     1.422332
11042    -0.412642
11043     1.891783
11044    -0.144116
11045     0.062545
11046     0.585682
11047     0.175310
11048     0.415975
11049     0.320393
11050     1.065291
11051     0.145581
11052     1.134442
11053     0.359702
11054     0.607499
11055    -1.491903
11056     0.617174
11057     0.386579
11058    -0.785426
11059    -0.582720
11060     0.005931
11061     0.103704
11062    -0.557584
11063    -0.047579
11064     0.744026
11065     0.000096
11066    -1.232960
11067    -1.552010
11068     0.050167
11069     0.667009
11070     0.101785
11071     0.573156
11072     0.512636
11073     0.363968
11074     0.625551
11075    -0.055079
11076     1.392153
11077    -1.715982
11078     0.396306
11079    -1.249415
11080     0.148203
11081     0.245550
11082     0.204335
11083    -1.547731
11084     0.308254
11085    -1.046143
11086    -0.854670
11087    -1.709304
11088     0.260693
11089    -1.589861
11090    -1.338576
11091    -2.798695
11092    -0.792321
11093     1.977075
11094     0.040215
11095     0.419309
11096     0.569678
11097     0.054882
11098     2.328695
11099    -1.504477
11100     1.725530
11101     0.755973
11102     1.153170
11103     1.021351
11104     0.595245
11105    -0.142262
11106     0.674412
11107    -1.077058
11108    -0.080354
11109    -0.175632
11110     0.062439
11111     0.133689
11112     0.389209
11113    -0.652478
11114     0.330461
11115    -1.630441
11116     0.136681
11117    -0.706921
11118    -0.596112
11119     1.226748
11120    -0.088677
11121     0.896054
11122     1.333347
11123     0.599792
11124     1.284141
11125    -1.396275
11126     0.861059
11127    -1.714573
11128    -0.900455
11129     0.282387
11130    -0.439650
11131    -0.976716
11132    -2.062279
11133     0.438522
11134     2.270753
11135    -1.194913
11136     2.275632
11137    -0.514118
11138     0.001678
11139    -0.670332
11140     0.220356
11141     0.784934
11142    -0.110276
11143     0.418012
11144     0.197581
11145    -0.058225
11146    -0.600764
11147    -0.173867
11148     0.039949
11149    -2.278085
11150    -2.000986
11151    -2.522496
11152    -0.155139
11153     1.201605
11154     0.215031
11155     0.202475
11156     0.934998
11157    -0.334725
11158     1.329059
11159    -0.031095
11160     1.018161
11161     0.414302
11162     0.617783
11163     0.223227
11164     0.282150
11165    -0.254028
11166     0.808985
11167    -0.264553
11168    -0.363431
11169    -1.426293
11170     1.052072
11171    -0.165525
11172     0.859867
11173     1.428706
11174     0.088983
11175     0.118395
11176    -1.539900
11177    -0.240579
11178    -0.316558
11179     1.718961
11180     0.279895
11181     3.562867
11182     0.079734
11183     0.562900
11184     0.511934
11185    -0.221059
11186     0.284604
11187    -1.426871
11188     1.055850
11189    -0.002728
11190     0.956918
11191     1.924396
11192    -1.536691
11193     1.829117
11194     0.516650
11195    -0.263490
11196    -0.740962
11197    -0.893474
11198     0.154933
11199    -2.435266
11200    -0.679744
11201     0.601386
11202    -0.539469
11203    -1.206713
11204     0.653250
11205    -0.184775
11206    -1.186336
11207    -0.260325
11208    -0.423267
11209    -1.436281
11210    -1.781480
11211    -1.418511
11212    -0.338414
11213     0.803459
11214     0.650702
11215    -0.653063
11216     0.701899
11217    -0.842947
11218    -0.053284
11219     0.119185
11220     0.232907
11221     0.946372
11222    -0.340010
11223     0.072580
11224    -0.998723
11225     0.587911
11226    -0.286820
11227    -0.434166
11228    -0.122106
11229    -0.834516
11230     1.758009
11231    -0.663486
11232     1.306414
11233     2.136089
11234    -0.206881
11235    -0.637388
11236    -1.455586
11237     0.113638
11238     0.033375
11239     1.613005
11240     0.510491
11241     1.347925
11242     0.333066
11243    -0.277099
11244     0.838699
11245     0.984976
11246    -0.153240
11247    -0.520716
11248     1.506050
11249     0.339338
11250     2.049262
11251     2.055750
11252    -0.923729
11253     1.778964
11254     0.878290
11255     0.026399
11256    -0.267468
11257    -0.847599
11258     0.355640
11259    -2.280403
11260    -0.697213
11261     0.076906
11262     0.158130
11263    -2.477535
11264     0.031791
11265    -1.508250
11266    -0.744804
11267     0.204355
11268    -0.138296
11269    -1.843236
11270    -0.272729
11271     0.331436
11272    -0.957340
11273    -0.007484
11274    -0.543019
11275    -0.632803
11276     0.123210
11277    -0.524436
11278    -1.122602
11279     0.597085
11280    -0.375474
11281     0.139731
11282    -0.739527
11283     1.405788
11284     0.028371
11285     0.664197
11286    -0.617746
11287    -0.985653
11288    -0.134907
11289    -1.387081
11290     2.096821
11291    -0.878182
11292     1.692714
11293     0.511193
11294    -0.078448
11295    -0.840488
11296     0.102920
11297     0.460091
11298    -0.777975
11299     1.841822
11300     0.463216
11301     0.756573
11302     0.365790
11303    -0.103858
11304     0.003755
11305    -1.281991
11306    -0.030459
11307    -0.471702
11308     3.091269
11309     0.574277
11310     1.504975
11311     1.724184
11312    -0.686249
11313     0.951976
11314    -1.653804
11315    -0.105460
11316     0.964971
11317    -0.832556
11318    -0.202683
11319     0.394582
11320    -0.044081
11321    -0.200379
11322     0.215932
11323    -1.676410
11324    -0.269525
11325    -0.093432
11326    -0.199854
11327     0.636674
11328    -1.418912
11329    -3.049621
11330    -0.023695
11331     0.138864
11332    -0.391948
11333     0.048982
11334    -1.056050
11335    -0.083016
11336    -0.135161
11337    -0.400451
11338     0.296833
11339     0.741096
11340    -0.966294
11341     0.372698
11342    -0.473106
11343     0.705419
11344    -0.812363
11345    -0.826476
11346    -0.475222
11347    -0.480883
11348     0.006061
11349    -1.448321
11350     1.996809
11351    -0.100126
11352     1.728321
11353     0.555602
11354     0.207433
11355    -0.515867
11356    -0.073243
11357    -0.086330
11358    -0.574433
11359     0.541249
11360     0.584771
11361     2.779507
11362     0.544203
11363     0.238870
11364     0.086851
11365     0.078685
11366     1.442959
11367    -1.731290
11368     1.627244
11369    -0.522303
11370     1.794617
11371     0.797617
11372    -0.131032
11373     2.411973
11374    -0.986099
11375    -0.370711
11376    -0.541126
11377     0.369574
11378     1.896951
11379    -0.099455
11380     0.217880
11381     0.089397
11382     0.268571
11383    -0.813404
11384     0.755346
11385     0.144357
11386    -0.830559
11387    -0.853393
11388    -1.585798
11389    -2.784037
11390    -1.203005
11391    -0.874441
11392    -0.010974
11393     0.141241
11394    -1.186481
11395    -0.088264
11396    -0.338049
11397    -0.198857
11398    -0.221734
11399    -0.458498
11400    -0.688325
11401    -0.265861
11402    -0.917352
11403     0.838468
11404     0.112774
11405    -0.337549
11406    -0.580006
11407    -0.074355
11408    -0.730785
11409    -1.072402
11410     0.835815
11411    -1.154099
11412     2.068193
11413    -0.286416
11414    -0.417580
11415    -0.467865
11416    -0.182578
11417    -0.075518
11418    -0.601718
11419    -1.411003
11420    -0.376522
11421     2.997306
11422    -0.182194
11423     0.080664
11424     0.008630
11425     2.023264
11426     1.476813
11427    -1.430331
11428     1.262238
11429    -0.630102
11430     2.021326
11431    -0.976102
11432    -0.514379
11433     2.292450
11434    -0.266211
11435    -0.450231
11436    -0.361961
11437     0.178359
11438     2.225407
11439    -0.099692
11440    -0.331044
11441     0.101326
11442     0.198974
11443    -0.074183
11444     1.793768
11445    -0.142257
11446     0.201793
11447    -0.362259
11448    -1.675928
11449    -0.487454
11450     0.891363
11451    -1.968070
11452     0.042327
11453    -0.285541
11454    -0.984015
11455    -0.041992
11456    -0.397675
11457    -0.180814
11458    -0.077176
11459     0.080250
11460    -0.860288
11461    -0.663803
11462    -0.842724
11463     0.795145
11464    -0.137424
11465    -0.090500
11466    -0.389326
11467    -0.532643
11468    -0.454103
11469    -1.903972
11470     0.679180
11471    -0.801883
11472     0.460143
11473    -0.521095
11474    -0.269363
11475    -2.024637
11476    -0.109679
11477    -0.724658
11478    -0.870043
11479    -1.597375
11480     0.273712
11481     0.316849
11482    -0.188945
11483    -0.552236
11484     0.387050
11485     2.603515
11486     1.906862
11487     1.569219
11488     1.129169
11489    -0.136855
11490     1.204369
11491    -0.817245
11492    -0.305610
11493    -0.991721
11494    -0.550692
11495    -0.545111
11496     0.608994
11497     1.302187
11498     0.945777
11499     1.681996
11500    -0.441905
11501    -0.429127
11502     0.494836
11503     0.017234
11504     1.775719
11505     1.085847
11506     0.006708
11507    -0.218271
11508    -1.321487
11509     0.912223
11510     0.508406
11511     2.584317
11512    -0.382626
11513    -0.037111
11514    -1.937605
11515    -0.358469
11516    -0.277612
11517    -0.299214
11518    -0.348316
11519     0.274687
11520    -1.450760
11521    -0.583162
11522    -0.832960
11523     1.413721
11524    -1.003521
11525    -0.346666
11526    -0.871657
11527    -0.854114
11528    -0.679499
11529    -0.291121
11530    -0.558894
11531    -0.635261
11532    -1.129343
11533    -0.981915
11534    -0.228501
11535    -2.402833
11536    -0.089987
11537    -0.397876
11538    -1.764585
11539    -0.809224
11540     0.717581
11541    -1.332329
11542     0.002223
11543    -0.522722
11544     0.553427
11545     2.022072
11546     1.363426
11547     1.259332
11548    -0.366496
11549    -0.292126
11550    -0.162333
11551    -1.138378
11552    -0.568773
11553     0.291402
11554    -0.152164
11555    -0.481235
11556     0.806390
11557     3.019613
11558     1.667121
11559     0.817982
11560    -0.115025
11561    -0.418663
11562     1.175136
11563     0.824241
11564     1.492982
11565     1.085425
11566    -0.677168
11567    -0.440715
11568    -0.826214
11569     2.336815
11570     1.169033
11571     1.648921
11572    -0.173987
11573    -0.136397
11574    -0.305689
11575    -0.243203
11576    -0.384359
11577     0.351547
11578    -0.457728
11579    -0.044388
11580    -0.317180
11581    -0.307605
11582    -0.267606
11583     0.968853
11584    -0.642902
11585    -0.935091
11586    -0.454830
11587    -1.075895
11588     0.284624
11589     0.156546
11590    -1.098989
11591    -2.074136
11592    -0.321149
11593    -0.444593
11594    -1.103058
11595    -1.629845
11596    -0.013445
11597    -1.041793
11598    -1.085692
11599    -1.729458
11600    -1.004808
11601    -0.171847
11602     0.432877
11603    -0.175922
11604     0.149321
11605     2.542041
11606     1.246923
11607    -0.246123
11608    -0.607904
11609    -1.143605
11610     0.245984
11611    -2.026433
11612    -0.674886
11613     1.076117
11614     0.358569
11615    -0.041573
11616     0.282697
11617     2.188208
11618     2.134903
11619     0.372394
11620     0.180288
11621     0.543819
11622     0.584100
11623     1.101925
11624     1.640221
11625     0.292666
11626    -0.104340
11627    -0.373153
11628    -0.650608
11629     2.671669
11630     1.547674
11631    -0.039249
11632    -0.793618
11633     0.933189
11634     0.222955
11635     0.132016
11636    -0.064625
11637     0.112332
11638    -0.762410
11639     0.568902
11640     0.135378
11641    -0.426127
11642    -0.148671
11643     0.723161
11644    -0.558398
11645    -0.604743
11646    -0.456143
11647    -1.204356
11648     0.816600
11649    -0.661527
11650    -0.847406
11651    -1.545227
11652    -0.267031
11653    -0.327720
11654    -1.245676
11655    -1.078127
11656    -0.068145
11657    -1.037240
11658    -0.860761
11659    -2.136355
11660    -1.418819
11661    -0.577265
11662     0.445795
11663    -0.352249
11664     0.466022
11665     3.094738
11666     1.005413
11667     0.798426
11668    -0.803120
11669    -1.161702
11670     0.085502
11671    -1.779992
11672     0.387601
11673    -0.177177
11674     0.353709
11675    -0.299673
11676     0.597520
11677     1.788163
11678     0.550490
11679     0.856474
11680     0.080053
11681     0.232822
11682     0.667744
11683     0.931728
11684     1.136834
11685     0.548758
11686     0.330716
11687     0.242683
11688    -0.429545
11689     3.245734
11690     1.448985
11691     0.834873
11692    -1.193940
11693     1.051785
11694    -0.547896
11695     0.103598
11696     0.015154
11697     0.120065
11698    -1.028676
11699     0.925634
11700    -0.643073
11701    -0.048076
11702    -0.553120
11703     0.647571
11704    -0.877053
11705    -0.430678
11706     0.142432
11707    -0.897835
11708     0.326358
11709    -0.236631
11710    -1.452768
11711    -0.248276
11712    -0.850170
11713    -0.856604
11714    -0.294612
11715    -1.518946
11716    -0.322143
11717    -0.831337
11718    -0.573371
11719    -1.355025
11720    -0.491127
11721    -2.388294
11722     0.228696
11723    -0.289965
11724     0.434354
11725     2.325661
11726     0.935749
11727     1.234071
11728    -1.174889
11729    -0.119961
11730    -0.871677
11731    -2.341475
11732     1.238660
11733    -0.255103
11734     0.496148
11735    -0.595710
11736     0.559687
11737     2.818228
11738    -0.452378
11739     0.613962
11740     0.417887
11741    -0.297651
11742     0.849712
11743     1.449791
11744     0.292231
11745     0.721518
11746    -0.195911
11747     0.507209
11748    -0.210297
11749     2.866853
11750     0.871220
11751     1.941650
11752    -0.608316
11753     0.369869
11754    -0.212522
11755     0.267945
11756    -0.333530
11757     0.227358
11758    -0.741115
11759     0.397049
11760    -0.255304
11761     0.346761
11762    -0.030441
11763     0.857597
11764    -0.648007
11765    -0.382331
11766     0.247783
11767    -0.637086
11768     0.289679
11769     0.165036
11770    -1.650500
11771    -0.793977
11772    -1.423463
11773    -1.144664
11774    -0.795988
11775    -1.865641
11776    -0.256861
11777    -0.807704
11778    -0.614303
11779    -1.835143
11780    -0.852537
11781    -1.347266
11782     0.246812
11783    -0.280325
11784     0.288425
11785     1.908629
11786     0.649167
11787     0.508043
11788    -1.460324
11789    -0.678162
11790    -1.120170
11791    -2.681760
11792     0.270540
11793    -0.647048
11794     0.434269
11795    -0.457829
11796     0.659942
11797     2.950764
11798     0.685736
11799     0.689139
11800     0.776533
11801     0.018731
11802     0.419930
11803     1.621874
11804     0.781740
11805     0.790943
11806    -0.439855
11807     0.228907
11808     0.171976
11809     2.691910
11810     0.951330
11811     1.220078
11812    -0.182566
11813     0.882390
11814     0.555261
11815     0.371487
11816    -0.239043
11817     0.142823
11818    -0.412272
11819     0.560118
11820     0.300917
11821     0.057109
11822     0.078925
11823     0.797608
11824    -0.755487
11825     0.017620
11826     0.164150
11827    -0.765836
11828     0.506938
11829     0.129621
11830    -1.058358
11831    -1.516324
11832    -0.928238
11833    -0.371981
11834    -1.344664
11835    -1.379965
11836     0.012520
11837    -0.576642
11838    -0.494195
11839    -2.928251
11840    -0.934051
11841    -1.205918
11842     0.352331
11843    -0.093088
11844     0.236826
11845     2.405088
11846    -0.638308
11847     0.529482
11848    -1.478469
11849    -1.071149
11850    -0.701587
11851    -2.286452
11852    -0.003887
11853    -0.344746
11854     0.919715
11855    -0.092449
11856     0.402346
11857     2.314371
11858     0.976057
11859     0.489345
11860     1.161890
11861     0.149052
11862     0.301739
11863     1.156061
11864     0.939066
11865     0.620549
11866    -0.171529
11867     0.441867
11868     0.075839
11869     2.576653
11870     0.909416
11871     0.994565
11872    -0.844663
11873     1.407954
11874     0.154514
11875     0.651085
11876    -0.134676
11877     0.113067
11878    -0.945798
11879     0.978344
11880     0.044997
11881    -0.119039
11882    -0.446485
11883     0.311388
11884    -0.046623
11885    -0.448226
11886     1.048821
11887    -0.725146
11888    -0.303287
11889    -0.179248
11890    -1.147003
11891    -1.148402
11892    -0.957631
11893    -0.483084
11894    -1.078306
11895    -1.091688
11896    -0.319672
11897     0.150555
11898    -1.030706
11899    -2.695414
11900    -1.095473
11901    -1.912191
11902     0.422763
11903     0.612802
11904     0.734791
11905     2.308235
11906     1.009682
11907     0.616379
11908    -1.473263
11909    -0.996812
11910    -0.852842
11911    -1.481984
11912    -0.570304
11913     0.427797
11914     0.983799
11915     0.506907
11916     1.014825
11917     1.954504
11918     0.298542
11919     0.632531
11920     1.016595
11921    -0.428535
11922     0.480279
11923     1.389253
11924    -0.249047
11925     0.849549
11926    -0.106056
11927     0.477766
11928     0.535763
11929     2.216959
11930     2.035918
11931     0.853884
11932    -0.994582
11933     1.002550
11934    -1.002107
11935     0.417843
11936    -0.140497
11937     0.280142
11938    -1.118084
11939     0.810648
11940    -0.759734

